-- --------------------------------------------------------
-- Host:                         127.0.0.1
-- Server version:               8.0.40-0ubuntu0.22.04.1 - (Ubuntu)
-- Server OS:                    Linux
-- HeidiSQL Version:             12.8.0.6908
-- --------------------------------------------------------

/*!40101 SET @OLD_CHARACTER_SET_CLIENT=@@CHARACTER_SET_CLIENT */;
/*!40101 SET NAMES utf8 */;
/*!50503 SET NAMES utf8mb4 */;
/*!40103 SET @OLD_TIME_ZONE=@@TIME_ZONE */;
/*!40103 SET TIME_ZONE='+00:00' */;
/*!40014 SET @OLD_FOREIGN_KEY_CHECKS=@@FOREIGN_KEY_CHECKS, FOREIGN_KEY_CHECKS=0 */;
/*!40101 SET @OLD_SQL_MODE=@@SQL_MODE, SQL_MODE='NO_AUTO_VALUE_ON_ZERO' */;
/*!40111 SET @OLD_SQL_NOTES=@@SQL_NOTES, SQL_NOTES=0 */;


-- Dumping database structure for bdusupport
CREATE DATABASE IF NOT EXISTS `bdusupport` /*!40100 DEFAULT CHARACTER SET utf8mb4 COLLATE utf8mb4_0900_ai_ci */ /*!80016 DEFAULT ENCRYPTION='N' */;
USE `bdusupport`;

-- Dumping structure for table bdusupport.academic_level
CREATE TABLE IF NOT EXISTS `academic_level` (
  `id` int NOT NULL AUTO_INCREMENT,
  `name` varchar(255) NOT NULL,
  `need_evaluation_method` tinyint(1) NOT NULL,
  `created_at` datetime(6) NOT NULL,
  `updated_at` datetime(6) NOT NULL,
  `deleted_at` datetime(6) DEFAULT NULL,
  PRIMARY KEY (`id`)
) ENGINE=InnoDB AUTO_INCREMENT=15 DEFAULT CHARSET=utf8mb4 COLLATE=utf8mb4_0900_ai_ci;

-- Dumping data for table bdusupport.academic_level: ~0 rows (approximately)
INSERT INTO `academic_level` (`id`, `name`, `need_evaluation_method`, `created_at`, `updated_at`, `deleted_at`) VALUES
	(2, 'Thạc sĩ', 0, '2024-09-16 08:13:55.437726', '2024-11-10 03:17:17.611805', NULL),
	(3, 'Tiến sĩ', 0, '2024-09-16 08:13:55.437726', '2024-11-10 03:23:06.191975', NULL),
	(4, 'Liên thông từ TCCN lên Đại học', 0, '2024-10-31 03:14:03.137369', '2024-10-31 03:14:03.137402', NULL),
	(5, 'Liên thông từ Cao đẳng lên Đại học', 0, '2024-10-31 03:14:10.917855', '2024-10-31 03:14:10.917885', NULL),
	(6, 'Vừa làm vừa học', 1, '2024-10-31 03:14:21.834232', '2024-11-10 03:23:15.930756', NULL),
	(7, 'Văn bằng 2', 0, '2024-10-31 03:14:29.058684', '2024-10-31 03:14:29.058714', NULL),
	(14, 'Đại học', 1, '2024-11-04 08:40:51.706678', '2024-11-04 08:40:51.706707', NULL);

-- Dumping structure for table bdusupport.account
CREATE TABLE IF NOT EXISTS `account` (
  `password` varchar(128) NOT NULL,
  `last_login` datetime(6) DEFAULT NULL,
  `id` int NOT NULL AUTO_INCREMENT,
  `email` varchar(254) NOT NULL,
  `phone` varchar(15) NOT NULL,
  `status` varchar(20) NOT NULL,
  `role` varchar(20) NOT NULL,
  `created_at` datetime(6) NOT NULL,
  `updated_at` datetime(6) NOT NULL,
  PRIMARY KEY (`id`),
  UNIQUE KEY `email` (`email`)
) ENGINE=InnoDB AUTO_INCREMENT=3 DEFAULT CHARSET=utf8mb4 COLLATE=utf8mb4_0900_ai_ci;

-- Dumping data for table bdusupport.account: ~0 rows (approximately)
INSERT INTO `account` (`password`, `last_login`, `id`, `email`, `phone`, `status`, `role`, `created_at`, `updated_at`) VALUES
	('pbkdf2_sha256$870000$vS2k4AcDKXFECzzNRPA4uZ$kixb2Uflb5xiukhS7S9kokXqhwKbplcvBwjzI0EtVe4=', NULL, 1, 'admin@bdu.com', '012345567', 'activated', 'admin', '2024-12-05 09:35:45.000000', '2024-12-05 09:35:46.000000');

-- Dumping structure for table bdusupport.admission_registration
CREATE TABLE IF NOT EXISTS `admission_registration` (
  `id` int NOT NULL AUTO_INCREMENT,
  `review_status` varchar(20) NOT NULL,
  `created_at` datetime(6) NOT NULL,
  `recalled_at` datetime(6) DEFAULT NULL,
  `reviewed_by_id` int DEFAULT NULL,
  `college_exam_group_id` int DEFAULT NULL,
  `evaluation_method_id` varchar(50) DEFAULT NULL,
  `major_id` int NOT NULL,
  `user_id` int NOT NULL,
  `student_id` int NOT NULL,
  PRIMARY KEY (`id`),
  UNIQUE KEY `student_id` (`student_id`),
  KEY `admission_registration_major_id_846bf0ee_fk_major_id` (`major_id`),
  KEY `admission_registration_user_id_4afa7c64_fk_mini_app_user_id` (`user_id`),
  KEY `admission_registration_reviewed_by_id_a503488d_fk_account_id` (`reviewed_by_id`),
  KEY `admission_registrati_college_exam_group_i_85166091_fk_college_e` (`college_exam_group_id`),
  KEY `admission_registrati_evaluation_method_id_52e5c174_fk_evaluatio` (`evaluation_method_id`),
  CONSTRAINT `admission_registrati_college_exam_group_i_85166091_fk_college_e` FOREIGN KEY (`college_exam_group_id`) REFERENCES `college_exam_group` (`id`),
  CONSTRAINT `admission_registrati_evaluation_method_id_52e5c174_fk_evaluatio` FOREIGN KEY (`evaluation_method_id`) REFERENCES `evaluation_method` (`code`),
  CONSTRAINT `admission_registration_major_id_846bf0ee_fk_major_id` FOREIGN KEY (`major_id`) REFERENCES `major` (`id`),
  CONSTRAINT `admission_registration_reviewed_by_id_a503488d_fk_account_id` FOREIGN KEY (`reviewed_by_id`) REFERENCES `account` (`id`),
  CONSTRAINT `admission_registration_student_id_352ac4a4_fk_student_id` FOREIGN KEY (`student_id`) REFERENCES `student` (`id`),
  CONSTRAINT `admission_registration_user_id_4afa7c64_fk_mini_app_user_id` FOREIGN KEY (`user_id`) REFERENCES `mini_app_user` (`id`)
) ENGINE=InnoDB DEFAULT CHARSET=utf8mb4 COLLATE=utf8mb4_0900_ai_ci;

-- Dumping data for table bdusupport.admission_registration: ~0 rows (approximately)

-- Dumping structure for table bdusupport.admission_registration_file
CREATE TABLE IF NOT EXISTS `admission_registration_file` (
  `id` bigint NOT NULL AUTO_INCREMENT,
  `url` longtext NOT NULL,
  `admission_registration_id` int NOT NULL,
  PRIMARY KEY (`id`),
  KEY `admission_registrati_admission_registrati_4352a50a_fk_admission` (`admission_registration_id`),
  CONSTRAINT `admission_registrati_admission_registrati_4352a50a_fk_admission` FOREIGN KEY (`admission_registration_id`) REFERENCES `admission_registration` (`id`)
) ENGINE=InnoDB DEFAULT CHARSET=utf8mb4 COLLATE=utf8mb4_0900_ai_ci;

-- Dumping data for table bdusupport.admission_registration_file: ~0 rows (approximately)

-- Dumping structure for table bdusupport.business_recruiment
CREATE TABLE IF NOT EXISTS `business_recruiment` (
  `id` int NOT NULL AUTO_INCREMENT,
  `business_name` varchar(255) NOT NULL,
  `post_url` varchar(200) NOT NULL,
  `job_title` varchar(255) NOT NULL,
  `summary` longtext NOT NULL,
  `banner` varchar(200) NOT NULL,
  `created_at` datetime(6) NOT NULL,
  `updated_at` datetime(6) NOT NULL,
  `deleted_at` datetime(6) DEFAULT NULL,
  `creator_id` int NOT NULL,
  PRIMARY KEY (`id`),
  KEY `business_recruiment_creator_id_12ec0606_fk_account_id` (`creator_id`),
  CONSTRAINT `business_recruiment_creator_id_12ec0606_fk_account_id` FOREIGN KEY (`creator_id`) REFERENCES `account` (`id`)
) ENGINE=InnoDB DEFAULT CHARSET=utf8mb4 COLLATE=utf8mb4_0900_ai_ci;

-- Dumping data for table bdusupport.business_recruiment: ~0 rows (approximately)

-- Dumping structure for table bdusupport.college_exam_group
CREATE TABLE IF NOT EXISTS `college_exam_group` (
  `id` int NOT NULL AUTO_INCREMENT,
  `code` varchar(5) NOT NULL,
  `name` varchar(255) NOT NULL,
  `created_at` datetime(6) NOT NULL,
  `updated_at` datetime(6) NOT NULL,
  `deleted_at` datetime(6) DEFAULT NULL,
  PRIMARY KEY (`id`),
  UNIQUE KEY `code` (`code`)
) ENGINE=InnoDB AUTO_INCREMENT=18 DEFAULT CHARSET=utf8mb4 COLLATE=utf8mb4_0900_ai_ci;

-- Dumping data for table bdusupport.college_exam_group: ~0 rows (approximately)
INSERT INTO `college_exam_group` (`id`, `code`, `name`, `created_at`, `updated_at`, `deleted_at`) VALUES
	(1, 'A00', 'Khối A00', '2024-09-16 08:24:41.988697', '2024-09-16 08:24:41.988710', NULL),
	(2, 'B00', 'Khối B00', '2024-09-16 08:25:05.136027', '2024-09-16 08:25:05.136040', NULL),
	(3, 'C00', 'Khối C00', '2024-09-16 08:25:29.640936', '2024-09-16 08:25:29.640956', NULL),
	(4, 'D01', 'Khối D01', '2024-09-16 08:25:51.959253', '2024-09-16 08:25:51.959272', NULL),
	(5, 'A01', 'Khối A01', '2024-09-16 08:26:16.255462', '2024-09-16 08:26:16.255475', NULL),
	(6, 'A02', 'Khối A02', '2024-09-16 08:26:27.913376', '2024-09-16 08:26:27.913392', NULL),
	(7, 'A09', 'Khối A09', '2024-09-16 08:26:46.460754', '2024-09-16 08:26:46.460768', NULL),
	(8, 'D10', 'Khối D10', '2024-09-16 08:27:07.157740', '2024-09-16 08:27:07.157757', NULL),
	(9, 'C08', 'Khối C08', '2024-09-16 08:27:29.184284', '2024-09-16 08:27:29.184297', NULL),
	(10, 'B01', 'Khối B01', '2024-09-16 08:28:34.322157', '2024-09-16 08:28:34.322157', NULL),
	(11, 'K01', 'Khối K01', '2024-09-16 08:30:16.001470', '2024-09-16 08:30:16.001484', NULL),
	(13, 'V01', 'Khối V01', '2024-09-16 08:31:22.380212', '2024-09-16 08:31:22.380249', NULL),
	(14, 'V00', 'Khối V00', '2024-09-16 08:32:12.422623', '2024-09-16 08:32:12.422639', NULL),
	(15, 'D07', 'Khối D07', '2024-11-08 08:00:52.479582', '2024-11-08 08:00:52.479611', NULL),
	(16, 'D66', 'Khối D66', '2024-11-08 08:05:26.978033', '2024-11-08 08:05:26.978064', NULL),
	(17, 'D15', 'Khối D15', '2024-11-08 08:08:12.388313', '2024-11-08 08:08:12.388343', NULL);

-- Dumping structure for table bdusupport.college_m2m_subject
CREATE TABLE IF NOT EXISTS `college_m2m_subject` (
  `id` int NOT NULL AUTO_INCREMENT,
  `created_at` datetime(6) NOT NULL,
  `updated_at` datetime(6) NOT NULL,
  `deleted_at` datetime(6) DEFAULT NULL,
  `college_group_id` int NOT NULL,
  `subject_id` int NOT NULL,
  PRIMARY KEY (`id`),
  KEY `college_m2m_subject_college_group_id_32705ae1_fk_college_e` (`college_group_id`),
  KEY `college_m2m_subject_subject_id_6c8551c9_fk_subject_id` (`subject_id`),
  CONSTRAINT `college_m2m_subject_college_group_id_32705ae1_fk_college_e` FOREIGN KEY (`college_group_id`) REFERENCES `college_exam_group` (`id`),
  CONSTRAINT `college_m2m_subject_subject_id_6c8551c9_fk_subject_id` FOREIGN KEY (`subject_id`) REFERENCES `subject` (`id`)
) ENGINE=InnoDB AUTO_INCREMENT=81 DEFAULT CHARSET=utf8mb4 COLLATE=utf8mb4_0900_ai_ci;

-- Dumping data for table bdusupport.college_m2m_subject: ~0 rows (approximately)
INSERT INTO `college_m2m_subject` (`id`, `created_at`, `updated_at`, `deleted_at`, `college_group_id`, `subject_id`) VALUES
	(33, '2024-09-16 08:24:41.988697', '2024-09-16 08:24:41.988710', NULL, 1, 1),
	(34, '2024-09-16 08:24:41.988697', '2024-09-16 08:24:41.988710', NULL, 1, 2),
	(35, '2024-09-16 08:24:41.988697', '2024-09-16 08:24:41.988710', NULL, 1, 3),
	(36, '2024-09-16 08:25:05.136027', '2024-09-16 08:25:05.136040', NULL, 2, 1),
	(37, '2024-09-16 08:25:05.136027', '2024-09-16 08:25:05.136040', NULL, 2, 3),
	(38, '2024-09-16 08:25:05.136027', '2024-09-16 08:25:05.136040', NULL, 2, 4),
	(39, '2024-09-16 08:25:29.640936', '2024-09-16 08:25:29.640956', NULL, 3, 9),
	(40, '2024-09-16 08:25:29.640936', '2024-09-16 08:25:29.640956', NULL, 3, 5),
	(41, '2024-09-16 08:25:29.640936', '2024-09-16 08:25:29.640956', NULL, 3, 6),
	(42, '2024-09-16 08:25:51.959253', '2024-09-16 08:25:51.959272', NULL, 4, 8),
	(43, '2024-09-16 08:25:51.959253', '2024-09-16 08:25:51.959272', NULL, 4, 9),
	(44, '2024-09-16 08:25:51.959253', '2024-09-16 08:25:51.959272', NULL, 4, 1),
	(45, '2024-09-16 08:26:16.255462', '2024-09-16 08:26:16.255475', NULL, 5, 8),
	(46, '2024-09-16 08:26:16.255462', '2024-09-16 08:26:16.255475', NULL, 5, 1),
	(47, '2024-09-16 08:26:16.255462', '2024-09-16 08:26:16.255475', NULL, 5, 2),
	(48, '2024-09-16 08:26:27.913376', '2024-09-16 08:26:27.913392', NULL, 6, 1),
	(49, '2024-09-16 08:26:27.913376', '2024-09-16 08:26:27.913392', NULL, 6, 2),
	(50, '2024-09-16 08:26:27.913376', '2024-09-16 08:26:27.913392', NULL, 6, 4),
	(51, '2024-09-16 08:26:46.460754', '2024-09-16 08:26:46.460768', NULL, 7, 1),
	(52, '2024-09-16 08:26:46.460754', '2024-09-16 08:26:46.460768', NULL, 7, 6),
	(53, '2024-09-16 08:26:46.460754', '2024-09-16 08:26:46.460768', NULL, 7, 7),
	(54, '2024-09-16 08:27:07.157740', '2024-09-16 08:27:07.157757', NULL, 8, 8),
	(55, '2024-09-16 08:27:07.157740', '2024-09-16 08:27:07.157757', NULL, 8, 1),
	(56, '2024-09-16 08:27:07.157740', '2024-09-16 08:27:07.157757', NULL, 8, 6),
	(57, '2024-09-16 08:27:29.184284', '2024-09-16 08:27:29.184297', NULL, 9, 9),
	(58, '2024-09-16 08:27:29.184284', '2024-09-16 08:27:29.184297', NULL, 9, 3),
	(59, '2024-09-16 08:27:29.184284', '2024-09-16 08:27:29.184297', NULL, 9, 4),
	(60, '2024-09-16 08:28:34.322157', '2024-09-16 08:28:34.322157', NULL, 10, 8),
	(61, '2024-09-16 08:28:34.322157', '2024-09-16 08:28:34.322157', NULL, 10, 1),
	(62, '2024-09-16 08:28:34.322157', '2024-09-16 08:28:34.322157', NULL, 10, 3),
	(63, '2024-09-16 08:30:16.001470', '2024-09-16 08:30:16.001484', NULL, 11, 8),
	(64, '2024-09-16 08:30:16.001470', '2024-09-16 08:30:16.001484', NULL, 11, 1),
	(65, '2024-09-16 08:30:16.001470', '2024-09-16 08:30:16.001484', NULL, 11, 10),
	(66, '2024-09-16 08:31:22.380212', '2024-09-16 08:31:22.380249', NULL, 13, 1),
	(67, '2024-09-16 08:31:22.380212', '2024-09-16 08:31:22.380249', NULL, 13, 11),
	(68, '2024-09-16 08:31:22.380212', '2024-09-16 08:31:22.380249', NULL, 13, 9),
	(69, '2024-09-16 08:32:12.422623', '2024-09-16 08:32:12.422639', NULL, 14, 1),
	(70, '2024-09-16 08:32:12.422623', '2024-09-16 08:32:12.422639', NULL, 14, 2),
	(71, '2024-09-16 08:32:12.422623', '2024-09-16 08:32:12.422639', NULL, 14, 11),
	(72, '2024-11-08 08:00:52.479582', '2024-11-08 08:00:52.479611', NULL, 15, 8),
	(73, '2024-11-08 08:00:52.479582', '2024-11-08 08:00:52.479611', NULL, 15, 1),
	(74, '2024-11-08 08:00:52.479582', '2024-11-08 08:00:52.479611', NULL, 15, 3),
	(75, '2024-11-08 08:05:26.978033', '2024-11-08 08:05:26.978064', NULL, 16, 8),
	(76, '2024-11-08 08:05:26.978033', '2024-11-08 08:05:26.978064', NULL, 16, 9),
	(77, '2024-11-08 08:05:26.978033', '2024-11-08 08:05:26.978064', NULL, 16, 7),
	(78, '2024-11-08 08:08:12.388313', '2024-11-08 08:08:12.388343', NULL, 17, 8),
	(79, '2024-11-08 08:08:12.388313', '2024-11-08 08:08:12.388343', NULL, 17, 9),
	(80, '2024-11-08 08:08:12.388313', '2024-11-08 08:08:12.388343', NULL, 17, 6);

-- Dumping structure for table bdusupport.competency_assessment_exam_score
CREATE TABLE IF NOT EXISTS `competency_assessment_exam_score` (
  `id` int NOT NULL AUTO_INCREMENT,
  `score` int NOT NULL,
  `admission_registration_id` int NOT NULL,
  PRIMARY KEY (`id`),
  KEY `competency_assessmen_admission_registrati_3a07507a_fk_admission` (`admission_registration_id`),
  CONSTRAINT `competency_assessmen_admission_registrati_3a07507a_fk_admission` FOREIGN KEY (`admission_registration_id`) REFERENCES `admission_registration` (`id`)
) ENGINE=InnoDB DEFAULT CHARSET=utf8mb4 COLLATE=utf8mb4_0900_ai_ci;

-- Dumping data for table bdusupport.competency_assessment_exam_score: ~0 rows (approximately)

-- Dumping structure for table bdusupport.evaluation_method
CREATE TABLE IF NOT EXISTS `evaluation_method` (
  `code` varchar(50) NOT NULL,
  `name` varchar(255) NOT NULL,
  `created_at` datetime(6) NOT NULL,
  `updated_at` datetime(6) NOT NULL,
  `deleted_at` datetime(6) DEFAULT NULL,
  PRIMARY KEY (`code`)
) ENGINE=InnoDB DEFAULT CHARSET=utf8mb4 COLLATE=utf8mb4_0900_ai_ci;

-- Dumping data for table bdusupport.evaluation_method: ~0 rows (approximately)
INSERT INTO `evaluation_method` (`code`, `name`, `created_at`, `updated_at`, `deleted_at`) VALUES
	('5_semesters_of_high_school', 'Xét tuyển dựa vào điểm trung bình cao nhất các môn học của học kỳ 1,2 lớp 10, kỳ 1,2 lớp 11, kỳ 1 lớp 12', '2024-01-01 00:00:00.000000', '2024-01-01 00:00:00.000000', NULL),
	('competency_assessment_exam', 'Xét tuyển dựa vào kết quả thi đánh giá năng lực', '2024-01-01 00:00:00.000000', '2024-01-01 00:00:00.000000', NULL),
	('grade_12', 'Xét tuyển dựa vào kết quả học tập năm lớp 12', '2024-01-01 00:00:00.000000', '2024-01-01 00:00:00.000000', NULL),
	('grades_10_11_12', 'Xét tuyển dựa vào kết quả học tập 3 năm lớp 10,11,12', '2024-01-01 00:00:00.000000', '2024-01-01 00:00:00.000000', NULL),
	('high_school_graduation_exam', 'Xét tuyển dựa vào kết quả kỳ thi tốt nghiệp THPT', '2024-01-01 00:00:00.000000', '2024-01-01 00:00:00.000000', NULL);

-- Dumping structure for table bdusupport.feedback
CREATE TABLE IF NOT EXISTS `feedback` (
  `id` int NOT NULL AUTO_INCREMENT,
  `title` varchar(255) NOT NULL,
  `content` longtext NOT NULL,
  `feedbacker_role` varchar(50) NOT NULL,
  `phone_number` varchar(20) NOT NULL,
  `created_at` datetime(6) NOT NULL,
  `creator_id` int NOT NULL,
  PRIMARY KEY (`id`),
  KEY `feedback_creator_id_2a4d6fc6_fk_mini_app_user_id` (`creator_id`),
  CONSTRAINT `feedback_creator_id_2a4d6fc6_fk_mini_app_user_id` FOREIGN KEY (`creator_id`) REFERENCES `mini_app_user` (`id`)
) ENGINE=InnoDB DEFAULT CHARSET=utf8mb4 COLLATE=utf8mb4_0900_ai_ci;

-- Dumping data for table bdusupport.feedback: ~0 rows (approximately)

-- Dumping structure for table bdusupport.major
CREATE TABLE IF NOT EXISTS `major` (
  `id` int NOT NULL AUTO_INCREMENT,
  `code` varchar(10) NOT NULL,
  `name` varchar(255) NOT NULL,
  `expected_target` int NOT NULL,
  `description` varchar(255) NOT NULL,
  `year` int NOT NULL,
  `benchmark_30` double NOT NULL,
  `benchmark_school_record` double NOT NULL,
  `benchmark_competency_assessment_exam` int NOT NULL,
  `tuition_fee` int NOT NULL,
  `number_of_credits` int NOT NULL,
  `created_at` datetime(6) NOT NULL,
  `updated_at` datetime(6) NOT NULL,
  `deleted_at` datetime(6) DEFAULT NULL,
  `academic_level_id` int NOT NULL,
  `training_location_id` int NOT NULL,
  PRIMARY KEY (`id`),
  KEY `major_training_location_id_ee0b57da_fk_training_location_id` (`training_location_id`),
  KEY `major_academic_level_id_525eb76f_fk_academic_level_id` (`academic_level_id`),
  KEY `major_code_f800a4ee` (`code`),
  KEY `major_year_199d6a81` (`year`),
  CONSTRAINT `major_academic_level_id_525eb76f_fk_academic_level_id` FOREIGN KEY (`academic_level_id`) REFERENCES `academic_level` (`id`),
  CONSTRAINT `major_training_location_id_ee0b57da_fk_training_location_id` FOREIGN KEY (`training_location_id`) REFERENCES `training_location` (`id`)
) ENGINE=InnoDB AUTO_INCREMENT=91 DEFAULT CHARSET=utf8mb4 COLLATE=utf8mb4_0900_ai_ci;

-- Dumping data for table bdusupport.major: ~0 rows (approximately)
INSERT INTO `major` (`id`, `code`, `name`, `expected_target`, `description`, `year`, `benchmark_30`, `benchmark_school_record`, `benchmark_competency_assessment_exam`, `tuition_fee`, `number_of_credits`, `created_at`, `updated_at`, `deleted_at`, `academic_level_id`, `training_location_id`) VALUES
	(1, '7340301', 'Kế toán', 200, '', 2024, 15, 15, 500, 10153000, 120, '2024-09-16 13:29:07.593301', '2024-11-08 06:34:45.143937', NULL, 14, 3),
	(2, '7340201', 'Tài chính - Ngân hàng', 160, '', 2024, 15, 15, 500, 10153000, 120, '2024-09-16 13:29:25.257950', '2024-11-08 06:43:54.210636', NULL, 14, 3),
	(3, '7380107', 'Luật kinh tế', 190, '', 2024, 15, 15, 500, 10414000, 120, '2024-09-16 13:30:27.849904', '2024-11-08 06:43:47.320420', NULL, 14, 3),
	(4, '7340101', 'Quản trị kinh doanh', 480, 'Quản trị doanh nghiệp /n Quản trị Logistics /n Digital Marketing', 2024, 15, 15, 500, 10153000, 120, '2024-09-16 13:30:40.245238', '2024-11-08 06:41:52.810521', NULL, 14, 3),
	(5, '7540101', 'Công nghệ thực phẩm', 60, '', 2024, 15, 15, 500, 10531000, 120, '2024-09-16 13:30:47.817768', '2024-11-08 08:13:24.370162', NULL, 14, 3),
	(6, '7510605', 'Logistics và Quản lý chuỗi cung ứng', 214, '', 2024, 15, 15, 500, 13031000, 120, '2024-09-16 13:30:56.714206', '2024-11-08 06:43:00.952289', NULL, 14, 3),
	(7, '7480201', 'Công nghệ thông tin', 201, 'Robot và Trí tuệ nhân tạo /n Kỹ thuật phần mềm /n Hệ thống thông tin /n Mạng máy tính & An toàn thông tin /n Khoa học dữ liệu /n Thiết kế đồ họa', 2024, 15, 15, 500, 13134000, 120, '2024-09-16 13:31:05.644477', '2024-11-08 06:42:52.871690', NULL, 14, 3),
	(8, '7510301', 'Công nghệ kỹ thuật điện, điện tử', 60, 'Điện công nghiệp /n Kỹ thuật điều khiển và tự động hóa /n Kỹ thuật Robot /n Hệ thống nhúng và IoT /n Cơ điện tử', 2024, 15, 15, 500, 12387000, 150, '2024-09-16 13:31:15.169782', '2024-11-08 06:45:57.668757', NULL, 14, 3),
	(9, '7510102', 'Công nghệ kỹ thuật công trình xây dựng', 60, '', 2024, 15, 15, 500, 11958000, 150, '2024-09-16 13:32:59.597883', '2024-11-08 06:43:12.220233', NULL, 14, 3),
	(10, '7580101', 'Kiến trúc', 50, '', 2024, 15, 15, 500, 10849000, 150, '2024-09-16 13:33:34.740950', '2024-11-08 06:43:16.644833', NULL, 14, 3),
	(11, '7510205', 'Công nghệ kỹ thuật ô tô', 165, '', 2024, 15, 15, 500, 12568000, 150, '2024-09-16 13:33:54.321294', '2024-11-08 06:45:11.318762', NULL, 14, 3),
	(12, '7720201', 'Dược học', 130, '', 2024, 21, 15, 500, 13121000, 150, '2024-09-16 13:34:02.999135', '2024-11-08 08:10:07.006728', NULL, 14, 3),
	(13, '7720203', 'Hóa dược (dự kiến)', 60, 'Phân tích và kiểm nghiệm /n Bào chế và phát triển thuốc', 2024, 15, 15, 500, 11254000, 120, '2024-09-16 13:34:12.096864', '2024-11-08 08:10:28.735604', NULL, 14, 3),
	(14, '7310614', 'Hàn Quốc học', 55, '', 2024, 15, 14, 500, 12128000, 120, '2024-09-16 13:34:19.376127', '2024-11-08 08:11:54.838713', NULL, 14, 3),
	(15, '7310613', 'Nhật Bản học', 62, '', 2024, 15, 15, 500, 12128000, 120, '2024-09-16 13:34:26.217569', '2024-11-08 08:12:02.065976', NULL, 14, 3),
	(16, '7220201', 'Ngôn ngữ Anh', 160, 'Giảng dạy /n Thương mại - Văn phòng', 2024, 15, 15, 500, 9642000, 120, '2024-09-16 13:34:31.707972', '2024-11-08 08:14:25.428473', NULL, 14, 3),
	(17, '7310301', 'Xã hội học', 60, 'Truyền thông đa phương tiện /n Quan hệ công chúng', 2024, 15, 15, 500, 9555000, 120, '2024-09-16 13:34:39.228912', '2024-11-08 06:46:48.194312', NULL, 14, 3),
	(22, '8220201', 'Ngôn ngữ Anh', 19, '', 2024, 0, 0, 0, 68000000, 150, '2024-11-05 01:32:32.154865', '2024-11-08 06:50:31.727161', NULL, 2, 3),
	(23, '8340101', 'Quản trị kinh doanh', 16, '', 2024, 0, 0, 0, 68000000, 150, '2024-11-05 01:33:30.222549', '2024-11-08 06:50:27.926939', NULL, 2, 3),
	(24, '8310110', 'Quản lý kinh tế', 57, '', 2024, 0, 0, 0, 68000000, 149, '2024-11-05 01:34:43.131885', '2024-11-08 06:50:24.151996', NULL, 2, 3),
	(25, '9340101', 'Quản trị kinh doanh', 6, '', 2024, 0, 0, 0, 86000000, 0, '2024-11-05 01:37:30.733928', '2024-11-08 06:50:18.916875', NULL, 3, 3),
	(26, '8220201', 'Tài chính ngân hàng', 17, '', 2024, 0, 0, 0, 72000000, 0, '2024-11-05 06:02:53.902102', '2024-11-08 06:50:09.014181', NULL, 2, 4),
	(27, '8220201', 'Ngôn ngữ Anh', 19, '', 2023, 0, 0, 0, 72000000, 0, '2024-11-05 06:07:48.953989', '2024-11-08 06:50:05.165493', NULL, 2, 4),
	(28, '8340101', 'Quản trị kinh doanh', 16, '', 2024, 0, 0, 0, 72000000, 0, '2024-11-05 06:08:18.218610', '2024-11-08 06:50:01.097529', NULL, 2, 4),
	(29, '8310110', 'Quản lý kinh tế', 57, '', 2024, 0, 0, 0, 72000000, 0, '2024-11-05 06:11:48.658288', '2024-11-08 06:49:51.065110', NULL, 2, 4),
	(30, '7340301', 'Kế toán', 200, '', 2024, 15, 15, 500, 10153000, 120, '2024-11-05 06:35:32.875644', '2024-11-08 08:14:54.678492', NULL, 14, 4),
	(31, '7340201', 'Tài chính - Ngân hàng', 160, '', 2024, 15, 15, 500, 10153000, 120, '2024-11-05 06:37:31.972976', '2024-11-08 06:49:42.574137', NULL, 14, 4),
	(32, '7380107', 'Luật kinh tế', 190, '', 2024, 15, 15, 500, 10414000, 120, '2024-11-05 06:38:30.024271', '2024-11-08 06:49:36.966855', NULL, 14, 4),
	(33, '7340101', 'Quản trị kinh doanh', 480, 'Quản trị doanh nghiệp /n Quản trị Logistics /n Digital Marketing', 2024, 15, 15, 500, 10153000, 120, '2024-11-05 06:41:12.788826', '2024-11-08 06:49:30.179304', NULL, 14, 4),
	(34, '7540101', 'Công nghệ thực phẩm', 60, '', 2024, 15, 15, 500, 10531000, 120, '2024-11-05 06:52:45.379521', '2024-11-08 08:17:28.144197', NULL, 14, 4),
	(35, '7510605', 'Logistics và Quản lý chuỗi cung ứng', 214, '', 2024, 15, 15, 500, 13031000, 120, '2024-11-05 06:54:31.276098', '2024-11-08 06:50:47.640879', NULL, 14, 4),
	(36, '7480201', 'Công nghệ thông tin', 201, 'Robot và Trí tuệ nhân tạo /n Kỹ thuật phần mềm /n Hệ thống thông tin /n Mạng máy tính & An toàn thông tin /n Khoa học dữ liệu /n Thiết kế đồ họa', 2024, 15, 15, 500, 13134000, 120, '2024-11-05 06:59:10.977048', '2024-11-08 06:50:56.927844', NULL, 14, 4),
	(37, '7510301', 'Công nghệ kỹ thuật điện, điện tử', 60, 'Điện công nghiệp /n Kỹ thuật điều khiển và tự động hóa /n Kỹ thuật Robot /n Hệ thống nhúng và IoT /n Cơ điện tử', 2024, 15, 15, 500, 12387000, 150, '2024-11-05 07:02:19.668673', '2024-11-08 06:51:05.622672', NULL, 14, 4),
	(38, '7510102', 'Công nghệ kỹ thuật công trình xây dựng', 60, '', 2024, 15, 15, 500, 11958000, 150, '2024-11-05 07:03:08.347648', '2024-11-08 06:52:35.318841', NULL, 14, 4),
	(39, '7580101', 'Kiến trúc', 50, '', 2024, 15, 15, 500, 10849000, 150, '2024-11-05 07:04:02.426501', '2024-11-08 06:51:10.554402', NULL, 14, 4),
	(40, '7510205', 'Công nghệ kỹ thuật ô tô', 165, '', 2024, 15, 15, 500, 12568000, 150, '2024-11-05 07:04:45.709052', '2024-11-08 06:52:20.990632', NULL, 14, 4),
	(41, '7720201', 'Dược học', 130, '', 2024, 20, 20, 500, 11254000, 150, '2024-11-05 07:05:36.904903', '2024-11-08 08:26:34.217732', NULL, 14, 4),
	(42, '7720203', 'Hóa dược (dự kiến)', 60, 'Phân tích và kiểm nghiệm /n Bào chế và phát triển thuốc', 2024, 15, 15, 500, 11254000, 120, '2024-11-05 07:06:23.531015', '2024-11-08 08:26:47.107051', NULL, 14, 4),
	(43, '7310614', 'Hàn Quốc học', 55, '', 2024, 15, 15, 500, 12128000, 120, '2024-11-05 07:07:15.007785', '2024-11-08 08:26:55.485204', NULL, 14, 4),
	(44, '7310613', 'Nhật Bản học', 62, '', 2024, 15, 15, 500, 12387000, 120, '2024-11-05 07:08:09.160731', '2024-11-08 08:27:00.442945', NULL, 14, 4),
	(45, '7220201', 'Ngôn ngữ Anh', 160, 'Giảng dạy /n Thương mại - Văn phòng', 2024, 15, 15, 500, 9642000, 120, '2024-11-05 07:08:54.019564', '2024-11-08 08:27:16.515389', NULL, 14, 4),
	(46, '7310301', 'Xã hội học', 60, 'Truyền thông đa phương tiện /n Quan hệ công chúng', 2024, 15, 15, 500, 9555000, 120, '2024-11-05 07:10:00.264078', '2024-11-08 06:53:23.138871', NULL, 14, 4),
	(47, '7380101', 'Luật', 190, '', 2024, 15, 15, 500, 10414000, 120, '2024-11-07 06:33:59.748465', '2024-11-08 06:53:29.399609', NULL, 14, 3),
	(48, '7380101', 'Luật', 190, '', 2024, 15, 15, 500, 10414000, 120, '2024-11-07 07:12:20.555922', '2024-11-08 06:53:34.721788', NULL, 14, 4),
	(49, '7340301', 'Kế toán', 30, '', 2024, 0, 0, 0, 0, 0, '2024-11-07 07:28:09.325415', '2024-11-08 06:57:23.143828', NULL, 4, 3),
	(50, '7340301', 'Kế toán', 30, '', 2024, 0, 0, 0, 0, 0, '2024-11-07 07:29:29.361046', '2024-11-08 06:58:22.445410', NULL, 4, 4),
	(51, '7340301', 'Kế toán', 60, '', 2024, 0, 0, 0, 0, 0, '2024-11-07 07:29:54.578923', '2024-11-08 06:58:30.710919', NULL, 5, 3),
	(52, '7340301', 'Kế toán', 60, '', 2024, 0, 0, 0, 0, 0, '2024-11-07 07:30:24.422558', '2024-11-08 06:58:15.989764', NULL, 5, 4),
	(53, '7340101', 'Quản trị kinh doanh', 45, 'Quản trị doanh nghiệp /n Quản trị Logistics /n Digital Marketing', 2024, 0, 0, 0, 0, 0, '2024-11-07 07:31:46.353018', '2024-11-08 06:58:05.437547', NULL, 5, 3),
	(54, '7340101', 'Quản trị kinh doanh', 45, 'Quản trị doanh nghiệp /n Quản trị Logistics /n Digital Marketing', 2024, 0, 0, 0, 0, 0, '2024-11-07 07:32:19.693690', '2024-11-08 06:57:51.918073', NULL, 5, 4),
	(55, '7510102', 'Công nghệ kỹ thuật công trình xây dựng', 25, '', 2024, 0, 0, 0, 0, 0, '2024-11-07 07:32:44.064290', '2024-11-08 06:59:14.561551', NULL, 4, 3),
	(56, '7510102', 'Công nghệ kỹ thuật công trình xây dựng', 25, '', 2024, 0, 0, 0, 0, 0, '2024-11-07 07:33:15.551942', '2024-11-08 06:59:09.232753', NULL, 4, 4),
	(57, '7510102', 'Công nghệ kỹ thuật công trình xây dựng', 30, '', 2024, 0, 0, 0, 0, 0, '2024-11-07 07:33:39.752107', '2024-11-08 06:59:03.664732', NULL, 5, 3),
	(58, '7510102', 'Công nghệ kỹ thuật công trình xây dựng', 30, '', 2024, 0, 0, 0, 0, 0, '2024-11-07 07:34:02.291102', '2024-11-08 06:58:59.912267', NULL, 5, 4),
	(59, '7720201', 'Dược học', 150, '', 2024, 0, 0, 0, 0, 0, '2024-11-07 07:34:32.428184', '2024-11-08 06:58:46.602964', NULL, 5, 3),
	(60, '7720201', 'Dược học', 150, 'https://tuyensinh.bdu.edu.vn/index.php/lien-thong/thong-bao-tuyen-sinh-he-dai-hoc-lien-thong-nam-2024-452.html', 2024, 0, 0, 0, 0, 0, '2024-11-07 07:34:51.182276', '2024-11-07 07:34:51.182307', NULL, 5, 4),
	(61, '7480201', 'Công nghệ thông tin', 30, 'Robot và Trí tuệ nhân tạo /n Kỹ thuật phần mềm /n Hệ thống thông tin /n Mạng máy tính và An toàn thông tin /n Khoa học dữ liệu /n Thiết kế đồ họa', 2024, 0, 0, 0, 0, 0, '2024-11-07 07:35:20.364621', '2024-11-08 07:01:04.536559', NULL, 4, 3),
	(62, '7480201', 'Công nghệ thông tin', 30, 'Robot và Trí tuệ nhân tạo /n Kỹ thuật phần mềm /n Hệ thống thông tin /n Mạng máy tính và An toàn thông tin /n Khoa học dữ liệu /n Thiết kế đồ họa', 2024, 0, 0, 0, 0, 0, '2024-11-07 07:35:39.851356', '2024-11-08 07:00:53.805185', NULL, 4, 4),
	(63, '7480201', 'Công nghệ thông tin', 30, 'Robot và Trí tuệ nhân tạo /n Kỹ thuật phần mềm /n Hệ thống thông tin /n Mạng máy tính và An toàn thông tin /n Khoa học dữ liệu /n Thiết kế đồ họa', 2024, 0, 0, 0, 0, 0, '2024-11-07 07:36:01.389179', '2024-11-08 07:00:49.378268', NULL, 5, 3),
	(64, '7480201', 'Công nghệ thông tin', 30, 'Robot và Trí tuệ nhân tạo /n Kỹ thuật phần mềm /n Hệ thống thông tin /n Mạng máy tính và An toàn thông tin /n Khoa học dữ liệu /n Thiết kế đồ họa', 2024, 0, 0, 0, 0, 0, '2024-11-07 07:36:18.184383', '2024-11-08 07:00:46.362089', NULL, 5, 4),
	(65, '7510301', 'Công nghệ kỹ thuật điện, điện tử', 19, '', 2024, 0, 0, 0, 0, 0, '2024-11-07 07:36:45.334902', '2024-11-08 07:01:13.580272', NULL, 4, 3),
	(66, '7510301', 'Công nghệ kỹ thuật điện, điện tử', 19, '', 2024, 0, 0, 0, 0, 0, '2024-11-07 07:37:15.211700', '2024-11-08 07:01:17.950505', NULL, 4, 4),
	(67, '7510301', 'Công nghệ kỹ thuật điện, điện tử', 30, '', 2024, 0, 0, 0, 0, 0, '2024-11-07 07:37:44.985074', '2024-11-08 07:01:22.462139', NULL, 5, 3),
	(68, '7510301', 'Công nghệ kỹ thuật điện, điện tử', 30, '', 2024, 0, 0, 0, 0, 0, '2024-11-07 07:38:02.951612', '2024-11-08 07:01:29.001248', NULL, 5, 4),
	(69, '7380107', 'Luật kinh tế', 45, '', 2024, 0, 0, 0, 0, 0, '2024-11-07 07:42:18.843682', '2024-11-18 07:49:49.760272', NULL, 6, 3),
	(70, '7380107', 'Luật kinh tế', 45, '', 2024, 0, 0, 0, 0, 0, '2024-11-07 07:42:50.490066', '2024-11-18 07:48:59.621468', NULL, 6, 4),
	(71, '7220201', 'Ngôn ngữ Anh', 50, '', 2024, 0, 0, 0, 0, 0, '2024-11-07 07:43:22.991503', '2024-11-18 07:46:18.662429', NULL, 6, 3),
	(72, '7220201', 'Ngôn ngữ Anh', 50, '', 2024, 0, 0, 0, 0, 0, '2024-11-07 07:43:40.697932', '2024-11-18 07:46:01.347858', NULL, 6, 4),
	(73, '7510102', 'Công nghệ kỹ thuật công trình xây dựng', 50, '', 2024, 0, 0, 0, 0, 0, '2024-11-07 07:44:08.247743', '2024-11-18 07:45:44.203702', NULL, 6, 3),
	(74, '7510102', 'Công nghệ kỹ thuật công trình xây dựng', 50, '', 2024, 0, 0, 0, 0, 0, '2024-11-07 07:44:49.237550', '2024-11-18 07:45:25.553627', NULL, 6, 4),
	(75, '7340101', 'Quản trị kinh doanh', 131, 'Quản trị doanh nghiệp /n Quản trị Logistics', 2024, 0, 0, 0, 0, 0, '2024-11-07 07:45:18.049346', '2024-11-18 07:44:32.401816', NULL, 6, 3),
	(76, '7340101', 'Quản trị kinh doanh', 131, 'Quản trị doanh nghiệp /n Quản trị Logistics', 2024, 0, 0, 0, 0, 0, '2024-11-07 07:45:37.240050', '2024-11-18 07:44:14.161815', NULL, 6, 4),
	(77, '7340301', 'Kế Toán', 30, '', 2024, 0, 0, 0, 0, 0, '2024-11-07 07:46:13.827593', '2024-11-18 07:43:25.209883', NULL, 6, 4),
	(78, '7340301', 'Kế Toán', 30, '', 2024, 0, 0, 0, 0, 0, '2024-11-07 07:46:42.885032', '2024-11-18 07:43:40.568606', NULL, 6, 3),
	(79, '7380107', 'Luật kinh tế', 80, '', 2024, 0, 0, 0, 0, 0, '2024-11-08 07:07:20.041387', '2024-11-08 07:07:20.041445', NULL, 7, 3),
	(80, '7380107', 'Luật kinh tế', 80, '', 2024, 0, 0, 0, 0, 0, '2024-11-08 07:08:14.743150', '2024-11-08 07:08:14.743181', NULL, 7, 4),
	(81, '7220201', 'Ngôn ngữ Anh', 150, '', 2024, 0, 0, 0, 0, 0, '2024-11-08 07:09:04.420625', '2024-11-08 07:09:04.420659', NULL, 7, 3),
	(82, '7220201', 'Ngôn ngữ Anh', 150, '', 2024, 0, 0, 0, 0, 0, '2024-11-08 07:09:56.280075', '2024-11-08 07:09:56.280106', NULL, 7, 4),
	(83, '7510102', 'Công nghệ kỹ thuật công trình xây dựng', 50, '', 2024, 0, 0, 0, 0, 0, '2024-11-08 07:10:17.928980', '2024-11-08 07:10:17.929010', NULL, 7, 3),
	(84, '7510102', 'Công nghệ kỹ thuật công trình xây dựng', 50, '', 2024, 0, 0, 0, 0, 0, '2024-11-08 07:10:41.440094', '2024-11-08 07:10:41.440124', NULL, 7, 4),
	(85, '7340101', 'Quản trị kinh doanh', 50, 'Quản trị doanh nghiệp /n Quản trị Logistics', 2024, 0, 0, 0, 0, 0, '2024-11-08 07:11:33.324693', '2024-11-08 07:11:33.324722', NULL, 7, 4),
	(86, '7340101', 'Quản trị doanh nghiệp /n Quản trị Logistics', 50, 'Quản trị doanh nghiệp /n Quản trị Logistics', 2024, 0, 0, 0, 0, 0, '2024-11-08 07:12:19.372887', '2024-11-08 07:12:19.372917', NULL, 7, 3),
	(87, '7340301', 'Kế Toán', 30, '', 2024, 0, 0, 0, 0, 0, '2024-11-08 07:13:12.139686', '2024-11-08 07:13:12.139716', NULL, 7, 4),
	(88, '7340301', 'Kế Toán', 30, '', 2024, 0, 0, 0, 0, 0, '2024-11-08 07:13:32.487352', '2024-11-08 07:13:32.487382', NULL, 7, 3),
	(89, '7720201', 'Dược học', 50, '', 2024, 0, 0, 0, 0, 0, '2024-11-08 07:13:58.917292', '2024-11-08 07:13:58.917322', NULL, 7, 3),
	(90, '7720201', 'Dược học', 50, '', 2024, 0, 0, 0, 0, 0, '2024-11-08 07:15:36.414132', '2024-11-08 07:15:36.414161', NULL, 7, 4);

-- Dumping structure for table bdusupport.major_evaluation_methods
CREATE TABLE IF NOT EXISTS `major_evaluation_methods` (
  `id` bigint NOT NULL AUTO_INCREMENT,
  `major_id` int NOT NULL,
  `evaluationmethod_id` varchar(50) NOT NULL,
  PRIMARY KEY (`id`),
  UNIQUE KEY `major_evaluation_methods_major_id_evaluationmetho_74fb64fb_uniq` (`major_id`,`evaluationmethod_id`),
  KEY `major_evaluation_met_evaluationmethod_id_52361a10_fk_evaluatio` (`evaluationmethod_id`),
  CONSTRAINT `major_evaluation_met_evaluationmethod_id_52361a10_fk_evaluatio` FOREIGN KEY (`evaluationmethod_id`) REFERENCES `evaluation_method` (`code`),
  CONSTRAINT `major_evaluation_methods_major_id_32b9e369_fk_major_id` FOREIGN KEY (`major_id`) REFERENCES `major` (`id`)
) ENGINE=InnoDB AUTO_INCREMENT=210 DEFAULT CHARSET=utf8mb4 COLLATE=utf8mb4_0900_ai_ci;

-- Dumping data for table bdusupport.major_evaluation_methods: ~0 rows (approximately)
INSERT INTO `major_evaluation_methods` (`id`, `major_id`, `evaluationmethod_id`) VALUES
	(1, 1, '5_semesters_of_high_school'),
	(2, 1, 'competency_assessment_exam'),
	(3, 1, 'grade_12'),
	(4, 1, 'grades_10_11_12'),
	(5, 1, 'high_school_graduation_exam'),
	(6, 2, '5_semesters_of_high_school'),
	(7, 2, 'competency_assessment_exam'),
	(8, 2, 'grade_12'),
	(9, 2, 'grades_10_11_12'),
	(10, 2, 'high_school_graduation_exam'),
	(11, 3, '5_semesters_of_high_school'),
	(12, 3, 'competency_assessment_exam'),
	(13, 3, 'grade_12'),
	(14, 3, 'grades_10_11_12'),
	(15, 3, 'high_school_graduation_exam'),
	(16, 4, '5_semesters_of_high_school'),
	(17, 4, 'competency_assessment_exam'),
	(18, 4, 'grade_12'),
	(19, 4, 'grades_10_11_12'),
	(20, 4, 'high_school_graduation_exam'),
	(21, 5, '5_semesters_of_high_school'),
	(22, 5, 'competency_assessment_exam'),
	(23, 5, 'grade_12'),
	(24, 5, 'grades_10_11_12'),
	(25, 5, 'high_school_graduation_exam'),
	(26, 6, '5_semesters_of_high_school'),
	(27, 6, 'competency_assessment_exam'),
	(28, 6, 'grade_12'),
	(29, 6, 'grades_10_11_12'),
	(30, 6, 'high_school_graduation_exam'),
	(31, 7, '5_semesters_of_high_school'),
	(32, 7, 'competency_assessment_exam'),
	(33, 7, 'grade_12'),
	(34, 7, 'grades_10_11_12'),
	(35, 7, 'high_school_graduation_exam'),
	(36, 8, '5_semesters_of_high_school'),
	(37, 8, 'competency_assessment_exam'),
	(38, 8, 'grade_12'),
	(39, 8, 'grades_10_11_12'),
	(40, 8, 'high_school_graduation_exam'),
	(41, 9, '5_semesters_of_high_school'),
	(42, 9, 'competency_assessment_exam'),
	(43, 9, 'grade_12'),
	(44, 9, 'grades_10_11_12'),
	(45, 9, 'high_school_graduation_exam'),
	(46, 10, '5_semesters_of_high_school'),
	(47, 10, 'competency_assessment_exam'),
	(48, 10, 'grade_12'),
	(49, 10, 'grades_10_11_12'),
	(50, 10, 'high_school_graduation_exam'),
	(51, 11, '5_semesters_of_high_school'),
	(52, 11, 'competency_assessment_exam'),
	(53, 11, 'grade_12'),
	(54, 11, 'grades_10_11_12'),
	(55, 11, 'high_school_graduation_exam'),
	(56, 12, '5_semesters_of_high_school'),
	(57, 12, 'competency_assessment_exam'),
	(58, 12, 'grade_12'),
	(59, 12, 'grades_10_11_12'),
	(60, 12, 'high_school_graduation_exam'),
	(61, 13, '5_semesters_of_high_school'),
	(62, 13, 'competency_assessment_exam'),
	(63, 13, 'grade_12'),
	(64, 13, 'grades_10_11_12'),
	(65, 13, 'high_school_graduation_exam'),
	(66, 14, '5_semesters_of_high_school'),
	(67, 14, 'competency_assessment_exam'),
	(68, 14, 'grade_12'),
	(69, 14, 'grades_10_11_12'),
	(70, 14, 'high_school_graduation_exam'),
	(71, 15, '5_semesters_of_high_school'),
	(72, 15, 'competency_assessment_exam'),
	(73, 15, 'grade_12'),
	(74, 15, 'grades_10_11_12'),
	(75, 15, 'high_school_graduation_exam'),
	(76, 16, '5_semesters_of_high_school'),
	(77, 16, 'competency_assessment_exam'),
	(78, 16, 'grade_12'),
	(79, 16, 'grades_10_11_12'),
	(80, 16, 'high_school_graduation_exam'),
	(81, 17, '5_semesters_of_high_school'),
	(82, 17, 'competency_assessment_exam'),
	(83, 17, 'grade_12'),
	(84, 17, 'grades_10_11_12'),
	(85, 17, 'high_school_graduation_exam'),
	(86, 30, '5_semesters_of_high_school'),
	(87, 30, 'competency_assessment_exam'),
	(88, 30, 'grade_12'),
	(89, 30, 'grades_10_11_12'),
	(90, 30, 'high_school_graduation_exam'),
	(91, 31, '5_semesters_of_high_school'),
	(92, 31, 'competency_assessment_exam'),
	(93, 31, 'grade_12'),
	(94, 31, 'grades_10_11_12'),
	(95, 31, 'high_school_graduation_exam'),
	(96, 32, '5_semesters_of_high_school'),
	(97, 32, 'competency_assessment_exam'),
	(98, 32, 'grade_12'),
	(99, 32, 'grades_10_11_12'),
	(100, 32, 'high_school_graduation_exam'),
	(101, 33, '5_semesters_of_high_school'),
	(102, 33, 'competency_assessment_exam'),
	(103, 33, 'grade_12'),
	(104, 33, 'grades_10_11_12'),
	(105, 33, 'high_school_graduation_exam'),
	(106, 34, '5_semesters_of_high_school'),
	(107, 34, 'competency_assessment_exam'),
	(108, 34, 'grade_12'),
	(109, 34, 'grades_10_11_12'),
	(110, 34, 'high_school_graduation_exam'),
	(111, 35, '5_semesters_of_high_school'),
	(112, 35, 'competency_assessment_exam'),
	(113, 35, 'grade_12'),
	(114, 35, 'grades_10_11_12'),
	(115, 35, 'high_school_graduation_exam'),
	(116, 36, '5_semesters_of_high_school'),
	(117, 36, 'competency_assessment_exam'),
	(118, 36, 'grade_12'),
	(119, 36, 'grades_10_11_12'),
	(120, 36, 'high_school_graduation_exam'),
	(121, 37, '5_semesters_of_high_school'),
	(122, 37, 'competency_assessment_exam'),
	(123, 37, 'grade_12'),
	(124, 37, 'grades_10_11_12'),
	(125, 37, 'high_school_graduation_exam'),
	(126, 38, '5_semesters_of_high_school'),
	(127, 38, 'competency_assessment_exam'),
	(128, 38, 'grade_12'),
	(129, 38, 'grades_10_11_12'),
	(130, 38, 'high_school_graduation_exam'),
	(131, 39, '5_semesters_of_high_school'),
	(132, 39, 'competency_assessment_exam'),
	(133, 39, 'grade_12'),
	(134, 39, 'grades_10_11_12'),
	(135, 39, 'high_school_graduation_exam'),
	(136, 40, '5_semesters_of_high_school'),
	(137, 40, 'competency_assessment_exam'),
	(138, 40, 'grade_12'),
	(139, 40, 'grades_10_11_12'),
	(140, 40, 'high_school_graduation_exam'),
	(141, 41, '5_semesters_of_high_school'),
	(142, 41, 'competency_assessment_exam'),
	(143, 41, 'grade_12'),
	(144, 41, 'grades_10_11_12'),
	(145, 41, 'high_school_graduation_exam'),
	(146, 42, '5_semesters_of_high_school'),
	(147, 42, 'competency_assessment_exam'),
	(148, 42, 'grade_12'),
	(149, 42, 'grades_10_11_12'),
	(150, 42, 'high_school_graduation_exam'),
	(151, 43, '5_semesters_of_high_school'),
	(152, 43, 'competency_assessment_exam'),
	(153, 43, 'grade_12'),
	(154, 43, 'grades_10_11_12'),
	(155, 43, 'high_school_graduation_exam'),
	(156, 44, '5_semesters_of_high_school'),
	(157, 44, 'competency_assessment_exam'),
	(158, 44, 'grades_10_11_12'),
	(159, 44, 'high_school_graduation_exam'),
	(160, 45, '5_semesters_of_high_school'),
	(161, 45, 'competency_assessment_exam'),
	(162, 45, 'grade_12'),
	(163, 45, 'grades_10_11_12'),
	(164, 45, 'high_school_graduation_exam'),
	(165, 46, '5_semesters_of_high_school'),
	(166, 46, 'competency_assessment_exam'),
	(167, 46, 'grade_12'),
	(168, 46, 'grades_10_11_12'),
	(169, 46, 'high_school_graduation_exam'),
	(170, 47, '5_semesters_of_high_school'),
	(171, 47, 'competency_assessment_exam'),
	(172, 47, 'grade_12'),
	(173, 47, 'grades_10_11_12'),
	(174, 47, 'high_school_graduation_exam'),
	(175, 48, '5_semesters_of_high_school'),
	(176, 48, 'competency_assessment_exam'),
	(177, 48, 'grade_12'),
	(178, 48, 'grades_10_11_12'),
	(179, 48, 'high_school_graduation_exam'),
	(180, 69, '5_semesters_of_high_school'),
	(181, 69, 'grade_12'),
	(182, 69, 'grades_10_11_12'),
	(183, 70, '5_semesters_of_high_school'),
	(184, 70, 'grade_12'),
	(185, 70, 'grades_10_11_12'),
	(186, 71, '5_semesters_of_high_school'),
	(187, 71, 'grade_12'),
	(188, 71, 'grades_10_11_12'),
	(189, 72, '5_semesters_of_high_school'),
	(190, 72, 'grade_12'),
	(191, 72, 'grades_10_11_12'),
	(192, 73, '5_semesters_of_high_school'),
	(193, 73, 'grade_12'),
	(194, 73, 'grades_10_11_12'),
	(195, 74, '5_semesters_of_high_school'),
	(196, 74, 'grade_12'),
	(197, 74, 'grades_10_11_12'),
	(198, 75, '5_semesters_of_high_school'),
	(199, 75, 'grade_12'),
	(200, 75, 'grades_10_11_12'),
	(201, 76, '5_semesters_of_high_school'),
	(202, 76, 'grade_12'),
	(203, 76, 'grades_10_11_12'),
	(204, 77, '5_semesters_of_high_school'),
	(205, 77, 'grade_12'),
	(206, 77, 'grades_10_11_12'),
	(207, 78, '5_semesters_of_high_school'),
	(208, 78, 'grade_12'),
	(209, 78, 'grades_10_11_12');

-- Dumping structure for table bdusupport.major_m2m_college_exam_group
CREATE TABLE IF NOT EXISTS `major_m2m_college_exam_group` (
  `id` int NOT NULL AUTO_INCREMENT,
  `created_at` datetime(6) NOT NULL,
  `updated_at` datetime(6) NOT NULL,
  `deleted_at` datetime(6) DEFAULT NULL,
  `college_exam_groups_id` int NOT NULL,
  `major_id` int NOT NULL,
  PRIMARY KEY (`id`),
  KEY `major_m2m_college_ex_college_exam_groups__746266f9_fk_college_e` (`college_exam_groups_id`),
  KEY `major_m2m_college_exam_group_major_id_914fad0c_fk_major_id` (`major_id`),
  CONSTRAINT `major_m2m_college_ex_college_exam_groups__746266f9_fk_college_e` FOREIGN KEY (`college_exam_groups_id`) REFERENCES `college_exam_group` (`id`),
  CONSTRAINT `major_m2m_college_exam_group_major_id_914fad0c_fk_major_id` FOREIGN KEY (`major_id`) REFERENCES `major` (`id`)
) ENGINE=InnoDB AUTO_INCREMENT=185 DEFAULT CHARSET=utf8mb4 COLLATE=utf8mb4_0900_ai_ci;

-- Dumping data for table bdusupport.major_m2m_college_exam_group: ~0 rows (approximately)
INSERT INTO `major_m2m_college_exam_group` (`id`, `created_at`, `updated_at`, `deleted_at`, `college_exam_groups_id`, `major_id`) VALUES
	(1, '2024-01-01 00:00:00.000000', '2024-01-01 00:00:00.000000', NULL, 3, 1),
	(2, '2024-01-01 00:00:00.000000', '2024-01-01 00:00:00.000000', NULL, 4, 1),
	(3, '2024-01-01 00:00:00.000000', '2024-01-01 00:00:00.000000', NULL, 5, 1),
	(4, '2024-01-01 00:00:00.000000', '2024-01-01 00:00:00.000000', NULL, 7, 1),
	(5, '2024-01-01 00:00:00.000000', '2024-01-01 00:00:00.000000', NULL, 3, 2),
	(6, '2024-01-01 00:00:00.000000', '2024-01-01 00:00:00.000000', NULL, 4, 2),
	(7, '2024-01-01 00:00:00.000000', '2024-01-01 00:00:00.000000', NULL, 5, 2),
	(8, '2024-01-01 00:00:00.000000', '2024-01-01 00:00:00.000000', NULL, 7, 2),
	(9, '2024-01-01 00:00:00.000000', '2024-01-01 00:00:00.000000', NULL, 3, 3),
	(10, '2024-01-01 00:00:00.000000', '2024-01-01 00:00:00.000000', NULL, 4, 3),
	(11, '2024-01-01 00:00:00.000000', '2024-01-01 00:00:00.000000', NULL, 5, 3),
	(12, '2024-01-01 00:00:00.000000', '2024-01-01 00:00:00.000000', NULL, 7, 3),
	(13, '2024-01-01 00:00:00.000000', '2024-01-01 00:00:00.000000', NULL, 3, 4),
	(14, '2024-01-01 00:00:00.000000', '2024-01-01 00:00:00.000000', NULL, 4, 4),
	(15, '2024-01-01 00:00:00.000000', '2024-01-01 00:00:00.000000', NULL, 5, 4),
	(16, '2024-01-01 00:00:00.000000', '2024-01-01 00:00:00.000000', NULL, 7, 4),
	(17, '2024-01-01 00:00:00.000000', '2024-01-01 00:00:00.000000', NULL, 1, 5),
	(18, '2024-01-01 00:00:00.000000', '2024-01-01 00:00:00.000000', NULL, 9, 5),
	(19, '2024-01-01 00:00:00.000000', '2024-01-01 00:00:00.000000', NULL, 7, 5),
	(20, '2024-01-01 00:00:00.000000', '2024-01-01 00:00:00.000000', NULL, 15, 5),
	(21, '2024-01-01 00:00:00.000000', '2024-01-01 00:00:00.000000', NULL, 1, 6),
	(22, '2024-01-01 00:00:00.000000', '2024-01-01 00:00:00.000000', NULL, 3, 6),
	(23, '2024-01-01 00:00:00.000000', '2024-01-01 00:00:00.000000', NULL, 4, 6),
	(24, '2024-01-01 00:00:00.000000', '2024-01-01 00:00:00.000000', NULL, 7, 6),
	(25, '2024-01-01 00:00:00.000000', '2024-01-01 00:00:00.000000', NULL, 1, 7),
	(26, '2024-01-01 00:00:00.000000', '2024-01-01 00:00:00.000000', NULL, 11, 7),
	(27, '2024-01-01 00:00:00.000000', '2024-01-01 00:00:00.000000', NULL, 4, 7),
	(28, '2024-01-01 00:00:00.000000', '2024-01-01 00:00:00.000000', NULL, 7, 7),
	(29, '2024-01-01 00:00:00.000000', '2024-01-01 00:00:00.000000', NULL, 1, 8),
	(30, '2024-01-01 00:00:00.000000', '2024-01-01 00:00:00.000000', NULL, 4, 8),
	(31, '2024-01-01 00:00:00.000000', '2024-01-01 00:00:00.000000', NULL, 6, 8),
	(32, '2024-01-01 00:00:00.000000', '2024-01-01 00:00:00.000000', NULL, 7, 8),
	(33, '2024-01-01 00:00:00.000000', '2024-01-01 00:00:00.000000', NULL, 1, 9),
	(34, '2024-01-01 00:00:00.000000', '2024-01-01 00:00:00.000000', NULL, 13, 9),
	(35, '2024-01-01 00:00:00.000000', '2024-01-01 00:00:00.000000', NULL, 14, 9),
	(36, '2024-01-01 00:00:00.000000', '2024-01-01 00:00:00.000000', NULL, 7, 9),
	(37, '2024-01-01 00:00:00.000000', '2024-01-01 00:00:00.000000', NULL, 1, 10),
	(38, '2024-01-01 00:00:00.000000', '2024-01-01 00:00:00.000000', NULL, 13, 10),
	(39, '2024-01-01 00:00:00.000000', '2024-01-01 00:00:00.000000', NULL, 14, 10),
	(40, '2024-01-01 00:00:00.000000', '2024-01-01 00:00:00.000000', NULL, 7, 10),
	(41, '2024-01-01 00:00:00.000000', '2024-01-01 00:00:00.000000', NULL, 1, 11),
	(42, '2024-01-01 00:00:00.000000', '2024-01-01 00:00:00.000000', NULL, 5, 11),
	(43, '2024-01-01 00:00:00.000000', '2024-01-01 00:00:00.000000', NULL, 6, 11),
	(44, '2024-01-01 00:00:00.000000', '2024-01-01 00:00:00.000000', NULL, 7, 11),
	(45, '2024-01-01 00:00:00.000000', '2024-01-01 00:00:00.000000', NULL, 1, 12),
	(46, '2024-01-01 00:00:00.000000', '2024-01-01 00:00:00.000000', NULL, 2, 12),
	(47, '2024-01-01 00:00:00.000000', '2024-01-01 00:00:00.000000', NULL, 9, 12),
	(48, '2024-01-01 00:00:00.000000', '2024-01-01 00:00:00.000000', NULL, 15, 12),
	(49, '2024-01-01 00:00:00.000000', '2024-01-01 00:00:00.000000', NULL, 4, 13),
	(50, '2024-01-01 00:00:00.000000', '2024-01-01 00:00:00.000000', NULL, 5, 13),
	(51, '2024-01-01 00:00:00.000000', '2024-01-01 00:00:00.000000', NULL, 7, 13),
	(52, '2024-01-01 00:00:00.000000', '2024-01-01 00:00:00.000000', NULL, 17, 13),
	(53, '2024-01-01 00:00:00.000000', '2024-01-01 00:00:00.000000', NULL, 3, 14),
	(54, '2024-01-01 00:00:00.000000', '2024-01-01 00:00:00.000000', NULL, 5, 14),
	(55, '2024-01-01 00:00:00.000000', '2024-01-01 00:00:00.000000', NULL, 7, 14),
	(56, '2024-01-01 00:00:00.000000', '2024-01-01 00:00:00.000000', NULL, 17, 14),
	(57, '2024-01-01 00:00:00.000000', '2024-01-01 00:00:00.000000', NULL, 3, 15),
	(58, '2024-01-01 00:00:00.000000', '2024-01-01 00:00:00.000000', NULL, 5, 15),
	(59, '2024-01-01 00:00:00.000000', '2024-01-01 00:00:00.000000', NULL, 7, 15),
	(60, '2024-01-01 00:00:00.000000', '2024-01-01 00:00:00.000000', NULL, 17, 15),
	(61, '2024-01-01 00:00:00.000000', '2024-01-01 00:00:00.000000', NULL, 8, 16),
	(62, '2024-01-01 00:00:00.000000', '2024-01-01 00:00:00.000000', NULL, 4, 16),
	(63, '2024-01-01 00:00:00.000000', '2024-01-01 00:00:00.000000', NULL, 5, 16),
	(64, '2024-01-01 00:00:00.000000', '2024-01-01 00:00:00.000000', NULL, 16, 16),
	(65, '2024-01-01 00:00:00.000000', '2024-01-01 00:00:00.000000', NULL, 3, 17),
	(66, '2024-01-01 00:00:00.000000', '2024-01-01 00:00:00.000000', NULL, 4, 17),
	(67, '2024-01-01 00:00:00.000000', '2024-01-01 00:00:00.000000', NULL, 5, 17),
	(68, '2024-01-01 00:00:00.000000', '2024-01-01 00:00:00.000000', NULL, 7, 17),
	(69, '2024-01-01 00:00:00.000000', '2024-01-01 00:00:00.000000', NULL, 3, 30),
	(70, '2024-01-01 00:00:00.000000', '2024-01-01 00:00:00.000000', NULL, 4, 30),
	(71, '2024-01-01 00:00:00.000000', '2024-01-01 00:00:00.000000', NULL, 5, 30),
	(72, '2024-01-01 00:00:00.000000', '2024-01-01 00:00:00.000000', NULL, 7, 30),
	(73, '2024-01-01 00:00:00.000000', '2024-01-01 00:00:00.000000', NULL, 3, 31),
	(74, '2024-01-01 00:00:00.000000', '2024-01-01 00:00:00.000000', NULL, 4, 31),
	(75, '2024-01-01 00:00:00.000000', '2024-01-01 00:00:00.000000', NULL, 5, 31),
	(76, '2024-01-01 00:00:00.000000', '2024-01-01 00:00:00.000000', NULL, 7, 31),
	(77, '2024-01-01 00:00:00.000000', '2024-01-01 00:00:00.000000', NULL, 3, 32),
	(78, '2024-01-01 00:00:00.000000', '2024-01-01 00:00:00.000000', NULL, 4, 32),
	(79, '2024-01-01 00:00:00.000000', '2024-01-01 00:00:00.000000', NULL, 5, 32),
	(80, '2024-01-01 00:00:00.000000', '2024-01-01 00:00:00.000000', NULL, 7, 32),
	(81, '2024-01-01 00:00:00.000000', '2024-01-01 00:00:00.000000', NULL, 3, 33),
	(82, '2024-01-01 00:00:00.000000', '2024-01-01 00:00:00.000000', NULL, 4, 33),
	(83, '2024-01-01 00:00:00.000000', '2024-01-01 00:00:00.000000', NULL, 5, 33),
	(84, '2024-01-01 00:00:00.000000', '2024-01-01 00:00:00.000000', NULL, 7, 33),
	(85, '2024-01-01 00:00:00.000000', '2024-01-01 00:00:00.000000', NULL, 1, 34),
	(86, '2024-01-01 00:00:00.000000', '2024-01-01 00:00:00.000000', NULL, 2, 34),
	(87, '2024-01-01 00:00:00.000000', '2024-01-01 00:00:00.000000', NULL, 15, 34),
	(88, '2024-01-01 00:00:00.000000', '2024-01-01 00:00:00.000000', NULL, 1, 35),
	(89, '2024-01-01 00:00:00.000000', '2024-01-01 00:00:00.000000', NULL, 2, 35),
	(90, '2024-01-01 00:00:00.000000', '2024-01-01 00:00:00.000000', NULL, 4, 35),
	(91, '2024-01-01 00:00:00.000000', '2024-01-01 00:00:00.000000', NULL, 7, 35),
	(92, '2024-01-01 00:00:00.000000', '2024-01-01 00:00:00.000000', NULL, 1, 36),
	(93, '2024-01-01 00:00:00.000000', '2024-01-01 00:00:00.000000', NULL, 11, 36),
	(94, '2024-01-01 00:00:00.000000', '2024-01-01 00:00:00.000000', NULL, 4, 36),
	(95, '2024-01-01 00:00:00.000000', '2024-01-01 00:00:00.000000', NULL, 7, 36),
	(96, '2024-01-01 00:00:00.000000', '2024-01-01 00:00:00.000000', NULL, 1, 37),
	(97, '2024-01-01 00:00:00.000000', '2024-01-01 00:00:00.000000', NULL, 4, 37),
	(98, '2024-01-01 00:00:00.000000', '2024-01-01 00:00:00.000000', NULL, 6, 37),
	(99, '2024-01-01 00:00:00.000000', '2024-01-01 00:00:00.000000', NULL, 7, 37),
	(100, '2024-01-01 00:00:00.000000', '2024-01-01 00:00:00.000000', NULL, 1, 38),
	(101, '2024-01-01 00:00:00.000000', '2024-01-01 00:00:00.000000', NULL, 4, 38),
	(102, '2024-01-01 00:00:00.000000', '2024-01-01 00:00:00.000000', NULL, 6, 38),
	(103, '2024-01-01 00:00:00.000000', '2024-01-01 00:00:00.000000', NULL, 7, 38),
	(104, '2024-01-01 00:00:00.000000', '2024-01-01 00:00:00.000000', NULL, 1, 39),
	(105, '2024-01-01 00:00:00.000000', '2024-01-01 00:00:00.000000', NULL, 13, 39),
	(106, '2024-01-01 00:00:00.000000', '2024-01-01 00:00:00.000000', NULL, 14, 39),
	(107, '2024-01-01 00:00:00.000000', '2024-01-01 00:00:00.000000', NULL, 7, 39),
	(108, '2024-01-01 00:00:00.000000', '2024-01-01 00:00:00.000000', NULL, 1, 40),
	(109, '2024-01-01 00:00:00.000000', '2024-01-01 00:00:00.000000', NULL, 13, 40),
	(110, '2024-01-01 00:00:00.000000', '2024-01-01 00:00:00.000000', NULL, 5, 40),
	(111, '2024-01-01 00:00:00.000000', '2024-01-01 00:00:00.000000', NULL, 14, 40),
	(112, '2024-01-01 00:00:00.000000', '2024-01-01 00:00:00.000000', NULL, 1, 41),
	(113, '2024-01-01 00:00:00.000000', '2024-01-01 00:00:00.000000', NULL, 2, 41),
	(114, '2024-01-01 00:00:00.000000', '2024-01-01 00:00:00.000000', NULL, 9, 41),
	(115, '2024-01-01 00:00:00.000000', '2024-01-01 00:00:00.000000', NULL, 15, 41),
	(116, '2024-01-01 00:00:00.000000', '2024-01-01 00:00:00.000000', NULL, 1, 42),
	(117, '2024-01-01 00:00:00.000000', '2024-01-01 00:00:00.000000', NULL, 3, 42),
	(118, '2024-01-01 00:00:00.000000', '2024-01-01 00:00:00.000000', NULL, 4, 42),
	(119, '2024-01-01 00:00:00.000000', '2024-01-01 00:00:00.000000', NULL, 7, 42),
	(120, '2024-01-01 00:00:00.000000', '2024-01-01 00:00:00.000000', NULL, 15, 42),
	(121, '2024-01-01 00:00:00.000000', '2024-01-01 00:00:00.000000', NULL, 3, 43),
	(122, '2024-01-01 00:00:00.000000', '2024-01-01 00:00:00.000000', NULL, 5, 43),
	(123, '2024-01-01 00:00:00.000000', '2024-01-01 00:00:00.000000', NULL, 7, 43),
	(124, '2024-01-01 00:00:00.000000', '2024-01-01 00:00:00.000000', NULL, 17, 43),
	(125, '2024-01-01 00:00:00.000000', '2024-01-01 00:00:00.000000', NULL, 3, 44),
	(126, '2024-01-01 00:00:00.000000', '2024-01-01 00:00:00.000000', NULL, 5, 44),
	(127, '2024-01-01 00:00:00.000000', '2024-01-01 00:00:00.000000', NULL, 7, 44),
	(128, '2024-01-01 00:00:00.000000', '2024-01-01 00:00:00.000000', NULL, 17, 44),
	(129, '2024-01-01 00:00:00.000000', '2024-01-01 00:00:00.000000', NULL, 8, 45),
	(130, '2024-01-01 00:00:00.000000', '2024-01-01 00:00:00.000000', NULL, 4, 45),
	(131, '2024-01-01 00:00:00.000000', '2024-01-01 00:00:00.000000', NULL, 5, 45),
	(132, '2024-01-01 00:00:00.000000', '2024-01-01 00:00:00.000000', NULL, 16, 45),
	(133, '2024-01-01 00:00:00.000000', '2024-01-01 00:00:00.000000', NULL, 3, 46),
	(134, '2024-01-01 00:00:00.000000', '2024-01-01 00:00:00.000000', NULL, 4, 46),
	(135, '2024-01-01 00:00:00.000000', '2024-01-01 00:00:00.000000', NULL, 5, 46),
	(136, '2024-01-01 00:00:00.000000', '2024-01-01 00:00:00.000000', NULL, 7, 46),
	(137, '2024-01-01 00:00:00.000000', '2024-01-01 00:00:00.000000', NULL, 3, 47),
	(138, '2024-01-01 00:00:00.000000', '2024-01-01 00:00:00.000000', NULL, 4, 47),
	(139, '2024-01-01 00:00:00.000000', '2024-01-01 00:00:00.000000', NULL, 5, 47),
	(140, '2024-01-01 00:00:00.000000', '2024-01-01 00:00:00.000000', NULL, 7, 47),
	(141, '2024-01-01 00:00:00.000000', '2024-01-01 00:00:00.000000', NULL, 3, 48),
	(142, '2024-01-01 00:00:00.000000', '2024-01-01 00:00:00.000000', NULL, 4, 48),
	(143, '2024-01-01 00:00:00.000000', '2024-01-01 00:00:00.000000', NULL, 5, 48),
	(144, '2024-01-01 00:00:00.000000', '2024-01-01 00:00:00.000000', NULL, 7, 48),
	(145, '2024-01-01 00:00:00.000000', '2024-01-01 00:00:00.000000', NULL, 3, 69),
	(146, '2024-01-01 00:00:00.000000', '2024-01-01 00:00:00.000000', NULL, 4, 69),
	(147, '2024-01-01 00:00:00.000000', '2024-01-01 00:00:00.000000', NULL, 5, 69),
	(148, '2024-01-01 00:00:00.000000', '2024-01-01 00:00:00.000000', NULL, 7, 69),
	(149, '2024-01-01 00:00:00.000000', '2024-01-01 00:00:00.000000', NULL, 3, 70),
	(150, '2024-01-01 00:00:00.000000', '2024-01-01 00:00:00.000000', NULL, 4, 70),
	(151, '2024-01-01 00:00:00.000000', '2024-01-01 00:00:00.000000', NULL, 5, 70),
	(152, '2024-01-01 00:00:00.000000', '2024-01-01 00:00:00.000000', NULL, 7, 70),
	(153, '2024-01-01 00:00:00.000000', '2024-01-01 00:00:00.000000', NULL, 3, 71),
	(154, '2024-01-01 00:00:00.000000', '2024-01-01 00:00:00.000000', NULL, 4, 71),
	(155, '2024-01-01 00:00:00.000000', '2024-01-01 00:00:00.000000', NULL, 5, 71),
	(156, '2024-01-01 00:00:00.000000', '2024-01-01 00:00:00.000000', NULL, 7, 71),
	(157, '2024-01-01 00:00:00.000000', '2024-01-01 00:00:00.000000', NULL, 3, 72),
	(158, '2024-01-01 00:00:00.000000', '2024-01-01 00:00:00.000000', NULL, 4, 72),
	(159, '2024-01-01 00:00:00.000000', '2024-01-01 00:00:00.000000', NULL, 5, 72),
	(160, '2024-01-01 00:00:00.000000', '2024-01-01 00:00:00.000000', NULL, 7, 72),
	(161, '2024-01-01 00:00:00.000000', '2024-01-01 00:00:00.000000', NULL, 3, 73),
	(162, '2024-01-01 00:00:00.000000', '2024-01-01 00:00:00.000000', NULL, 4, 73),
	(163, '2024-01-01 00:00:00.000000', '2024-01-01 00:00:00.000000', NULL, 5, 73),
	(164, '2024-01-01 00:00:00.000000', '2024-01-01 00:00:00.000000', NULL, 7, 73),
	(165, '2024-01-01 00:00:00.000000', '2024-01-01 00:00:00.000000', NULL, 3, 74),
	(166, '2024-01-01 00:00:00.000000', '2024-01-01 00:00:00.000000', NULL, 4, 74),
	(167, '2024-01-01 00:00:00.000000', '2024-01-01 00:00:00.000000', NULL, 5, 74),
	(168, '2024-01-01 00:00:00.000000', '2024-01-01 00:00:00.000000', NULL, 7, 74),
	(169, '2024-01-01 00:00:00.000000', '2024-01-01 00:00:00.000000', NULL, 1, 75),
	(170, '2024-01-01 00:00:00.000000', '2024-01-01 00:00:00.000000', NULL, 2, 75),
	(171, '2024-01-01 00:00:00.000000', '2024-01-01 00:00:00.000000', NULL, 9, 75),
	(172, '2024-01-01 00:00:00.000000', '2024-01-01 00:00:00.000000', NULL, 15, 75),
	(173, '2024-01-01 00:00:00.000000', '2024-01-01 00:00:00.000000', NULL, 1, 76),
	(174, '2024-01-01 00:00:00.000000', '2024-01-01 00:00:00.000000', NULL, 2, 76),
	(175, '2024-01-01 00:00:00.000000', '2024-01-01 00:00:00.000000', NULL, 9, 76),
	(176, '2024-01-01 00:00:00.000000', '2024-01-01 00:00:00.000000', NULL, 15, 76),
	(177, '2024-01-01 00:00:00.000000', '2024-01-01 00:00:00.000000', NULL, 4, 77),
	(178, '2024-01-01 00:00:00.000000', '2024-01-01 00:00:00.000000', NULL, 5, 77),
	(179, '2024-01-01 00:00:00.000000', '2024-01-01 00:00:00.000000', NULL, 8, 77),
	(180, '2024-01-01 00:00:00.000000', '2024-01-01 00:00:00.000000', NULL, 16, 77),
	(181, '2024-01-01 00:00:00.000000', '2024-01-01 00:00:00.000000', NULL, 16, 78),
	(182, '2024-01-01 00:00:00.000000', '2024-01-01 00:00:00.000000', NULL, 8, 78),
	(183, '2024-01-01 00:00:00.000000', '2024-01-01 00:00:00.000000', NULL, 4, 78),
	(184, '2024-01-01 00:00:00.000000', '2024-01-01 00:00:00.000000', NULL, 5, 78);

-- Dumping structure for table bdusupport.miniapp_notification
CREATE TABLE IF NOT EXISTS `miniapp_notification` (
  `id` int NOT NULL AUTO_INCREMENT,
  `content` varchar(255) NOT NULL,
  `read_at` datetime(6) DEFAULT NULL,
  `created_at` datetime(6) NOT NULL,
  `updated_at` datetime(6) NOT NULL,
  `deleted_at` datetime(6) DEFAULT NULL,
  `user_id` int NOT NULL,
  PRIMARY KEY (`id`),
  KEY `miniapp_notification_user_id_b02a2738_fk_mini_app_user_id` (`user_id`),
  CONSTRAINT `miniapp_notification_user_id_b02a2738_fk_mini_app_user_id` FOREIGN KEY (`user_id`) REFERENCES `mini_app_user` (`id`)
) ENGINE=InnoDB DEFAULT CHARSET=utf8mb4 COLLATE=utf8mb4_0900_ai_ci;

-- Dumping data for table bdusupport.miniapp_notification: ~0 rows (approximately)

-- Dumping structure for table bdusupport.mini_app_user
CREATE TABLE IF NOT EXISTS `mini_app_user` (
  `id` int NOT NULL AUTO_INCREMENT,
  `mini_app_user_id` varchar(255) NOT NULL,
  `name` varchar(255) NOT NULL,
  `avatar_url` varchar(255) NOT NULL,
  PRIMARY KEY (`id`),
  UNIQUE KEY `mini_app_user_id` (`mini_app_user_id`)
) ENGINE=InnoDB DEFAULT CHARSET=utf8mb4 COLLATE=utf8mb4_0900_ai_ci;

-- Dumping data for table bdusupport.mini_app_user: ~0 rows (approximately)

-- Dumping structure for table bdusupport.news
CREATE TABLE IF NOT EXISTS `news` (
  `id` int NOT NULL AUTO_INCREMENT,
  `title` varchar(255) NOT NULL,
  `link` varchar(200) NOT NULL,
  `image` varchar(200) NOT NULL,
  `created_at` datetime(6) NOT NULL,
  `updated_at` datetime(6) NOT NULL,
  `deleted_at` datetime(6) DEFAULT NULL,
  `author_id` int NOT NULL,
  `type_id` int NOT NULL,
  PRIMARY KEY (`id`),
  KEY `news_author_id_064efc6e_fk_account_id` (`author_id`),
  KEY `news_type_id_2af31cfb_fk_news_type_id` (`type_id`),
  CONSTRAINT `news_author_id_064efc6e_fk_account_id` FOREIGN KEY (`author_id`) REFERENCES `account` (`id`),
  CONSTRAINT `news_type_id_2af31cfb_fk_news_type_id` FOREIGN KEY (`type_id`) REFERENCES `news_type` (`id`)
) ENGINE=InnoDB AUTO_INCREMENT=58 DEFAULT CHARSET=utf8mb4 COLLATE=utf8mb4_0900_ai_ci;

-- Dumping data for table bdusupport.news: ~0 rows (approximately)
INSERT INTO `news` (`id`, `title`, `link`, `image`, `created_at`, `updated_at`, `deleted_at`, `author_id`, `type_id`) VALUES
	(1, 'Chương trình Ký kết biên bản ghi nhớ hợp tác giữa Trường Đại học Bình Dương và các Doanh nghiệp năm 2024', 'https://www.bdu.edu.vn/tin-tuc-su-kien/chuong-trinh-ky-ket-bien-ban-ghi-nho-hop-tac-giua-truong-dai-hoc-binh-duong-va-cac-doanh-nghiep-nam-2024-1819.html', 'https://storage.googleapis.com/bdusupport.appspot.com/18aa9bf4-8644-4275-bd73-63a582ce992a_6%20%281%29.png', '2024-10-27 08:45:34.876058', '2024-10-27 08:45:34.876094', NULL, 1, 1),
	(2, 'Hội thảo khoa học “Định hướng đào tạo phát triển giao thông xanh”', 'https://www.bdu.edu.vn/tin-tuc-su-kien/hoi-thao-khoa-hoc-dinh-huong-dao-tao-phat-trien-giao-thong-xanh-1820.html', 'https://storage.googleapis.com/bdusupport.appspot.com/e54a9e54-7612-43a5-9e58-6bf1bfff7471_lo.png', '2024-10-28 12:10:50.731095', '2024-10-28 12:10:50.731130', NULL, 1, 1),
	(4, 'Khoa Ngoại ngữ tổ chức tọa đàm &quot;Yếu tố “Nữ” trong chữ Hán&quot; chào mừng Ngày Phụ nữ Việt Nam 20/10', 'https://www.bdu.edu.vn/tin-tuc-su-kien/khoa-ngoai-ngu-to-chuc-toa-dam-yeu-to-nu-trong-chu-han-chao-mung-ngay-phu-nu-viet-nam-20-10-1818.html', 'https://storage.googleapis.com/bdusupport.appspot.com/d577a34c-21a4-4b8a-aafd-e9410e0d2631_logo-9.png', '2024-10-28 12:12:15.463701', '2024-10-28 12:12:15.463736', NULL, 1, 1),
	(6, 'Dành yêu thương cho Phụ nữ', 'https://www.bdu.edu.vn/tin-tuc-su-kien/danh-yeu-thuong-cho-phu-nu-1816.html', 'https://storage.googleapis.com/bdusupport.appspot.com/59fc1707-abac-4acb-91e4-bf27fb996438_135507086_3939225892763700_5387054961621217275_n.jpg', '2024-10-28 12:13:07.229298', '2024-10-28 12:13:07.229332', NULL, 1, 1),
	(7, 'Ngày 20/10: Thắp sáng niềm tin và sự tự hào về Phụ nữ Việt Nam', 'https://www.bdu.edu.vn/tin-tuc-su-kien/ngay-20-10-thap-sang-niem-tin-va-su-tu-hao-ve-phu-nu-viet-nam-1814.html', 'https://storage.googleapis.com/bdusupport.appspot.com/8ab97d9b-9cd9-427f-a3f5-f2a79cfab04e_phu-nu.png', '2024-10-28 12:14:09.010335', '2024-10-28 12:14:09.010373', NULL, 1, 1),
	(11, 'Công bố chỉ tiêu xét tuyển bổ sung hệ đại học chính quy đến 20g00 ngày 25/09/2024', 'https://tuyensinh.bdu.edu.vn/index.php/dai-hoc-chinh-quy/cong-bo-chi-tieu-xet-tuyen-bo-sung-he-dai-hoc-chinh-quy-den-20g00-ngay-25-09-2024-515.html', 'https://storage.googleapis.com/bdusupport.appspot.com/fc4f6931-2d83-482a-9630-5384ec595ce2_ts-hoc-ba-bo-sung-25.9-kt800x580.jpg', '2024-10-28 12:23:02.768905', '2024-10-28 12:23:02.768942', NULL, 1, 2),
	(12, 'Trường Đại học Bình Dương cam kết ổn định học phí suốt 4 năm: sự lựa chọn an tâm', 'https://tuyensinh.bdu.edu.vn/index.php/dai-hoc-chinh-quy/truong-dai-hoc-binh-duong-cam-ket-on-dinh-hoc-phi-suot-4-nam-su-lua-chon-an-tam-514.html', 'https://storage.googleapis.com/bdusupport.appspot.com/7cfb6289-3cd3-4431-9033-5e56d5e798dd_cam-ket-kh-tang-hoc-phi-kt4%20%281%29.jpg', '2024-10-28 12:24:13.826815', '2024-10-28 12:24:13.826852', NULL, 1, 2),
	(13, 'BDU công bố điểm chuẩn năm 2024. Điểm trúng tuyển 15 điểm, riêng ngành dược học: 21 điểm', 'https://tuyensinh.bdu.edu.vn/index.php/dai-hoc-chinh-quy/bdu-cong-bo-diem-chuan-nam-2024-diem-trung-tuyen-15-diem-rieng-nganh-duoc-hoc-21-diem-511.html', 'https://storage.googleapis.com/bdusupport.appspot.com/87185613-1041-4838-9a38-832a8e65f971_cam-ket-kh-tang-hoc-phi-kt4%20%281%29.jpg', '2024-10-28 12:28:49.605971', '2024-10-28 12:28:49.606006', NULL, 1, 2),
	(14, 'Hướng dẫn tân sinh viên khóa 27 đóng học phí, lệ phí nhập học, bảo hiểm y tế', 'https://tuyensinh.bdu.edu.vn/index.php/dai-hoc-chinh-quy/huong-dan-tan-sinh-vien-khoa-27-dong-hoc-phi-le-phi-nhap-hoc-bao-hiem-y-te-500.html', 'https://storage.googleapis.com/bdusupport.appspot.com/f30be750-1dc6-46c0-89ab-baaf0f103adb_ts-hoc-ba-bo-sung-25.9-kt800x580.jpg', '2024-10-28 12:30:08.221854', '2024-10-28 12:30:08.221892', NULL, 1, 2),
	(15, 'Công bố ngưỡng đảm bảo chất lượng đầu vào hệ đại học chính quy năm 2024', 'https://tuyensinh.bdu.edu.vn/index.php/tin-tuc-tuyen-sinh/cong-bo-nguong-dam-bao-chat-luong-dau-vao-he-dai-hoc-chinh-quy-nam-2024-493.html', 'https://storage.googleapis.com/bdusupport.appspot.com/501a046e-6571-4ad2-813f-2eb5829e164f_cam-ket-kh-tang-hoc-phi-kt4%20%281%29.jpg', '2024-10-28 12:33:14.795759', '2024-10-28 12:33:14.795793', NULL, 1, 2),
	(16, 'CÔNG TY TNH CHEN LIN VIỆT NAM TUYỂN DỤNG', 'https://www.bdu.edu.vn/tuyen-dung/cong-ty-tnh-chen-lin-viet-nam-tuyen-dung-1813.html', 'https://storage.googleapis.com/bdusupport.appspot.com/f4af501e-75e4-4958-bba2-1afd0db185f7_cong-ty-tnh-chen-lin-viet-nam.jpg', '2024-10-28 12:34:54.246645', '2024-10-28 12:34:54.246683', NULL, 1, 6),
	(17, 'Công ty TNHH Kyungbang Việt Nam tuyển dụng', 'https://www.bdu.edu.vn/tuyen-dung/cong-ty-tnhh-kyungbang-viet-nam-tuyen-dung-1795.html', 'https://storage.googleapis.com/bdusupport.appspot.com/c2209a07-ec09-433b-af4a-baf471cedfeb_300231385_518863956711066_7227474173887833642_n.png', '2024-10-28 12:37:31.783424', '2024-10-28 12:37:31.783458', NULL, 1, 6),
	(18, 'Công ty TNHH Green Tech 24H tuyển nhân viên kinh doanh', 'https://www.bdu.edu.vn/tuyen-dung/cong-ty-tnhh-green-tech-24h-tuyen-nhan-vien-kinh-doanh-1784.html', 'https://storage.googleapis.com/bdusupport.appspot.com/0eaa5154-c261-4a77-adf1-5221e3fde664_cong-ty-tnhh-green-tech-24h.png', '2024-10-28 12:38:38.567103', '2024-10-28 12:38:38.567140', NULL, 1, 6),
	(19, 'Công ty TNHH LD Stellapharm tuyển dụng', 'https://www.bdu.edu.vn/tuyen-dung/cong-ty-tnhh-ld-stellapharm-tuyen-dung-1783.html', 'https://storage.googleapis.com/bdusupport.appspot.com/ea6f86ed-c06a-4c1a-9fe8-c6f12d460a5a_stella-1-e1580526559308.jpg', '2024-10-28 12:44:09.009090', '2024-10-28 12:44:09.009127', NULL, 1, 6),
	(20, 'Kết quả sơ bộ xét tốt nghiệp đợt 4 năm 2024 (Đại học chính quy)', 'https://daotao.bdu.edu.vn/index.php/thong-tin-xet-tot-nghiep/ket-qua-so-bo-xet-tot-nghiep-dot-4-nam-2024-dai-hoc-chinh-quy-236.html', 'https://storage.googleapis.com/bdusupport.appspot.com/7c618bd5-f016-4ec0-8c04-d5ffb7997512_ket-qua-so-bo-xet-tot-nghiep-dot-4-nam-2024-dai-hoc-chinh-quy.jpg', '2024-10-28 12:53:02.400579', '2024-10-28 12:53:02.400615', NULL, 1, 5),
	(21, 'Kết quả sơ bộ xét tốt nghiệp đợt 4 năm 2024 (Liên thông, VLVH, GDTX, VB 2)', 'https://daotao.bdu.edu.vn/index.php/thong-tin-xet-tot-nghiep/ket-qua-so-bo-xet-tot-nghiep-dot-4-nam-2024-lien-thong-vlvh-gdtx-vb-2-237.html', 'https://storage.googleapis.com/bdusupport.appspot.com/0fa53a9e-039e-4875-b9c6-d7c7bdc50551_ket-qua-so-bo-xet-tot-nghiep-dot-4-nam-2024-dai-hoc-chinh-quy.jpg', '2024-10-28 12:53:27.746696', '2024-10-28 12:53:27.746737', NULL, 1, 5),
	(22, 'Kết quả sơ bộ sau phản hồi xét tốt nghiệp đợt 4 năm 2024 (Sau đại học)', 'https://daotao.bdu.edu.vn/index.php/thong-tin-xet-tot-nghiep/ket-qua-so-bo-sau-phan-hoi-xet-tot-nghiep-dot-4-nam-2024-sau-dai-hoc-239.html', 'https://storage.googleapis.com/bdusupport.appspot.com/44f78510-11d5-4cef-b7c3-45d1c4ed0f5c_ket-qua-so-bo-xet-tot-nghiep-dot-4-nam-2024-dai-hoc-chinh-quy.jpg', '2024-10-28 12:54:04.557676', '2024-10-28 12:54:04.557711', NULL, 1, 5),
	(23, 'Kết quả sơ bộ sau phản hồi xét tốt nghiệp đợt 4 năm 2024 (Đại học chính quy)', 'https://daotao.bdu.edu.vn/index.php/thong-tin-xet-tot-nghiep/ket-qua-so-bo-sau-phan-hoi-xet-tot-nghiep-dot-4-nam-2024-dai-hoc-chinh-quy-240.html', 'https://storage.googleapis.com/bdusupport.appspot.com/e8622bb4-2e79-444b-be9b-80ed1de7dcf2_ket-qua-so-bo-xet-tot-nghiep-dot-4-nam-2024-dai-hoc-chinh-quy.jpg', '2024-10-28 12:54:25.167180', '2024-10-28 12:54:25.167215', NULL, 1, 5),
	(24, 'Kết quả chính thức xét tốt nghiệp đợt 3 năm 2024', 'https://daotao.bdu.edu.vn/index.php/thong-tin-xet-tot-nghiep/ket-qua-chinh-thuc-xet-tot-nghiep-dot-3-nam-2024-243.html', 'https://storage.googleapis.com/bdusupport.appspot.com/b2c6a4ed-31ec-480d-992e-60fe2d41d872_ket-qua-so-bo-xet-tot-nghiep-dot-4-nam-2024-dai-hoc-chinh-quy.jpg', '2024-10-28 12:54:54.424220', '2024-10-28 12:54:54.424254', NULL, 1, 5),
	(25, 'Thông báo thời gian tổ chức nhận hồ sơ xét tốt nghiệp đợt 5 năm 2024', 'https://daotao.bdu.edu.vn/index.php/thong-tin-xet-tot-nghiep/thong-bao-thoi-gian-to-chuc-nhan-ho-so-xet-tot-nghiep-dot-5-nam-2024-245.html', 'https://storage.googleapis.com/bdusupport.appspot.com/b4b077d6-75b5-4946-9ade-628e23c26c05_ket-qua-so-bo-xet-tot-nghiep-dot-4-nam-2024-dai-hoc-chinh-quy.jpg', '2024-10-28 12:55:16.936717', '2024-10-28 12:55:16.936753', NULL, 1, 5),
	(26, 'Kế hoạch xét và công nhận tốt nghiệp năm 2025', 'https://daotao.bdu.edu.vn/index.php/ke-hoach-xet-tot-nghiep/ke-hoach-xet-va-cong-nhan-tot-nghiep-nam-2025-254.html', 'https://storage.googleapis.com/bdusupport.appspot.com/340030d8-0c0b-49ce-aec0-fc3aa76e4430_ket-qua-so-bo-xet-tot-nghiep-dot-4-nam-2024-dai-hoc-chinh-quy.jpg', '2024-10-28 12:55:48.317699', '2024-10-28 12:55:48.317736', NULL, 1, 5),
	(27, 'Kết quả chính thức xét tốt nghiệp đợt 4 năm 2024', 'https://daotao.bdu.edu.vn/index.php/thong-tin-xet-tot-nghiep/ket-qua-chinh-thuc-xet-tot-nghiep-dot-4-nam-2024-260.html', 'https://storage.googleapis.com/bdusupport.appspot.com/8e0e2c4d-0864-4c23-bef3-d57b9b462611_ket-qua-so-bo-xet-tot-nghiep-dot-4-nam-2024-dai-hoc-chinh-quy.jpg', '2024-10-28 12:56:09.409647', '2024-10-28 12:56:09.409684', NULL, 1, 5),
	(28, 'Tham vấn trị liệu từ liệu pháp nghệ thuật', 'https://www.bdu.edu.vn/goc-hoc-duong/tham-van-tri-lieu-tu-lieu-phap-nghe-thuat-1802.html', 'https://storage.googleapis.com/bdusupport.appspot.com/cea68ae7-829f-40f7-944d-c43b797229f6_images%20%286%29.jpg', '2024-10-28 12:59:10.068443', '2024-10-28 12:59:10.068480', NULL, 1, 7),
	(29, 'Làm thế nào để tự lập khi sống xa nhà lần đầu tiên', 'https://www.bdu.edu.vn/assets/news/2024_10/d705d770-682c-4f95-ae0c-838a83f7dd49.jpg', 'https://storage.googleapis.com/bdusupport.appspot.com/db28e371-abc0-45d1-a5df-ea820839b341_d705d770-682c-4f95-ae0c-838a83f7dd49.jpg', '2024-10-28 13:00:07.746611', '2024-10-28 13:00:07.746648', NULL, 1, 7),
	(30, 'Câu lạc bộ &quot;trạm&quot; phát triển toàn diện cho sinh viên', 'https://www.bdu.edu.vn/thong-bao/cau-lac-bo-hanh-trinh-phat-trien-toan-dien-cho-sinh-vien-1806.html', 'https://storage.googleapis.com/bdusupport.appspot.com/1c69ad25-6811-443e-b6ff-18c07de5b9cd_cau-lac-bo.png', '2024-10-28 13:00:39.571409', '2024-10-28 13:00:39.571445', NULL, 1, 7),
	(31, 'Bí quyết quản lý thời gian hiệu quả cho tân sinh viên Đại học Bình Dương', 'https://www.bdu.edu.vn/thong-bao/bi-quyet-quan-ly-thoi-gian-hieu-qua-cho-tan-sinh-vien-dai-hoc-binh-duong-1807.html', 'https://storage.googleapis.com/bdusupport.appspot.com/7174f2c2-2aa1-43ae-90b4-e6ce59609eb6_images-1.jpg', '2024-10-28 13:01:36.591476', '2024-10-28 13:01:36.591513', NULL, 1, 7),
	(32, 'Bí kíp giúp tân sinh viên vượt ải thuyết trình thành công', 'https://www.bdu.edu.vn/goc-hoc-duong/bi-kip-giup-tan-sinh-vien-vuot-ai-thueyets-trinh-thanh-cong-1810.html', 'https://storage.googleapis.com/bdusupport.appspot.com/6223b455-6518-47f1-b472-e0ce8fcfcd8d_white-and-yellow-modern-professional-business-conference-instagram-post-design.png', '2024-10-28 13:02:10.858500', '2024-10-28 13:02:10.858538', NULL, 1, 7),
	(33, 'Học nhóm online sao cho "tiện cả đôi đường"?', 'https://www.bdu.edu.vn/goc-hoc-duong/hoc-nhom-online-sao-cho-tien-ca-doi-duong-1812.html', 'https://storage.googleapis.com/bdusupport.appspot.com/e3af4727-9224-4613-8b91-99894fe1b14e_white-and-purple-5-focus-tips-minimalist-instagram-post-1.png', '2024-10-28 13:02:33.750470', '2024-10-28 13:02:33.750508', NULL, 1, 7),
	(34, 'Cô Gái Và Trái Tim Chúc Mừng Ngày Phụ Nữ Việt Nam 2010 Bài Đăng Instagram Đơn Giản', 'https://www.bdu.edu.vn/goc-hoc-duong/sinh-vien-bdu-lam-gi-de-tri-an-co-giao-nhan-ngay-20-10-1815.html', 'https://storage.googleapis.com/bdusupport.appspot.com/7893d785-f2a5-4b2c-b1ba-2bc3ab858297_co-gai-va-trai-tim-chuc-mung-ngay-phu-nu-viet-nam-2010-bai-dang-instagram-don-gian.png', '2024-10-28 13:03:01.641978', '2024-10-28 13:03:01.642015', NULL, 1, 7),
	(35, 'Tuyển sinh trình độ thạc sĩ đợt 3 năm 2024', 'https://tuyensinh.bdu.edu.vn/index.php/tuyen-sinh-thac-si/tuyen-sinh-trinh-do-thac-si-dot-3-nam-2024-517.html', 'https://storage.googleapis.com/bdusupport.appspot.com/34b7e14c-834d-43b8-8bf1-e83f37dfb4e6_55ccda30bf61063f5f70.jpg', '2024-11-08 07:57:15.015400', '2024-11-08 07:57:15.015437', NULL, 1, 2),
	(36, 'Tuyển sinh đào tạo trình độ tiến sĩ đợt 2 năm 2024', 'https://tuyensinh.bdu.edu.vn/index.php/tuyen-sinh-tien-si/tuyen-sinh-dao-tao-trinh-do-tien-si-dot-2-nam-2024-518.html', 'https://storage.googleapis.com/bdusupport.appspot.com/5cfd0edc-4f50-4458-904e-cde802180aa4_banner-tuyen-sinh-tien-si-dot-2-bdu-dh-binh-duong-2024.jpg', '2024-11-08 07:57:54.409034', '2024-11-08 07:57:54.409080', NULL, 1, 2),
	(37, 'Talkshow “Tri ân người thầy cô - Người gieo mầm tri thức”', 'https://www.bdu.edu.vn/tin-tuc-su-kien/talkshow-tri-an-nguoi-thay-co-nguoi-gieo-mam-tri-thuc-1840.html', 'https://storage.googleapis.com/bdusupport.appspot.com/1b34c917-bb22-4b68-925f-f048b0cae5d6_1_1.png', '2024-11-26 03:29:19.629993', '2024-11-26 03:29:19.630033', NULL, 1, 1),
	(38, 'Sinh viên ngành Công nghệ thực phẩm tham quan nhà máy Yakult Việt Nam', 'https://www.bdu.edu.vn/tin-tuc-su-kien/sinh-vien-nganh-cong-nghe-thuc-pham-tham-quan-nha-may-yakult-viet-nam-1841.html', 'https://storage.googleapis.com/bdusupport.appspot.com/53681efa-c4bd-4856-bea9-e3c4b6cc2e95_5-2-2.png', '2024-11-26 03:29:52.263362', '2024-11-26 03:29:52.263400', NULL, 1, 1),
	(39, 'Khoa IRA  tham quan tại VNPT Bình Dương và Trung tâm Sáng kiến Cộng đồng BIIC', 'https://www.bdu.edu.vn/tin-tuc-su-kien/khoa-ira-tham-quan-tai-vnpt-binh-duong-va-trung-tam-sang-kien-cong-dong-biic-1842.html', 'https://storage.googleapis.com/bdusupport.appspot.com/765436b6-084b-4bf1-8f00-aacb18e5cece_dsc09662.png', '2024-11-26 03:30:16.168270', '2024-11-26 03:30:16.168306', NULL, 1, 1),
	(40, 'BDU khai giảng các lớp đào tạo trình độ thạc sĩ đợt 2 – năm 2024', 'https://www.bdu.edu.vn/tin-tuc-su-kien/bdu-khai-giang-cac-lop-dao-tao-trinh-do-thac-si-dot-2-nam-2024-1843.html', 'https://storage.googleapis.com/bdusupport.appspot.com/c517b713-3c5d-4a59-b81b-2899c5a66688_25.png', '2024-11-26 03:31:04.921574', '2024-11-26 03:31:04.921610', NULL, 1, 1),
	(41, 'Trung tâm Tin học – Ngoại ngữ BDU thực hiện Chương trình Tiếng Việt cho người nước ngoài', 'https://www.bdu.edu.vn/tin-tuc-su-kien/trung-tam-tin-hoc-ngoai-ngu-bdu-thuc-hien-chuong-trinh-tieng-viet-cho-nguoi-nuoc-ngoai-1844.html', 'https://storage.googleapis.com/bdusupport.appspot.com/ed61d99d-5dc3-4fc6-92d6-33cc50e2be80_vcok.png', '2024-11-26 03:31:43.430923', '2024-11-26 03:31:43.430958', NULL, 1, 1),
	(42, 'Tự học trong ngành Dược: Làm sao để xây dựng lộ trình học tập hiệu quả?', 'https://www.bdu.edu.vn/thong-bao/tu-hoc-trong-nganh-duoc-lam-sao-de-xay-dung-lo-trinh-hoc-tap-hieu-qua-1817.html', 'https://storage.googleapis.com/bdusupport.appspot.com/e4bdadbb-988b-4440-aea4-fc5e21a0dc0e_duoc.png', '2024-11-26 03:32:23.920591', '2024-11-26 03:32:23.920629', NULL, 1, 7),
	(43, 'Tháng 11 – Tháng Tri ân Thầy cô của sinh viên Trường Đại học Bình Dương', 'https://www.bdu.edu.vn/goc-hoc-duong/thang-11-thang-tri-an-thay-co-cua-sinh-vien-truong-dai-hoc-binh-duong-1825.html', 'https://storage.googleapis.com/bdusupport.appspot.com/55bff482-d1c5-4057-ae8f-26a9f9054933_xuanthu.png', '2024-11-26 03:32:53.469007', '2024-11-26 03:32:53.469044', NULL, 1, 7),
	(44, 'Hành trình tri thức kết thúc – Tương lai rộng mở đang chờ đón tôi', 'https://www.bdu.edu.vn/tin-tuc-su-kien/hanh-trinh-tri-thuc-ket-thuc-tuong-lai-rong-mo-dang-cho-don-toi-1831.html', 'https://storage.googleapis.com/bdusupport.appspot.com/a9140664-748c-4cdc-848c-1c054d2ffacd_hinh-rua-48.png', '2024-11-26 03:33:17.340577', '2024-11-26 03:33:17.340616', NULL, 1, 7),
	(45, 'Phương pháp học tập hiệu quả mà sinh viên năm nhất cần biết', 'https://www.bdu.edu.vn/goc-hoc-duong/phuong-phap-hoc-tap-hieu-qua-ma-sinh-vien-nam-nhat-can-biet-1838.html', 'https://storage.googleapis.com/bdusupport.appspot.com/59aa33ad-5080-425a-ba2f-820a24c8a6ee_phuong-phap-hoc-tap-hieu-qua-cua-sinh-vien-3.jpg', '2024-11-26 03:33:44.280314', '2024-11-26 03:33:44.280356', NULL, 1, 7),
	(46, 'Công ty K-Chem Việt Nam tuyển dụng', 'https://www.bdu.edu.vn/tuyen-dung/cong-ty-k-chem-viet-nam-tuyen-dung-1822.html', 'https://storage.googleapis.com/bdusupport.appspot.com/63dc4a51-9e59-467c-93ba-a7446e96c44e_logo.png', '2024-11-26 03:34:49.346524', '2024-11-26 03:34:49.346578', NULL, 1, 6),
	(47, 'Công ty TNHH Gunzetal (Việt Nam) tuyển dụng', 'https://www.bdu.edu.vn/tuyen-dung/cong-ty-tnhh-gunzetal-viet-nam-tuyen-dung-1823.html', 'https://storage.googleapis.com/bdusupport.appspot.com/4624cd82-df41-42fd-9080-ba2c699e99ce_2020-03-17.jpg', '2024-11-26 03:35:15.059335', '2024-11-26 03:35:15.059371', NULL, 1, 6),
	(48, 'Công ty TNHH Cơ khí Xây dựng Thiên Phát Lộc tuyển dụng', 'https://www.bdu.edu.vn/tuyen-dung/cong-ty-tnhh-co-khi-xay-dung-thien-phat-loc-tuyen-dung-1826.html', 'https://storage.googleapis.com/bdusupport.appspot.com/79a3f8c4-4284-4357-aaef-c4f39963be36_tuyen-dung-cac-vi-tri.png', '2024-11-26 03:35:45.513789', '2024-11-26 03:35:45.513825', NULL, 1, 6),
	(49, 'Công ty Cổ phần Ô tô VIG Bình Dương tuyển dụng nhân viên bán hàng', 'https://www.bdu.edu.vn/tuyen-dung/cong-ty-co-phan-o-to-vig-binh-duong-tuyen-dung-nhan-vien-ban-hang-1832.html', 'https://storage.googleapis.com/bdusupport.appspot.com/aac9d348-8eb1-4fd5-9aac-a39cc2104edc_gioi-thieu-byd-vig-binh-duong.jpg', '2024-11-26 03:36:07.715916', '2024-11-26 03:36:07.715954', NULL, 1, 6),
	(50, 'Công ty TNHH Provina tuyển dụng nhân viên kinh doanh', 'https://www.bdu.edu.vn/tuyen-dung/cong-ty-tnhh-provina-tuyen-dung-nhan-vien-kinh-doanh-1835.html', 'https://storage.googleapis.com/bdusupport.appspot.com/edddc511-4f65-47cf-af8d-1161dea1d577_lo-go-provina.png', '2024-11-26 03:36:31.519096', '2024-11-26 03:36:31.519134', NULL, 1, 6),
	(51, 'Công ty Cổ phần Logistics U&I tuyển dụng', 'https://www.bdu.edu.vn/tuyen-dung/cong-ty-co-phan-logistics-u-i-tuyen-dung-1836.html', 'https://storage.googleapis.com/bdusupport.appspot.com/4111a6a2-37ae-4d98-9543-982571103eff_ui.jpg', '2024-11-26 03:36:55.629192', '2024-11-26 03:36:55.629227', NULL, 1, 6),
	(52, 'Khoa IRA  tham quan tại VNPT Bình Dương và Trung tâm Sáng kiến Cộng đồng BIIC', 'https://www.bdu.edu.vn/tin-tuc-su-kien/khoa-ira-tham-quan-tai-vnpt-binh-duong-va-trung-tam-sang-kien-cong-dong-biic-1842.html', 'https://storage.googleapis.com/bdusupport.appspot.com/06d6d246-b10b-46fc-8009-40c7eb8b2753_dsc09662%20%281%29.png', '2024-12-03 06:48:22.871763', '2024-12-03 06:48:22.871802', NULL, 1, 1),
	(53, 'Giảng viên BDU được tuyên dương &quot;Giảng viên trẻ tiêu biểu&quot; của tỉnh Bình Dương năm 2024', 'https://www.bdu.edu.vn/tin-tuc-su-kien/giang-vien-bdu-duoc-tuyen-duong-giang-vien-tre-tieu-bieu-cua-tinh-binh-duong-nam-2024-1849.html', 'https://storage.googleapis.com/bdusupport.appspot.com/9602fd40-bc88-45b2-81fa-f34f1b89e467_z6079815974896_375450a39fb0e7d8d3617275c94915db.jpg', '2024-12-03 06:49:04.405775', '2024-12-03 06:49:04.405813', NULL, 1, 1),
	(54, 'Viện giao lưu văn hoá Quốc tế Trường Đại học Bình Dương đón tiếp Đoàn đại biểu Trường Đại học Missouri – TP Kansas, Hoa Kỳ', 'https://www.bdu.edu.vn/tin-tuc-su-kien/vien-giao-luu-van-hoa-quoc-te-truong-dai-hoc-binh-duong-don-tiep-doan-dai-bieu-truong-dai-hoc-missouri-tp-kansas-hoa-ky-444.html', 'https://storage.googleapis.com/bdusupport.appspot.com/cfec6000-604b-4b5d-9872-cbe409291e9c_dsc08024ua_1.jpg', '2024-12-03 06:50:42.632118', '2024-12-03 06:50:42.632154', NULL, 1, 3),
	(55, 'Đón tiếp và làm việc cùng các chuyên gia Nhật Bản', 'https://www.bdu.edu.vn/tin-hop-tac-quoc-te/don-tiep-va-lam-viec-cung-cac-chuyen-gia-nhat-ban-232.html', 'https://storage.googleapis.com/bdusupport.appspot.com/dbfecd9b-fbc8-48f9-99bb-8a4ce7b2228a_lanh-dao-4.png', '2024-12-03 06:51:37.916419', '2024-12-03 06:51:37.916458', NULL, 1, 3),
	(56, 'Đón tiếp và làm việc cùng các chuyên gia Nhật Bản', 'https://www.bdu.edu.vn/tin-hop-tac-quoc-te/don-tiep-va-lam-viec-cung-cac-chuyen-gia-nhat-ban-232.html', 'https://storage.googleapis.com/bdusupport.appspot.com/d54227c4-2ad9-40bb-a1f7-7a231b358ad6_lanh-dao-4.png', '2024-12-03 06:51:40.304469', '2024-12-03 06:51:40.304507', NULL, 1, 3),
	(57, 'Hợp tác đổi mới sáng tạo giữa Viện Dược học - Đại học Bình Dương và Đại học Quốc Gia Tsinghua Đài Loan', 'https://www.bdu.edu.vn/tin-tuc-su-kien/hop-tac-doi-moi-sang-tao-giua-vien-duoc-hoc-dai-hoc-binh-duong-va-dai-hoc-quoc-gia-tsinghua-dai-loan-211.html', 'https://storage.googleapis.com/bdusupport.appspot.com/124608d4-5751-4de4-91e2-ae13ae142ce8_z4646662048169_d18ecb2b7c29619a41c41d7c0f9d72f9.jpg', '2024-12-03 06:52:14.889746', '2024-12-03 06:52:14.889782', NULL, 1, 3);

-- Dumping structure for table bdusupport.news_type
CREATE TABLE IF NOT EXISTS `news_type` (
  `id` int NOT NULL AUTO_INCREMENT,
  `name` varchar(255) NOT NULL,
  `description` varchar(255) NOT NULL,
  `created_at` datetime(6) NOT NULL,
  `updated_at` datetime(6) NOT NULL,
  `deleted_at` datetime(6) DEFAULT NULL,
  `author_id` int NOT NULL,
  PRIMARY KEY (`id`),
  KEY `news_type_author_id_8e7c3faf_fk_account_id` (`author_id`),
  CONSTRAINT `news_type_author_id_8e7c3faf_fk_account_id` FOREIGN KEY (`author_id`) REFERENCES `account` (`id`)
) ENGINE=InnoDB AUTO_INCREMENT=8 DEFAULT CHARSET=utf8mb4 COLLATE=utf8mb4_0900_ai_ci;

-- Dumping data for table bdusupport.news_type: ~0 rows (approximately)
INSERT INTO `news_type` (`id`, `name`, `description`, `created_at`, `updated_at`, `deleted_at`, `author_id`) VALUES
	(1, 'Tin tức- sự kiện', '', '2024-09-16 08:32:29.208128', '2024-09-16 08:32:29.208141', NULL, 1),
	(2, 'Tuyển sinh', '', '2024-09-16 08:32:37.767515', '2024-09-16 08:32:37.767529', NULL, 1),
	(3, 'Hoạt Động', '', '2024-09-16 08:32:44.713414', '2024-09-16 08:32:44.713429', NULL, 1),
	(4, 'Lịch học-lịch thi', '', '2024-09-16 08:32:52.219632', '2024-09-16 08:32:52.219648', NULL, 1),
	(5, 'Tốt nghiệp', '', '2024-09-16 08:32:59.328573', '2024-09-16 08:32:59.328588', NULL, 1),
	(6, 'Việc làm', '', '2024-09-16 08:33:06.026704', '2024-09-16 08:33:06.026717', NULL, 1),
	(7, 'Góc học đường', '', '2024-10-28 12:57:56.496346', '2024-10-28 12:57:56.496376', NULL, 1);

-- Dumping structure for table bdusupport.student
CREATE TABLE IF NOT EXISTS `student` (
  `id` int NOT NULL AUTO_INCREMENT,
  `fullname` varchar(255) NOT NULL,
  `gender` tinyint(1) NOT NULL,
  `date_of_birth` date NOT NULL,
  `citizen_id` varchar(30) NOT NULL,
  `email` varchar(254) NOT NULL,
  `phone` varchar(15) NOT NULL,
  `address` varchar(255) NOT NULL,
  `city` varchar(255) NOT NULL,
  `high_school` varchar(255) NOT NULL,
  PRIMARY KEY (`id`)
) ENGINE=InnoDB DEFAULT CHARSET=utf8mb4 COLLATE=utf8mb4_0900_ai_ci;

-- Dumping data for table bdusupport.student: ~0 rows (approximately)

-- Dumping structure for table bdusupport.subject
CREATE TABLE IF NOT EXISTS `subject` (
  `id` int NOT NULL AUTO_INCREMENT,
  `name` varchar(255) NOT NULL,
  `created_at` datetime(6) NOT NULL,
  `updated_at` datetime(6) NOT NULL,
  `deleted_at` datetime(6) DEFAULT NULL,
  PRIMARY KEY (`id`)
) ENGINE=InnoDB AUTO_INCREMENT=12 DEFAULT CHARSET=utf8mb4 COLLATE=utf8mb4_0900_ai_ci;

-- Dumping data for table bdusupport.subject: ~0 rows (approximately)
INSERT INTO `subject` (`id`, `name`, `created_at`, `updated_at`, `deleted_at`) VALUES
	(1, 'Toán', '2024-09-16 08:21:43.472501', '2024-09-16 08:21:43.472517', NULL),
	(2, 'Lý', '2024-09-16 08:21:50.402191', '2024-09-16 08:21:50.402208', NULL),
	(3, 'Hóa', '2024-09-16 08:21:55.738656', '2024-09-16 08:21:55.738669', NULL),
	(4, 'Sinh', '2024-09-16 08:22:01.823708', '2024-09-16 08:22:01.823721', NULL),
	(5, 'Sử', '2024-09-16 08:22:09.854963', '2024-09-16 08:22:09.854976', NULL),
	(6, 'Địa', '2024-09-16 08:22:13.960949', '2024-09-16 08:22:13.960967', NULL),
	(7, 'GDCD', '2024-09-16 08:22:18.956600', '2024-09-16 08:22:18.956616', NULL),
	(8, 'Anh', '2024-09-16 08:22:25.123658', '2024-09-16 08:22:25.123675', NULL),
	(9, 'Văn', '2024-09-16 08:22:30.137267', '2024-09-16 08:22:30.137284', NULL),
	(10, 'Tin', '2024-09-16 08:29:45.084259', '2024-09-16 08:29:45.084273', NULL),
	(11, 'Vẽ Mỹ thuật', '2024-09-16 08:30:46.999384', '2024-09-16 08:30:46.999398', NULL);

-- Dumping structure for table bdusupport.subject_score
CREATE TABLE IF NOT EXISTS `subject_score` (
  `id` int NOT NULL AUTO_INCREMENT,
  `score` double NOT NULL,
  `grade` int NOT NULL,
  `semester` int NOT NULL,
  `admission_registration_id` int NOT NULL,
  `subject_id` int NOT NULL,
  PRIMARY KEY (`id`),
  KEY `subject_score_admission_registrati_1458668e_fk_admission` (`admission_registration_id`),
  KEY `subject_score_subject_id_e9e70954_fk_subject_id` (`subject_id`),
  CONSTRAINT `subject_score_admission_registrati_1458668e_fk_admission` FOREIGN KEY (`admission_registration_id`) REFERENCES `admission_registration` (`id`),
  CONSTRAINT `subject_score_subject_id_e9e70954_fk_subject_id` FOREIGN KEY (`subject_id`) REFERENCES `subject` (`id`)
) ENGINE=InnoDB DEFAULT CHARSET=utf8mb4 COLLATE=utf8mb4_0900_ai_ci;

-- Dumping data for table bdusupport.subject_score: ~0 rows (approximately)

-- Dumping structure for table bdusupport.training_location
CREATE TABLE IF NOT EXISTS `training_location` (
  `id` int NOT NULL AUTO_INCREMENT,
  `name` varchar(255) NOT NULL,
  `created_at` datetime(6) NOT NULL,
  `deleted_at` datetime(6) DEFAULT NULL,
  PRIMARY KEY (`id`)
) ENGINE=InnoDB AUTO_INCREMENT=5 DEFAULT CHARSET=utf8mb4 COLLATE=utf8mb4_0900_ai_ci;

-- Dumping data for table bdusupport.training_location: ~0 rows (approximately)
INSERT INTO `training_location` (`id`, `name`, `created_at`, `deleted_at`) VALUES
	(3, 'Bình Dương', '2024-11-05 01:14:48.975457', NULL),
	(4, 'Cà Mau', '2024-11-05 01:14:56.622776', NULL);

/*!40103 SET TIME_ZONE=IFNULL(@OLD_TIME_ZONE, 'system') */;
/*!40101 SET SQL_MODE=IFNULL(@OLD_SQL_MODE, '') */;
/*!40014 SET FOREIGN_KEY_CHECKS=IFNULL(@OLD_FOREIGN_KEY_CHECKS, 1) */;
/*!40101 SET CHARACTER_SET_CLIENT=@OLD_CHARACTER_SET_CLIENT */;
/*!40111 SET SQL_NOTES=IFNULL(@OLD_SQL_NOTES, 1) */;
