-- MySQL dump 10.13  Distrib 8.0.40, for Win64 (x86_64)
--
-- Host: 127.0.0.1    Database: db_cbgv
-- ------------------------------------------------------
-- Server version	8.0.40

/*!40101 SET @OLD_CHARACTER_SET_CLIENT=@@CHARACTER_SET_CLIENT */;
/*!40101 SET @OLD_CHARACTER_SET_RESULTS=@@CHARACTER_SET_RESULTS */;
/*!40101 SET @OLD_COLLATION_CONNECTION=@@COLLATION_CONNECTION */;
/*!50503 SET NAMES utf8 */;
/*!40103 SET @OLD_TIME_ZONE=@@TIME_ZONE */;
/*!40103 SET TIME_ZONE='+00:00' */;
/*!40014 SET @OLD_UNIQUE_CHECKS=@@UNIQUE_CHECKS, UNIQUE_CHECKS=0 */;
/*!40014 SET @OLD_FOREIGN_KEY_CHECKS=@@FOREIGN_KEY_CHECKS, FOREIGN_KEY_CHECKS=0 */;
/*!40101 SET @OLD_SQL_MODE=@@SQL_MODE, SQL_MODE='NO_AUTO_VALUE_ON_ZERO' */;
/*!40111 SET @OLD_SQL_NOTES=@@SQL_NOTES, SQL_NOTES=0 */;

--
-- Table structure for table `cham_cong`
--

DROP TABLE IF EXISTS `cham_cong`;
/*!40101 SET @saved_cs_client     = @@character_set_client */;
/*!50503 SET character_set_client = utf8mb4 */;
CREATE TABLE `cham_cong` (
  `ma_cham_cong` int NOT NULL AUTO_INCREMENT,
  `ma_vien_chuc` varchar(20) DEFAULT NULL,
  `ho_va_ten` varchar(63) DEFAULT NULL,
  `ngay` date DEFAULT NULL,
  `thu` tinytext,
  `tong_gio` tinytext,
  `tong_phut` double DEFAULT NULL,
  `vao_1` varchar(10) DEFAULT NULL,
  `ra_1` varchar(10) DEFAULT NULL,
  `vao_2` varchar(10) DEFAULT NULL,
  `ra_2` varchar(10) DEFAULT NULL,
  `vao_3` varchar(10) DEFAULT NULL,
  `ra_3` varchar(10) DEFAULT NULL,
  `vao_4` varchar(10) DEFAULT NULL,
  `ra_4` varchar(10) DEFAULT NULL,
  `loai_phep` varchar(63) DEFAULT NULL,
  PRIMARY KEY (`ma_cham_cong`),
  UNIQUE KEY `ma_cham_cong` (`ma_cham_cong`),
  KEY `ma_vien_chuc` (`ma_vien_chuc`),
  CONSTRAINT `cham_cong_ibfk_1` FOREIGN KEY (`ma_vien_chuc`) REFERENCES `vien_chuc` (`ma_vien_chuc`) ON DELETE CASCADE ON UPDATE CASCADE
) ENGINE=InnoDB AUTO_INCREMENT=1531 DEFAULT CHARSET=utf8mb4 COLLATE=utf8mb4_0900_ai_ci;
/*!40101 SET character_set_client = @saved_cs_client */;

--
-- Dumping data for table `cham_cong`
--

LOCK TABLES `cham_cong` WRITE;
/*!40000 ALTER TABLE `cham_cong` DISABLE KEYS */;
INSERT INTO `cham_cong` VALUES (1,'90253','Nông Nguyễn Minh Thúy','2025-05-06','Thứ 3','8:23',503,'6:44','11:02','13:00','17:05',NULL,NULL,NULL,NULL,NULL),(2,'90253','Nông Nguyễn Minh Thúy','2025-05-07','Thứ 4','8:05',485,'6:56','11:03','13:10','17:08',NULL,NULL,NULL,NULL,NULL),(3,'90253','Nông Nguyễn Minh Thúy','2025-05-08','Thứ 5','8:04',484,'6:57','11:04','13:09','17:06',NULL,NULL,NULL,NULL,NULL),(4,'90253','Nông Nguyễn Minh Thúy','2025-05-09','Thứ 6','12:09',729,'6:54','11:07','12:41','17:01','17:05','20:41',NULL,NULL,NULL),(5,'90253','Nông Nguyễn Minh Thúy','2025-05-10','Thứ 7','0:00',0,NULL,NULL,NULL,NULL,NULL,NULL,NULL,NULL,NULL),(6,'90253','Nông Nguyễn Minh Thúy','2025-05-11','CN','0:00',0,NULL,NULL,NULL,NULL,NULL,NULL,NULL,NULL,NULL),(7,'90253','Nông Nguyễn Minh Thúy','2025-05-12','Thứ 2','8:06',486,'6:56','11:04','13:15','17:13',NULL,NULL,NULL,NULL,NULL),(8,'90253','Nông Nguyễn Minh Thúy','2025-05-13','Thứ 3','8:22',502,'6:51','11:05','13:03','17:11',NULL,NULL,NULL,NULL,NULL),(9,'90253','Nông Nguyễn Minh Thúy','2025-05-14','Thứ 4','8:14',494,'6:52','11:03','13:10','17:13',NULL,NULL,NULL,NULL,NULL),(10,'90253','Nông Nguyễn Minh Thúy','2025-05-15','Thứ 5','8:02',482,'6:53','11:06','13:17','17:06',NULL,NULL,NULL,NULL,NULL),(11,'90253','Nông Nguyễn Minh Thúy','2025-05-16','Thứ 6','11:28',688,'6:57','11:05','13:03','17:00','17:09','20:32',NULL,NULL,NULL),(12,'90253','Nông Nguyễn Minh Thúy','2025-05-17','Thứ 7','5:08',308,'6:55','12:03',NULL,NULL,NULL,NULL,NULL,NULL,NULL),(13,'90253','Nông Nguyễn Minh Thúy','2025-05-18','CN','0:00',0,NULL,NULL,NULL,NULL,NULL,NULL,NULL,NULL,NULL),(14,'90253','Nông Nguyễn Minh Thúy','2025-05-19','Thứ 2','7:33',453,'7:04','11:06','13:41','17:12',NULL,NULL,NULL,NULL,NULL),(15,'90253','Nông Nguyễn Minh Thúy','2025-05-20','Thứ 3','8:39',519,'6:56','11:05','13:00','17:30',NULL,NULL,NULL,NULL,NULL),(16,'DC098','Nguyễn Hữu Quyền','2025-05-06','Thứ 3','12:33',753,'6:31','11:09','12:34','20:29',NULL,NULL,NULL,NULL,NULL),(17,'DC098','Nguyễn Hữu Quyền','2025-05-07','Thứ 4','12:06',726,'6:44','11:01','12:43','20:32',NULL,NULL,NULL,NULL,NULL),(18,'DC098','Nguyễn Hữu Quyền','2025-05-08','Thứ 5','11:39',699,'6:42','10:49','13:06','20:38',NULL,NULL,NULL,NULL,NULL),(19,'DC098','Nguyễn Hữu Quyền','2025-05-09','Thứ 6','12:38',758,'6:39','11:06','12:31','20:42',NULL,NULL,NULL,NULL,NULL),(20,'DC098','Nguyễn Hữu Quyền','2025-05-10','Thứ 7','7:31',451,'12:38','20:09',NULL,NULL,NULL,NULL,NULL,NULL,NULL),(21,'DC098','Nguyễn Hữu Quyền','2025-05-11','CN','0:00',0,NULL,NULL,NULL,NULL,NULL,NULL,NULL,NULL,NULL),(22,'DC098','Nguyễn Hữu Quyền','2025-05-12','Thứ 2','8:11',491,'6:37','11:05','12:36','16:19',NULL,NULL,NULL,NULL,NULL),(23,'DC098','Nguyễn Hữu Quyền','2025-05-13','Thứ 3','11:59',719,'6:38','10:48','12:41','20:30',NULL,NULL,NULL,NULL,NULL),(24,'DC098','Nguyễn Hữu Quyền','2025-05-14','Thứ 4','12:07',727,'6:41','11:01','12:38','20:25',NULL,NULL,NULL,NULL,NULL),(25,'DC098','Nguyễn Hữu Quyền','2025-05-15','Thứ 5','7:21',441,'6:43','11:00','17:35','20:39',NULL,NULL,NULL,NULL,NULL),(26,'DC098','Nguyễn Hữu Quyền','2025-05-16','Thứ 6','13:45',825,'6:33','12:36','12:39','20:21',NULL,NULL,NULL,NULL,NULL),(27,'DC098','Nguyễn Hữu Quyền','2025-05-17','Thứ 7','11:37',697,'6:59','11:15','12:38','19:59',NULL,NULL,NULL,NULL,NULL),(28,'DC098','Nguyễn Hữu Quyền','2025-05-18','CN','0:00',0,NULL,NULL,NULL,NULL,NULL,NULL,NULL,NULL,NULL),(29,'DC098','Nguyễn Hữu Quyền','2025-05-19','Thứ 2','11:43',703,'6:41','11:07','13:17','20:34',NULL,NULL,NULL,NULL,NULL),(30,'DC098','Nguyễn Hữu Quyền','2025-05-20','Thứ 3','12:32',752,'6:37','11:07','12:32','20:34',NULL,NULL,NULL,NULL,NULL),(31,'2026','Nguyễn Hữu Tuấn','2025-05-06','Thứ 3','8:25',505,'6:59','11:06','13:06','17:24',NULL,NULL,NULL,NULL,NULL),(32,'2026','Nguyễn Hữu Tuấn','2025-05-07','Thứ 4','4:33',273,'12:58','17:31',NULL,NULL,NULL,NULL,NULL,NULL,NULL),(33,'2026','Nguyễn Hữu Tuấn','2025-05-08','Thứ 5','8:23',503,'7:03','11:08','13:06','17:24',NULL,NULL,NULL,NULL,NULL),(34,'2026','Nguyễn Hữu Tuấn','2025-05-09','Thứ 6','8:31',511,'7:13','11:06','12:31','17:09',NULL,NULL,NULL,NULL,NULL),(35,'2026','Nguyễn Hữu Tuấn','2025-05-10','Thứ 7','11:27',687,'7:03','11:01','12:38','17:01','17:03','20:09',NULL,NULL,NULL),(36,'2026','Nguyễn Hữu Tuấn','2025-05-11','CN','0:00',0,NULL,NULL,NULL,NULL,NULL,NULL,NULL,NULL,NULL),(37,'2026','Nguyễn Hữu Tuấn','2025-05-12','Thứ 2','8:14',494,'7:04','11:05','13:00','17:13',NULL,NULL,NULL,NULL,NULL),(38,'2026','Nguyễn Hữu Tuấn','2025-05-13','Thứ 3','7:47',467,'6:53','11:05','13:13','16:48',NULL,NULL,NULL,NULL,NULL),(39,'2026','Nguyễn Hữu Tuấn','2025-05-14','Thứ 4','8:30',510,'7:01','11:02','12:38','17:07',NULL,NULL,NULL,NULL,NULL),(40,'2026','Nguyễn Hữu Tuấn','2025-05-15','Thứ 5','3:49',229,'7:12','11:01',NULL,NULL,NULL,NULL,NULL,NULL,NULL),(41,'2026','Nguyễn Hữu Tuấn','2025-05-16','Thứ 6','9:26',566,'6:59','11:17','12:36','17:44',NULL,NULL,NULL,NULL,NULL),(42,'2026','Nguyễn Hữu Tuấn','2025-05-17','Thứ 7','10:56',656,'6:59','11:24','12:59','16:43','17:12','19:59',NULL,NULL,NULL),(43,'2026','Nguyễn Hữu Tuấn','2025-05-18','CN','0:00',0,NULL,NULL,NULL,NULL,NULL,NULL,NULL,NULL,NULL),(44,'2026','Nguyễn Hữu Tuấn','2025-05-19','Thứ 2','7:42',462,'6:56','11:05','13:21','16:54',NULL,NULL,NULL,NULL,NULL),(45,'2026','Nguyễn Hữu Tuấn','2025-05-20','Thứ 3','4:08',248,'6:59','11:07','12:32',NULL,NULL,NULL,NULL,NULL,NULL),(46,'90317','Nguyễn Khánh Tùng','2025-05-06','Thứ 3','10:07',607,'7:11','11:07','11:29','17:40',NULL,NULL,NULL,NULL,NULL),(47,'90317','Nguyễn Khánh Tùng','2025-05-07','Thứ 4','7:33',453,'6:46','11:19','13:06','16:06',NULL,NULL,NULL,NULL,NULL),(48,'90317','Nguyễn Khánh Tùng','2025-05-08','Thứ 5','8:37',517,'6:58','11:03','11:33','16:05',NULL,NULL,NULL,NULL,NULL),(49,'90317','Nguyễn Khánh Tùng','2025-05-09','Thứ 6','8:50',530,'6:55','11:05','13:27','18:07',NULL,NULL,NULL,NULL,NULL),(50,'90317','Nguyễn Khánh Tùng','2025-05-10','Thứ 7','3:30',210,'7:05','10:35',NULL,NULL,NULL,NULL,NULL,NULL,NULL),(51,'90317','Nguyễn Khánh Tùng','2025-05-11','CN','0:00',0,NULL,NULL,NULL,NULL,NULL,NULL,NULL,NULL,NULL),(52,'90317','Nguyễn Khánh Tùng','2025-05-12','Thứ 2','7:14',434,'7:22','11:27','13:08','16:17',NULL,NULL,NULL,NULL,NULL),(53,'90317','Nguyễn Khánh Tùng','2025-05-13','Thứ 3','8:28',508,'7:15','11:23','13:04','17:24','17:57',NULL,NULL,NULL,NULL),(54,'90317','Nguyễn Khánh Tùng','2025-05-14','Thứ 4','8:49',529,'7:00','11:36','11:56','16:09',NULL,NULL,NULL,NULL,NULL),(55,'90317','Nguyễn Khánh Tùng','2025-05-15','Thứ 5','8:45',525,'7:05','11:09','11:30','16:11',NULL,NULL,NULL,NULL,NULL),(56,'90317','Nguyễn Khánh Tùng','2025-05-16','Thứ 6','10:02',602,'7:05','11:08','11:26','17:25',NULL,NULL,NULL,NULL,NULL),(57,'90317','Nguyễn Khánh Tùng','2025-05-17','Thứ 7','3:58',238,'6:48','10:46',NULL,NULL,NULL,NULL,NULL,NULL,NULL),(58,'90317','Nguyễn Khánh Tùng','2025-05-18','CN','0:00',0,NULL,NULL,NULL,NULL,NULL,NULL,NULL,NULL,NULL),(59,'90317','Nguyễn Khánh Tùng','2025-05-19','Thứ 2','8:57',537,'7:05','11:11','11:26','16:17',NULL,NULL,NULL,NULL,NULL),(60,'90317','Nguyễn Khánh Tùng','2025-05-20','Thứ 3','0:27',27,'11:02','11:29','17:30',NULL,NULL,NULL,NULL,NULL,NULL),(61,'NV003','Nguyễn Ngọc Chiến','2025-05-06','Thứ 3','8:07',487,'6:55','11:01','13:15','17:16',NULL,NULL,NULL,NULL,NULL),(62,'NV003','Nguyễn Ngọc Chiến','2025-05-07','Thứ 4','8:06',486,'6:54','11:07','13:06','16:59',NULL,NULL,NULL,NULL,NULL),(63,'NV003','Nguyễn Ngọc Chiến','2025-05-08','Thứ 5','8:11',491,'6:52','11:14','13:01','16:50',NULL,NULL,NULL,NULL,NULL),(64,'NV003','Nguyễn Ngọc Chiến','2025-05-09','Thứ 6','7:34',454,'6:55','10:54','13:15','16:50',NULL,NULL,NULL,NULL,NULL),(65,'NV003','Nguyễn Ngọc Chiến','2025-05-10','Thứ 7','0:00',0,NULL,NULL,NULL,NULL,NULL,NULL,NULL,NULL,NULL),(66,'NV003','Nguyễn Ngọc Chiến','2025-05-11','CN','0:00',0,NULL,NULL,NULL,NULL,NULL,NULL,NULL,NULL,NULL),(67,'NV003','Nguyễn Ngọc Chiến','2025-05-12','Thứ 2','8:12',492,'6:50','11:06','13:00','16:56',NULL,NULL,NULL,NULL,NULL),(68,'NV003','Nguyễn Ngọc Chiến','2025-05-13','Thứ 3','7:30',450,'6:58','10:47','13:20','17:01',NULL,NULL,NULL,NULL,NULL),(69,'NV003','Nguyễn Ngọc Chiến','2025-05-14','Thứ 4','8:19',499,'6:39','11:03','12:59','16:54',NULL,NULL,NULL,NULL,NULL),(70,'NV003','Nguyễn Ngọc Chiến','2025-05-15','Thứ 5','12:48',768,'7:17','11:02','13:02','22:05',NULL,NULL,NULL,NULL,NULL),(71,'NV003','Nguyễn Ngọc Chiến','2025-05-16','Thứ 6','7:49',469,'6:42','10:51','13:09','16:49',NULL,NULL,NULL,NULL,NULL),(72,'NV003','Nguyễn Ngọc Chiến','2025-05-17','Thứ 7','0:00',0,NULL,NULL,NULL,NULL,NULL,NULL,NULL,NULL,NULL),(73,'NV003','Nguyễn Ngọc Chiến','2025-05-18','CN','0:00',0,NULL,NULL,NULL,NULL,NULL,NULL,NULL,NULL,NULL),(74,'NV003','Nguyễn Ngọc Chiến','2025-05-19','Thứ 2','8:35',515,'6:40','11:10','12:59','17:04',NULL,NULL,NULL,NULL,NULL),(75,'NV003','Nguyễn Ngọc Chiến','2025-05-20','Thứ 3','8:20',500,'6:48','11:09','13:05','17:04',NULL,NULL,NULL,NULL,NULL),(76,'DC154','Lê Thành Long','2025-05-06','Thứ 3','11:34',694,'6:55','11:17','13:01','20:13',NULL,NULL,NULL,NULL,NULL),(77,'DC154','Lê Thành Long','2025-05-07','Thứ 4','8:38',518,'6:55','11:17','13:00','17:16',NULL,NULL,NULL,NULL,NULL),(78,'DC154','Lê Thành Long','2025-05-08','Thứ 5','11:04',664,'6:56','11:04','13:09','20:05',NULL,NULL,NULL,NULL,NULL),(79,'DC154','Lê Thành Long','2025-05-09','Thứ 6','8:19',499,'6:54','11:15','13:06','17:04',NULL,NULL,NULL,NULL,NULL),(80,'DC154','Lê Thành Long','2025-05-10','Thứ 7','0:00',0,NULL,NULL,NULL,NULL,NULL,NULL,NULL,NULL,'P/2'),(81,'DC154','Lê Thành Long','2025-05-11','CN','0:00',0,NULL,NULL,NULL,NULL,NULL,NULL,NULL,NULL,NULL),(82,'DC154','Lê Thành Long','2025-05-12','Thứ 2','8:29',509,'6:48','11:10','12:59','17:06',NULL,NULL,NULL,NULL,NULL),(83,'DC154','Lê Thành Long','2025-05-13','Thứ 3','6:08',368,'6:52','13:00','17:33',NULL,NULL,NULL,NULL,NULL,NULL),(84,'DC154','Lê Thành Long','2025-05-14','Thứ 4','8:41',521,'6:51','11:17','13:00','17:15',NULL,NULL,NULL,NULL,NULL),(85,'DC154','Lê Thành Long','2025-05-15','Thứ 5','11:08',668,'6:53','10:54','13:05','20:12',NULL,NULL,NULL,NULL,NULL),(86,'DC154','Lê Thành Long','2025-05-16','Thứ 6','8:10',490,'6:55','10:58','13:05','17:12',NULL,NULL,NULL,NULL,NULL),(87,'DC154','Lê Thành Long','2025-05-17','Thứ 7','8:51',531,'6:49','11:14','12:39','17:05',NULL,NULL,NULL,NULL,NULL),(88,'DC154','Lê Thành Long','2025-05-18','CN','0:00',0,NULL,NULL,NULL,NULL,NULL,NULL,NULL,NULL,NULL),(89,'DC154','Lê Thành Long','2025-05-19','Thứ 2','8:19',499,'6:51','11:14','13:12','17:08',NULL,NULL,NULL,NULL,NULL),(90,'DC154','Lê Thành Long','2025-05-20','Thứ 3','11:31',691,'6:52','11:13','13:03','20:13',NULL,NULL,NULL,NULL,NULL),(91,'AV055','Lê Ái Phú','2025-05-06','Thứ 3','12:32',752,'6:42','11:17','12:24','20:21',NULL,NULL,NULL,NULL,NULL),(92,'AV055','Lê Ái Phú','2025-05-07','Thứ 4','12:54',774,'6:47','11:12','11:52','20:21',NULL,NULL,NULL,NULL,NULL),(93,'AV055','Lê Ái Phú','2025-05-08','Thứ 5','13:12',792,'6:42','11:19','11:59','20:34',NULL,NULL,NULL,NULL,NULL),(94,'AV055','Lê Ái Phú','2025-05-09','Thứ 6','10:33',633,'6:40','11:21','12:01','17:53',NULL,NULL,NULL,NULL,NULL),(95,'AV055','Lê Ái Phú','2025-05-10','Thứ 7','9:00',540,'7:58','16:58',NULL,NULL,NULL,NULL,NULL,NULL,NULL),(96,'AV055','Lê Ái Phú','2025-05-11','CN','9:56',596,'6:55','16:51',NULL,NULL,NULL,NULL,NULL,NULL,NULL),(97,'AV055','Lê Ái Phú','2025-05-12','Thứ 2','12:19',739,'6:49','11:24','12:46','20:30',NULL,NULL,NULL,NULL,NULL),(98,'AV055','Lê Ái Phú','2025-05-13','Thứ 3','12:33',753,'6:44','11:29','12:35','20:23',NULL,NULL,NULL,NULL,NULL),(99,'AV055','Lê Ái Phú','2025-05-14','Thứ 4','12:49',769,'6:42','11:25','12:20','20:26',NULL,NULL,NULL,NULL,NULL),(100,'AV055','Lê Ái Phú','2025-05-15','Thứ 5','12:42',762,'6:45','11:26','12:26','20:27',NULL,NULL,NULL,NULL,NULL),(101,'AV055','Lê Ái Phú','2025-05-16','Thứ 6','12:28',748,'6:36','11:24','12:20','20:00',NULL,NULL,NULL,NULL,NULL),(102,'AV055','Lê Ái Phú','2025-05-17','Thứ 7','10:07',607,'6:45','16:52',NULL,NULL,NULL,NULL,NULL,NULL,NULL),(103,'AV055','Lê Ái Phú','2025-05-18','CN','10:20',620,'6:36','16:56',NULL,NULL,NULL,NULL,NULL,NULL,NULL),(104,'AV055','Lê Ái Phú','2025-05-19','Thứ 2','12:03',723,'6:43','11:24','12:23','19:45',NULL,NULL,NULL,NULL,NULL),(105,'AV055','Lê Ái Phú','2025-05-20','Thứ 3','12:42',762,'6:43','11:11','12:11','20:25',NULL,NULL,NULL,NULL,NULL),(106,'90359','Đỗ Thanh Nguyên','2025-05-06','Thứ 3','13:27',807,'6:45','10:56','11:18','16:59','17:03','20:38',NULL,NULL,NULL),(107,'90359','Đỗ Thanh Nguyên','2025-05-07','Thứ 4','13:21',801,'6:46','11:12','11:36','17:02','17:04','20:33',NULL,NULL,NULL),(108,'90359','Đỗ Thanh Nguyên','2025-05-08','Thứ 5','13:35',815,'6:47','11:07','11:22','17:00','17:03','20:40',NULL,NULL,NULL),(109,'90359','Đỗ Thanh Nguyên','2025-05-09','Thứ 6','0:00',0,NULL,NULL,NULL,NULL,NULL,NULL,NULL,NULL,NULL),(110,'90359','Đỗ Thanh Nguyên','2025-05-10','Thứ 7','0:00',0,NULL,NULL,NULL,NULL,NULL,NULL,NULL,NULL,NULL),(111,'90359','Đỗ Thanh Nguyên','2025-05-11','CN','0:00',0,NULL,NULL,NULL,NULL,NULL,NULL,NULL,NULL,NULL),(112,'90359','Đỗ Thanh Nguyên','2025-05-12','Thứ 2','8:26',506,'12:10','16:54','16:58','20:40',NULL,NULL,NULL,NULL,NULL),(113,'90359','Đỗ Thanh Nguyên','2025-05-13','Thứ 3','13:20',800,'6:44','11:06','11:39','17:01','17:04','20:40',NULL,NULL,NULL),(114,'90359','Đỗ Thanh Nguyên','2025-05-14','Thứ 4','13:26',806,'6:41','10:56','11:21','17:00','17:02','20:34',NULL,NULL,NULL),(115,'90359','Đỗ Thanh Nguyên','2025-05-15','Thứ 5','13:29',809,'6:46','11:00','11:23','17:00','17:03','20:41',NULL,NULL,NULL),(116,'90359','Đỗ Thanh Nguyên','2025-05-16','Thứ 6','10:08',608,'6:56','11:16','11:33','17:21',NULL,NULL,NULL,NULL,NULL),(117,'90359','Đỗ Thanh Nguyên','2025-05-17','Thứ 7','4:38',278,'6:58','11:36',NULL,NULL,NULL,NULL,NULL,NULL,NULL),(118,'90359','Đỗ Thanh Nguyên','2025-05-18','CN','0:00',0,NULL,NULL,NULL,NULL,NULL,NULL,NULL,NULL,NULL),(119,'90359','Đỗ Thanh Nguyên','2025-05-19','Thứ 2','8:38',518,'12:05','17:01','17:04','20:46',NULL,NULL,NULL,NULL,NULL),(120,'90359','Đỗ Thanh Nguyên','2025-05-20','Thứ 3','13:28',808,'6:41','11:04','11:29','17:00','17:03','20:37',NULL,NULL,NULL),(121,'SH012','Hoàng Ngọc Cương','2025-05-06','Thứ 3','7:01',421,'7:12','10:45','13:19','16:47',NULL,NULL,NULL,NULL,NULL),(122,'SH012','Hoàng Ngọc Cương','2025-05-07','Thứ 4','0:00',0,NULL,NULL,NULL,NULL,NULL,NULL,NULL,NULL,NULL),(123,'SH012','Hoàng Ngọc Cương','2025-05-08','Thứ 5','8:10',490,'6:34','10:46','12:43','16:41',NULL,NULL,NULL,NULL,NULL),(124,'SH012','Hoàng Ngọc Cương','2025-05-09','Thứ 6','0:00',0,'7:11',NULL,NULL,NULL,NULL,NULL,NULL,NULL,NULL),(125,'SH012','Hoàng Ngọc Cương','2025-05-10','Thứ 7','0:00',0,NULL,NULL,NULL,NULL,NULL,NULL,NULL,NULL,NULL),(126,'SH012','Hoàng Ngọc Cương','2025-05-11','CN','0:00',0,NULL,NULL,NULL,NULL,NULL,NULL,NULL,NULL,NULL),(127,'SH012','Hoàng Ngọc Cương','2025-05-12','Thứ 2','8:26',506,'6:35','11:08','12:59','16:52',NULL,NULL,NULL,NULL,NULL),(128,'SH012','Hoàng Ngọc Cương','2025-05-13','Thứ 3','8:31',511,'7:00','15:31',NULL,NULL,NULL,NULL,NULL,NULL,NULL),(129,'SH012','Hoàng Ngọc Cương','2025-05-14','Thứ 4','6:06',366,'6:54','13:00','16:33',NULL,NULL,NULL,NULL,NULL,NULL),(130,'SH012','Hoàng Ngọc Cương','2025-05-15','Thứ 5','8:01',481,'6:40','10:50','12:56','16:47',NULL,NULL,NULL,NULL,NULL),(131,'SH012','Hoàng Ngọc Cương','2025-05-16','Thứ 6','7:53',473,'7:03','11:18','13:16','16:54',NULL,NULL,NULL,NULL,NULL),(132,'SH012','Hoàng Ngọc Cương','2025-05-17','Thứ 7','0:00',0,NULL,NULL,NULL,NULL,NULL,NULL,NULL,NULL,NULL),(133,'SH012','Hoàng Ngọc Cương','2025-05-18','CN','0:00',0,NULL,NULL,NULL,NULL,NULL,NULL,NULL,NULL,NULL),(134,'SH012','Hoàng Ngọc Cương','2025-05-19','Thứ 2','8:07',487,'6:44','11:05','13:24','17:10',NULL,NULL,NULL,NULL,NULL),(135,'SH012','Hoàng Ngọc Cương','2025-05-20','Thứ 3','7:52',472,'6:51','10:56','13:15','17:02',NULL,NULL,NULL,NULL,NULL),(136,'DT056','Nguyễn Quang Chung','2025-05-06','Thứ 3','7:16',436,'7:01','10:42','12:55','16:30',NULL,NULL,NULL,NULL,NULL),(137,'DT056','Nguyễn Quang Chung','2025-05-07','Thứ 4','8:54',534,'7:14','10:42','12:47','18:13',NULL,NULL,NULL,NULL,NULL),(138,'DT056','Nguyễn Quang Chung','2025-05-08','Thứ 5','8:47',527,'7:07','10:57','12:48','17:45',NULL,NULL,NULL,NULL,NULL),(139,'DT056','Nguyễn Quang Chung','2025-05-09','Thứ 6','11:07',667,'7:00','12:30','12:32','18:09',NULL,NULL,NULL,NULL,NULL),(140,'DT056','Nguyễn Quang Chung','2025-05-10','Thứ 7','7:08',428,'7:27','11:20','13:04','16:19',NULL,NULL,NULL,NULL,NULL),(141,'DT056','Nguyễn Quang Chung','2025-05-11','CN','0:00',0,NULL,NULL,NULL,NULL,NULL,NULL,NULL,NULL,NULL),(142,'DT056','Nguyễn Quang Chung','2025-05-12','Thứ 2','8:40',520,'7:17','11:03','13:16','18:10',NULL,NULL,NULL,NULL,NULL),(143,'DT056','Nguyễn Quang Chung','2025-05-13','Thứ 3','6:55',415,'7:13','10:44','13:13','16:37',NULL,NULL,NULL,NULL,NULL),(144,'DT056','Nguyễn Quang Chung','2025-05-14','Thứ 4','9:13',553,'6:59','11:14','12:52','17:50',NULL,NULL,NULL,NULL,NULL),(145,'DT056','Nguyễn Quang Chung','2025-05-15','Thứ 5','7:02',422,'7:04','10:44','13:10','16:32',NULL,NULL,NULL,NULL,NULL),(146,'DT056','Nguyễn Quang Chung','2025-05-16','Thứ 6','9:52',592,'7:12','11:19','12:51','18:36',NULL,NULL,NULL,NULL,NULL),(147,'DT056','Nguyễn Quang Chung','2025-05-17','Thứ 7','2:26',146,'18:03','20:29',NULL,NULL,NULL,NULL,NULL,NULL,NULL),(148,'DT056','Nguyễn Quang Chung','2025-05-18','CN','0:00',0,NULL,NULL,NULL,NULL,NULL,NULL,NULL,NULL,NULL),(149,'DT056','Nguyễn Quang Chung','2025-05-19','Thứ 2','7:23',443,'7:05','11:05','13:12','16:35',NULL,NULL,NULL,NULL,NULL),(150,'DT056','Nguyễn Quang Chung','2025-05-20','Thứ 3','3:39',219,'7:10','10:44','12:35','12:39','16:35','16:36',NULL,NULL,NULL),(151,'DT033','Nguyễn Thị Thu Sương','2025-05-06','Thứ 3','7:30',450,'7:24','11:10','13:01','16:45',NULL,NULL,NULL,NULL,NULL),(152,'DT033','Nguyễn Thị Thu Sương','2025-05-07','Thứ 4','7:31',451,'7:30','11:07','13:00','16:54',NULL,NULL,NULL,NULL,NULL),(153,'DT033','Nguyễn Thị Thu Sương','2025-05-08','Thứ 5','8:10',490,'7:19','11:43','13:00','16:46',NULL,NULL,NULL,NULL,NULL),(154,'DT033','Nguyễn Thị Thu Sương','2025-05-09','Thứ 6','6:59',419,'7:17','11:13','12:59','16:02',NULL,NULL,NULL,NULL,NULL),(155,'DT033','Nguyễn Thị Thu Sương','2025-05-10','Thứ 7','0:00',0,NULL,NULL,NULL,NULL,NULL,NULL,NULL,NULL,NULL),(156,'DT033','Nguyễn Thị Thu Sương','2025-05-11','CN','0:00',0,NULL,NULL,NULL,NULL,NULL,NULL,NULL,NULL,NULL),(157,'DT033','Nguyễn Thị Thu Sương','2025-05-12','Thứ 2','8:04',484,'7:24','11:13','12:58','17:13',NULL,NULL,NULL,NULL,NULL),(158,'DT033','Nguyễn Thị Thu Sương','2025-05-13','Thứ 3','8:50',530,'7:14','11:13','12:57','17:48',NULL,NULL,NULL,NULL,NULL),(159,'DT033','Nguyễn Thị Thu Sương','2025-05-14','Thứ 4','7:53',473,'7:22','11:05','12:57','17:07',NULL,NULL,NULL,NULL,NULL),(160,'DT033','Nguyễn Thị Thu Sương','2025-05-15','Thứ 5','7:51',471,'7:21','11:11','12:59','17:00',NULL,NULL,NULL,NULL,NULL),(161,'DT033','Nguyễn Thị Thu Sương','2025-05-16','Thứ 6','8:15',495,'7:16','11:28','12:51','16:54',NULL,NULL,NULL,NULL,NULL),(162,'DT033','Nguyễn Thị Thu Sương','2025-05-17','Thứ 7','0:00',0,NULL,NULL,NULL,NULL,NULL,NULL,NULL,NULL,NULL),(163,'DT033','Nguyễn Thị Thu Sương','2025-05-18','CN','0:00',0,NULL,NULL,NULL,NULL,NULL,NULL,NULL,NULL,NULL),(164,'DT033','Nguyễn Thị Thu Sương','2025-05-19','Thứ 2','8:05',485,'7:19','11:26','13:08','17:06',NULL,NULL,NULL,NULL,NULL),(165,'DT033','Nguyễn Thị Thu Sương','2025-05-20','Thứ 3','8:15',495,'7:17','11:24','12:54','17:02',NULL,NULL,NULL,NULL,NULL),(166,'DT037','Hồ Thanh Tuấn','2025-05-06','Thứ 3','7:23',443,'6:41','10:42','13:19','16:41',NULL,NULL,NULL,NULL,NULL),(167,'DT037','Hồ Thanh Tuấn','2025-05-07','Thứ 4','7:14',434,'6:48','10:43','13:23','16:42',NULL,NULL,NULL,NULL,NULL),(168,'DT037','Hồ Thanh Tuấn','2025-05-08','Thứ 5','7:11',431,'6:49','10:41','13:22','16:41',NULL,NULL,NULL,NULL,NULL),(169,'DT037','Hồ Thanh Tuấn','2025-05-09','Thứ 6','7:14',434,'6:42','10:42','13:25','16:39',NULL,NULL,NULL,NULL,NULL),(170,'DT037','Hồ Thanh Tuấn','2025-05-10','Thứ 7','0:00',0,NULL,NULL,NULL,NULL,NULL,NULL,NULL,NULL,NULL),(171,'DT037','Hồ Thanh Tuấn','2025-05-11','CN','0:00',0,NULL,NULL,NULL,NULL,NULL,NULL,NULL,NULL,NULL),(172,'DT037','Hồ Thanh Tuấn','2025-05-12','Thứ 2','7:29',449,'6:46','10:55','13:22','16:42',NULL,NULL,NULL,NULL,NULL),(173,'DT037','Hồ Thanh Tuấn','2025-05-13','Thứ 3','7:11',431,'6:47','10:41','13:24','16:41',NULL,NULL,NULL,NULL,NULL),(174,'DT037','Hồ Thanh Tuấn','2025-05-14','Thứ 4','7:08',428,'6:51','10:42','13:23','16:40',NULL,NULL,NULL,NULL,NULL),(175,'DT037','Hồ Thanh Tuấn','2025-05-15','Thứ 5','7:14',434,'6:46','10:44','13:25','16:41',NULL,NULL,NULL,NULL,NULL),(176,'DT037','Hồ Thanh Tuấn','2025-05-16','Thứ 6','4:01',241,'6:43','10:44',NULL,NULL,NULL,NULL,NULL,NULL,'NB/2'),(177,'DT037','Hồ Thanh Tuấn','2025-05-17','Thứ 7','0:00',0,NULL,NULL,NULL,NULL,NULL,NULL,NULL,NULL,NULL),(178,'DT037','Hồ Thanh Tuấn','2025-05-18','CN','0:00',0,NULL,NULL,NULL,NULL,NULL,NULL,NULL,NULL,NULL),(179,'DT037','Hồ Thanh Tuấn','2025-05-19','Thứ 2','7:26',446,'6:46','10:45','13:17','16:44',NULL,NULL,NULL,NULL,NULL),(180,'DT037','Hồ Thanh Tuấn','2025-05-20','Thứ 3','7:19',439,'6:47','10:43','13:19','16:42',NULL,NULL,NULL,NULL,NULL),(181,'DT010','Nguyễn Trần An Tuấn','2025-05-06','Thứ 3','8:00',480,'6:58','11:03','13:10','17:05',NULL,NULL,NULL,NULL,NULL),(182,'DT010','Nguyễn Trần An Tuấn','2025-05-07','Thứ 4','8:56',536,'7:03','11:01','13:04','18:02',NULL,NULL,NULL,NULL,NULL),(183,'DT010','Nguyễn Trần An Tuấn','2025-05-08','Thứ 5','5:56',356,'7:07','11:44','11:49','13:08','16:58',NULL,NULL,NULL,NULL),(184,'DT010','Nguyễn Trần An Tuấn','2025-05-09','Thứ 6','7:52',472,'7:04','11:04','13:07','16:59',NULL,NULL,NULL,NULL,NULL),(185,'DT010','Nguyễn Trần An Tuấn','2025-05-10','Thứ 7','0:00',0,NULL,NULL,NULL,NULL,NULL,NULL,NULL,NULL,NULL),(186,'DT010','Nguyễn Trần An Tuấn','2025-05-11','CN','0:00',0,NULL,NULL,NULL,NULL,NULL,NULL,NULL,NULL,NULL),(187,'DT010','Nguyễn Trần An Tuấn','2025-05-12','Thứ 2','8:53',533,'7:06','11:03','13:09','18:05',NULL,NULL,NULL,NULL,NULL),(188,'DT010','Nguyễn Trần An Tuấn','2025-05-13','Thứ 3','7:46',466,'7:04','10:54','13:02','16:58',NULL,NULL,NULL,NULL,NULL),(189,'DT010','Nguyễn Trần An Tuấn','2025-05-14','Thứ 4','8:43',523,'7:05','10:57','13:12','18:03',NULL,NULL,NULL,NULL,NULL),(190,'DT010','Nguyễn Trần An Tuấn','2025-05-15','Thứ 5','7:40',460,'7:04','10:52','13:12','17:04',NULL,NULL,NULL,NULL,NULL),(191,'DT010','Nguyễn Trần An Tuấn','2025-05-16','Thứ 6','7:26',446,'7:06','10:50','13:10','16:52',NULL,NULL,NULL,NULL,NULL),(192,'DT010','Nguyễn Trần An Tuấn','2025-05-17','Thứ 7','7:34',454,'7:16','11:02','13:09','16:57',NULL,NULL,NULL,NULL,NULL),(193,'DT010','Nguyễn Trần An Tuấn','2025-05-18','CN','0:00',0,NULL,NULL,NULL,NULL,NULL,NULL,NULL,NULL,NULL),(194,'DT010','Nguyễn Trần An Tuấn','2025-05-19','Thứ 2','0:00',0,NULL,NULL,NULL,NULL,NULL,NULL,NULL,NULL,'P'),(195,'DT010','Nguyễn Trần An Tuấn','2025-05-20','Thứ 3','7:37',457,'7:03','10:57','13:12','16:55',NULL,NULL,NULL,NULL,NULL),(196,'XD090','Nguyễn Huy Vững','2025-05-06','Thứ 3','7:47',467,'7:06','11:03','13:13','17:03',NULL,NULL,NULL,NULL,NULL),(197,'XD090','Nguyễn Huy Vững','2025-05-07','Thứ 4','7:47',467,'7:25','11:14','13:11','17:09',NULL,NULL,NULL,NULL,NULL),(198,'XD090','Nguyễn Huy Vững','2025-05-08','Thứ 5','8:38',518,'7:03','11:21','13:17','17:37','17:52',NULL,NULL,NULL,NULL),(199,'XD090','Nguyễn Huy Vững','2025-05-09','Thứ 6','10:39',639,'7:13','11:11','11:26','18:07',NULL,NULL,NULL,NULL,NULL),(200,'XD090','Nguyễn Huy Vững','2025-05-10','Thứ 7','0:00',0,NULL,NULL,NULL,NULL,NULL,NULL,NULL,NULL,NULL),(201,'XD090','Nguyễn Huy Vững','2025-05-11','CN','0:00',0,NULL,NULL,NULL,NULL,NULL,NULL,NULL,NULL,NULL),(202,'XD090','Nguyễn Huy Vững','2025-05-12','Thứ 2','8:29',509,'7:05','11:19','13:10','17:25',NULL,NULL,NULL,NULL,NULL),(203,'XD090','Nguyễn Huy Vững','2025-05-13','Thứ 3','1:58',118,'7:12','7:14','11:18','13:14','17:00',NULL,NULL,NULL,NULL),(204,'XD090','Nguyễn Huy Vững','2025-05-14','Thứ 4','7:58',478,'7:08','11:12','13:18','17:12',NULL,NULL,NULL,NULL,NULL),(205,'XD090','Nguyễn Huy Vững','2025-05-15','Thứ 5','7:59',479,'6:56','11:11','13:20','17:04',NULL,NULL,NULL,NULL,NULL),(206,'XD090','Nguyễn Huy Vững','2025-05-16','Thứ 6','3:47',227,'7:19','11:06',NULL,NULL,NULL,NULL,NULL,NULL,NULL),(207,'XD090','Nguyễn Huy Vững','2025-05-17','Thứ 7','0:00',0,NULL,NULL,NULL,NULL,NULL,NULL,NULL,NULL,NULL),(208,'XD090','Nguyễn Huy Vững','2025-05-18','CN','0:00',0,NULL,NULL,NULL,NULL,NULL,NULL,NULL,NULL,NULL),(209,'XD090','Nguyễn Huy Vững','2025-05-19','Thứ 2','8:18',498,'6:56','11:20','13:26','17:20',NULL,NULL,NULL,NULL,NULL),(210,'XD090','Nguyễn Huy Vững','2025-05-20','Thứ 3','0:00',0,NULL,NULL,NULL,NULL,NULL,NULL,NULL,NULL,NULL),(211,'XD082','Trịnh Văn Thưởng','2025-05-06','Thứ 3','7:41',461,'7:15','10:59','13:16','17:13',NULL,NULL,NULL,NULL,NULL),(212,'XD082','Trịnh Văn Thưởng','2025-05-07','Thứ 4','4:33',273,'7:30','12:03',NULL,NULL,NULL,NULL,NULL,NULL,NULL),(213,'XD082','Trịnh Văn Thưởng','2025-05-08','Thứ 5','0:00',0,'12:57',NULL,NULL,NULL,NULL,NULL,NULL,NULL,NULL),(214,'XD082','Trịnh Văn Thưởng','2025-05-09','Thứ 6','9:00',540,'7:13','11:20','13:15','18:08',NULL,NULL,NULL,NULL,NULL),(215,'XD082','Trịnh Văn Thưởng','2025-05-10','Thứ 7','0:00',0,NULL,NULL,NULL,NULL,NULL,NULL,NULL,NULL,NULL),(216,'XD082','Trịnh Văn Thưởng','2025-05-11','CN','0:00',0,NULL,NULL,NULL,NULL,NULL,NULL,NULL,NULL,NULL),(217,'XD082','Trịnh Văn Thưởng','2025-05-12','Thứ 2','8:18',498,'7:18','11:14','12:57','17:19',NULL,NULL,NULL,NULL,NULL),(218,'XD082','Trịnh Văn Thưởng','2025-05-13','Thứ 3','7:41',461,'7:13','11:19','13:23','16:58',NULL,NULL,NULL,NULL,NULL),(219,'XD082','Trịnh Văn Thưởng','2025-05-14','Thứ 4','7:51',471,'7:22','11:28','13:18','17:03',NULL,NULL,NULL,NULL,NULL),(220,'XD082','Trịnh Văn Thưởng','2025-05-15','Thứ 5','7:46',466,'7:19','11:07','12:56','16:54',NULL,NULL,NULL,NULL,NULL),(221,'XD082','Trịnh Văn Thưởng','2025-05-16','Thứ 6','7:37',457,'7:03','11:07','13:20','16:53',NULL,NULL,NULL,NULL,NULL),(222,'XD082','Trịnh Văn Thưởng','2025-05-17','Thứ 7','0:00',0,NULL,NULL,NULL,NULL,NULL,NULL,NULL,NULL,NULL),(223,'XD082','Trịnh Văn Thưởng','2025-05-18','CN','0:00',0,NULL,NULL,NULL,NULL,NULL,NULL,NULL,NULL,NULL),(224,'XD082','Trịnh Văn Thưởng','2025-05-19','Thứ 2','7:48',468,'7:12','11:05','12:55','16:50',NULL,NULL,NULL,NULL,NULL),(225,'XD082','Trịnh Văn Thưởng','2025-05-20','Thứ 3','10:57',657,'7:11','11:08','13:19','17:22','17:24','20:21',NULL,NULL,NULL),(226,'90097','Võ Phúc Anh','2025-05-06','Thứ 3','8:29',509,'7:06','11:18','13:21','17:38',NULL,NULL,NULL,NULL,NULL),(227,'90097','Võ Phúc Anh','2025-05-07','Thứ 4','7:56',476,'6:39','11:02','12:57','16:30',NULL,NULL,NULL,NULL,NULL),(228,'90097','Võ Phúc Anh','2025-05-08','Thứ 5','7:03',423,'6:58','10:31','13:21','16:51',NULL,NULL,NULL,NULL,NULL),(229,'90097','Võ Phúc Anh','2025-05-09','Thứ 6','8:13',493,'7:03','11:38','13:18','16:56',NULL,NULL,NULL,NULL,NULL),(230,'90097','Võ Phúc Anh','2025-05-10','Thứ 7','0:00',0,NULL,NULL,NULL,NULL,NULL,NULL,NULL,NULL,NULL),(231,'90097','Võ Phúc Anh','2025-05-11','CN','0:00',0,NULL,NULL,NULL,NULL,NULL,NULL,NULL,NULL,NULL),(232,'90097','Võ Phúc Anh','2025-05-12','Thứ 2','10:41',641,'6:51','12:58','13:04','17:38',NULL,NULL,NULL,NULL,NULL),(233,'90097','Võ Phúc Anh','2025-05-13','Thứ 3','8:10',490,'7:00','11:35','13:08','16:43',NULL,NULL,NULL,NULL,NULL),(234,'90097','Võ Phúc Anh','2025-05-14','Thứ 4','7:43',463,'6:55','11:00','13:07','16:45',NULL,NULL,NULL,NULL,NULL),(235,'90097','Võ Phúc Anh','2025-05-15','Thứ 5','8:23',503,'6:58','11:40','13:12','16:53',NULL,NULL,NULL,NULL,NULL),(236,'90097','Võ Phúc Anh','2025-05-16','Thứ 6','7:53',473,'6:58','11:00','13:10','17:01',NULL,NULL,NULL,NULL,NULL),(237,'90097','Võ Phúc Anh','2025-05-17','Thứ 7','0:00',0,NULL,NULL,NULL,NULL,NULL,NULL,NULL,NULL,NULL),(238,'90097','Võ Phúc Anh','2025-05-18','CN','0:00',0,NULL,NULL,NULL,NULL,NULL,NULL,NULL,NULL,NULL),(239,'90097','Võ Phúc Anh','2025-05-19','Thứ 2','8:44',524,'6:35','11:02','12:55','17:12',NULL,NULL,NULL,NULL,NULL),(240,'90097','Võ Phúc Anh','2025-05-20','Thứ 3','7:31',451,'7:04','10:45','13:23','17:13',NULL,NULL,NULL,NULL,NULL),(241,'GD001','Trần Phú Vinh','2025-05-06','Thứ 3','0:00',0,NULL,NULL,NULL,NULL,NULL,NULL,NULL,NULL,NULL),(242,'GD001','Trần Phú Vinh','2025-05-07','Thứ 4','0:00',0,NULL,NULL,NULL,NULL,NULL,NULL,NULL,NULL,NULL),(243,'GD001','Trần Phú Vinh','2025-05-08','Thứ 5','7:52',472,'11:40','19:32',NULL,NULL,NULL,NULL,NULL,NULL,NULL),(244,'GD001','Trần Phú Vinh','2025-05-09','Thứ 6','0:00',0,NULL,NULL,NULL,NULL,NULL,NULL,NULL,NULL,NULL),(245,'GD001','Trần Phú Vinh','2025-05-10','Thứ 7','0:00',0,NULL,NULL,NULL,NULL,NULL,NULL,NULL,NULL,NULL),(246,'GD001','Trần Phú Vinh','2025-05-11','CN','0:00',0,NULL,NULL,NULL,NULL,NULL,NULL,NULL,NULL,NULL),(247,'GD001','Trần Phú Vinh','2025-05-12','Thứ 2','0:00',0,NULL,NULL,NULL,NULL,NULL,NULL,NULL,NULL,NULL),(248,'GD001','Trần Phú Vinh','2025-05-13','Thứ 3','0:00',0,NULL,NULL,NULL,NULL,NULL,NULL,NULL,NULL,NULL),(249,'GD001','Trần Phú Vinh','2025-05-14','Thứ 4','0:00',0,NULL,NULL,NULL,NULL,NULL,NULL,NULL,NULL,NULL),(250,'GD001','Trần Phú Vinh','2025-05-15','Thứ 5','8:14',494,'11:31','19:45',NULL,NULL,NULL,NULL,NULL,NULL,NULL),(251,'GD001','Trần Phú Vinh','2025-05-16','Thứ 6','0:00',0,NULL,NULL,NULL,NULL,NULL,NULL,NULL,NULL,NULL),(252,'GD001','Trần Phú Vinh','2025-05-17','Thứ 7','0:00',0,NULL,NULL,NULL,NULL,NULL,NULL,NULL,NULL,NULL),(253,'GD001','Trần Phú Vinh','2025-05-18','CN','0:00',0,NULL,NULL,NULL,NULL,NULL,NULL,NULL,NULL,NULL),(254,'GD001','Trần Phú Vinh','2025-05-19','Thứ 2','4:12',252,'7:06','11:18',NULL,NULL,NULL,NULL,NULL,NULL,NULL),(255,'GD001','Trần Phú Vinh','2025-05-20','Thứ 3','0:00',0,NULL,NULL,NULL,NULL,NULL,NULL,NULL,NULL,NULL),(256,'90270','Võ Vương Phúc','2025-05-06','Thứ 3','7:48',468,'7:10','11:01','13:07','17:04',NULL,NULL,NULL,NULL,NULL),(257,'90270','Võ Vương Phúc','2025-05-07','Thứ 4','8:11',491,'7:19','11:04','13:04','17:30',NULL,NULL,NULL,NULL,NULL),(258,'90270','Võ Vương Phúc','2025-05-08','Thứ 5','8:43',523,'7:08','11:58','13:08','17:01',NULL,NULL,NULL,NULL,NULL),(259,'90270','Võ Vương Phúc','2025-05-09','Thứ 6','7:51',471,'7:12','11:10','13:08','17:01',NULL,NULL,NULL,NULL,NULL),(260,'90270','Võ Vương Phúc','2025-05-10','Thứ 7','0:00',0,NULL,NULL,NULL,NULL,NULL,NULL,NULL,NULL,NULL),(261,'90270','Võ Vương Phúc','2025-05-11','CN','0:00',0,NULL,NULL,NULL,NULL,NULL,NULL,NULL,NULL,NULL),(262,'90270','Võ Vương Phúc','2025-05-12','Thứ 2','8:33',513,'7:05','11:08','13:07','17:37',NULL,NULL,NULL,NULL,NULL),(263,'90270','Võ Vương Phúc','2025-05-13','Thứ 3','7:48',468,'7:13','11:04','13:12','17:09',NULL,NULL,NULL,NULL,NULL),(264,'90270','Võ Vương Phúc','2025-05-14','Thứ 4','7:46',466,'7:08','11:00','13:08','17:02',NULL,NULL,NULL,NULL,NULL),(265,'90270','Võ Vương Phúc','2025-05-15','Thứ 5','7:26',446,'7:11','11:03','13:29','17:03',NULL,NULL,NULL,NULL,NULL),(266,'90270','Võ Vương Phúc','2025-05-16','Thứ 6','8:18',498,'7:01','11:02','13:04','17:21',NULL,NULL,NULL,NULL,NULL),(267,'90270','Võ Vương Phúc','2025-05-17','Thứ 7','0:00',0,NULL,NULL,NULL,NULL,NULL,NULL,NULL,NULL,NULL),(268,'90270','Võ Vương Phúc','2025-05-18','CN','0:00',0,NULL,NULL,NULL,NULL,NULL,NULL,NULL,NULL,NULL),(269,'90270','Võ Vương Phúc','2025-05-19','Thứ 2','7:58',478,'7:07','11:01','13:23','17:27',NULL,NULL,NULL,NULL,NULL),(270,'90270','Võ Vương Phúc','2025-05-20','Thứ 3','7:53',473,'7:09','11:00','13:02','17:04',NULL,NULL,NULL,NULL,NULL),(271,'90173','Nguyễn Trường Nhu','2025-05-06','Thứ 3','8:10',490,'7:08','11:25','12:51','16:44',NULL,NULL,NULL,NULL,NULL),(272,'90173','Nguyễn Trường Nhu','2025-05-07','Thứ 4','7:48',468,'7:04','11:05','12:57','16:44',NULL,NULL,NULL,NULL,NULL),(273,'90173','Nguyễn Trường Nhu','2025-05-08','Thứ 5','7:54',474,'7:06','11:08','12:51','16:43',NULL,NULL,NULL,NULL,NULL),(274,'90173','Nguyễn Trường Nhu','2025-05-09','Thứ 6','7:32',452,'7:03','10:57','13:03','16:41',NULL,NULL,NULL,NULL,NULL),(275,'90173','Nguyễn Trường Nhu','2025-05-10','Thứ 7','0:00',0,NULL,NULL,NULL,NULL,NULL,NULL,NULL,NULL,NULL),(276,'90173','Nguyễn Trường Nhu','2025-05-11','CN','0:00',0,NULL,NULL,NULL,NULL,NULL,NULL,NULL,NULL,NULL),(277,'90173','Nguyễn Trường Nhu','2025-05-12','Thứ 2','7:26',446,'7:00','11:05','13:47','17:08',NULL,NULL,NULL,NULL,NULL),(278,'90173','Nguyễn Trường Nhu','2025-05-13','Thứ 3','7:50',470,'7:06','11:09','12:55','16:42',NULL,NULL,NULL,NULL,NULL),(279,'90173','Nguyễn Trường Nhu','2025-05-14','Thứ 4','7:45',465,'7:00','11:01','12:57','16:41',NULL,NULL,NULL,NULL,NULL),(280,'90173','Nguyễn Trường Nhu','2025-05-15','Thứ 5','7:50',470,'7:06','11:02','12:51','16:45',NULL,NULL,NULL,NULL,NULL),(281,'90173','Nguyễn Trường Nhu','2025-05-16','Thứ 6','7:38',458,'7:06','11:02','13:02','16:44',NULL,NULL,NULL,NULL,NULL),(282,'90173','Nguyễn Trường Nhu','2025-05-17','Thứ 7','0:00',0,NULL,NULL,NULL,NULL,NULL,NULL,NULL,NULL,NULL),(283,'90173','Nguyễn Trường Nhu','2025-05-18','CN','0:00',0,NULL,NULL,NULL,NULL,NULL,NULL,NULL,NULL,NULL),(284,'90173','Nguyễn Trường Nhu','2025-05-19','Thứ 2','7:37',457,'7:00','11:06','13:14','16:45',NULL,NULL,NULL,NULL,NULL),(285,'90173','Nguyễn Trường Nhu','2025-05-20','Thứ 3','8:02',482,'7:02','11:08','12:47','16:43',NULL,NULL,NULL,NULL,NULL),(286,'90171','Phạm Trần Quang Hưng','2025-05-06','Thứ 3','7:01',421,'7:25','10:57','13:29','16:58',NULL,NULL,NULL,NULL,NULL),(287,'90171','Phạm Trần Quang Hưng','2025-05-07','Thứ 4','8:03',483,'7:02','11:07','13:32','17:30',NULL,NULL,NULL,NULL,NULL),(288,'90171','Phạm Trần Quang Hưng','2025-05-08','Thứ 5','7:54',474,'6:57','11:18','13:36','17:09',NULL,NULL,NULL,NULL,NULL),(289,'90171','Phạm Trần Quang Hưng','2025-05-09','Thứ 6','7:47',467,'6:59','10:50','12:58','16:54',NULL,NULL,NULL,NULL,NULL),(290,'90171','Phạm Trần Quang Hưng','2025-05-10','Thứ 7','0:00',0,NULL,NULL,NULL,NULL,NULL,NULL,NULL,NULL,NULL),(291,'90171','Phạm Trần Quang Hưng','2025-05-11','CN','0:00',0,NULL,NULL,NULL,NULL,NULL,NULL,NULL,NULL,NULL),(292,'90171','Phạm Trần Quang Hưng','2025-05-12','Thứ 2','7:29',449,'6:54','10:56','13:38','17:05',NULL,NULL,NULL,NULL,NULL),(293,'90171','Phạm Trần Quang Hưng','2025-05-13','Thứ 3','7:19',439,'7:03','11:05','13:34','16:51',NULL,NULL,NULL,NULL,NULL),(294,'90171','Phạm Trần Quang Hưng','2025-05-14','Thứ 4','7:27',447,'7:25','11:26','13:39','17:05',NULL,NULL,NULL,NULL,NULL),(295,'90171','Phạm Trần Quang Hưng','2025-05-15','Thứ 5','8:00',480,'6:56','11:05','13:31','17:22',NULL,NULL,NULL,NULL,NULL),(296,'90171','Phạm Trần Quang Hưng','2025-05-16','Thứ 6','7:46',466,'7:02','10:56','13:02','16:54',NULL,NULL,NULL,NULL,NULL),(297,'90171','Phạm Trần Quang Hưng','2025-05-17','Thứ 7','0:00',0,NULL,NULL,NULL,NULL,NULL,NULL,NULL,NULL,NULL),(298,'90171','Phạm Trần Quang Hưng','2025-05-18','CN','0:00',0,NULL,NULL,NULL,NULL,NULL,NULL,NULL,NULL,NULL),(299,'90171','Phạm Trần Quang Hưng','2025-05-19','Thứ 2','7:44',464,'7:03','11:06','13:21','17:02',NULL,NULL,NULL,NULL,NULL),(300,'90171','Phạm Trần Quang Hưng','2025-05-20','Thứ 3','7:27',447,'7:13','11:01','13:23','17:02',NULL,NULL,NULL,NULL,NULL),(301,'90514','Huỳnh Quang Đức','2025-05-06','Thứ 3','7:24',444,'7:12','11:03','13:20','16:53',NULL,NULL,NULL,NULL,NULL),(302,'90514','Huỳnh Quang Đức','2025-05-07','Thứ 4','9:27',567,'7:08','11:26','11:45','16:54',NULL,NULL,NULL,NULL,NULL),(303,'90514','Huỳnh Quang Đức','2025-05-08','Thứ 5','9:01',541,'6:52','11:08','12:05','16:50',NULL,NULL,NULL,NULL,NULL),(304,'90514','Huỳnh Quang Đức','2025-05-09','Thứ 6','7:27',447,'7:05','11:06','13:18','16:44',NULL,NULL,NULL,NULL,NULL),(305,'90514','Huỳnh Quang Đức','2025-05-10','Thứ 7','0:00',0,NULL,NULL,NULL,NULL,NULL,NULL,NULL,NULL,NULL),(306,'90514','Huỳnh Quang Đức','2025-05-11','CN','4:12',252,'6:50','11:02',NULL,NULL,NULL,NULL,NULL,NULL,NULL),(307,'90514','Huỳnh Quang Đức','2025-05-12','Thứ 2','8:01',481,'6:48','10:52','12:52','16:49',NULL,NULL,NULL,NULL,NULL),(308,'90514','Huỳnh Quang Đức','2025-05-13','Thứ 3','0:00',0,NULL,NULL,NULL,NULL,NULL,NULL,NULL,NULL,'NB'),(309,'90514','Huỳnh Quang Đức','2025-05-14','Thứ 4','7:39',459,'7:25','10:59','12:39','16:44',NULL,NULL,NULL,NULL,NULL),(310,'90514','Huỳnh Quang Đức','2025-05-15','Thứ 5','7:53',473,'6:47','10:55','13:01','16:46',NULL,NULL,NULL,NULL,NULL),(311,'90514','Huỳnh Quang Đức','2025-05-16','Thứ 6','9:28',568,'7:18','13:00','13:02','16:48',NULL,NULL,NULL,NULL,NULL),(312,'90514','Huỳnh Quang Đức','2025-05-17','Thứ 7','0:00',0,NULL,NULL,NULL,NULL,NULL,NULL,NULL,NULL,NULL),(313,'90514','Huỳnh Quang Đức','2025-05-18','CN','0:00',0,NULL,NULL,NULL,NULL,NULL,NULL,NULL,NULL,NULL),(314,'90514','Huỳnh Quang Đức','2025-05-19','Thứ 2','8:11',491,'6:50','11:04','12:45','16:42',NULL,NULL,NULL,NULL,NULL),(315,'90514','Huỳnh Quang Đức','2025-05-20','Thứ 3','7:53',473,'7:16','11:00','12:42','16:51',NULL,NULL,NULL,NULL,NULL),(316,'90767','Võ Trọng Cang','2025-05-06','Thứ 3','3:03',183,'13:01','16:04',NULL,NULL,NULL,NULL,NULL,NULL,NULL),(317,'90767','Võ Trọng Cang','2025-05-07','Thứ 4','9:19',559,'6:54','16:13',NULL,NULL,NULL,NULL,NULL,NULL,NULL),(318,'90767','Võ Trọng Cang','2025-05-08','Thứ 5','0:00',0,NULL,NULL,NULL,NULL,NULL,NULL,NULL,NULL,NULL),(319,'90767','Võ Trọng Cang','2025-05-09','Thứ 6','9:20',560,'7:18','16:38',NULL,NULL,NULL,NULL,NULL,NULL,NULL),(320,'90767','Võ Trọng Cang','2025-05-10','Thứ 7','0:00',0,NULL,NULL,NULL,NULL,NULL,NULL,NULL,NULL,NULL),(321,'90767','Võ Trọng Cang','2025-05-11','CN','0:00',0,NULL,NULL,NULL,NULL,NULL,NULL,NULL,NULL,NULL),(322,'90767','Võ Trọng Cang','2025-05-12','Thứ 2','9:46',586,'6:57','16:43',NULL,NULL,NULL,NULL,NULL,NULL,NULL),(323,'90767','Võ Trọng Cang','2025-05-13','Thứ 3','0:00',0,NULL,NULL,NULL,NULL,NULL,NULL,NULL,NULL,NULL),(324,'90767','Võ Trọng Cang','2025-05-14','Thứ 4','0:00',0,NULL,NULL,NULL,NULL,NULL,NULL,NULL,NULL,NULL),(325,'90767','Võ Trọng Cang','2025-05-15','Thứ 5','0:08',8,'6:59','7:07','10:52',NULL,NULL,NULL,NULL,NULL,NULL),(326,'90767','Võ Trọng Cang','2025-05-16','Thứ 6','9:37',577,'7:06','16:43','18:23',NULL,NULL,NULL,NULL,NULL,NULL),(327,'90767','Võ Trọng Cang','2025-05-17','Thứ 7','0:00',0,NULL,NULL,NULL,NULL,NULL,NULL,NULL,NULL,NULL),(328,'90767','Võ Trọng Cang','2025-05-18','CN','0:00',0,NULL,NULL,NULL,NULL,NULL,NULL,NULL,NULL,NULL),(329,'90767','Võ Trọng Cang','2025-05-19','Thứ 2','9:40',580,'6:58','16:38',NULL,NULL,NULL,NULL,NULL,NULL,NULL),(330,'90767','Võ Trọng Cang','2025-05-20','Thứ 3','3:00',180,'13:02','16:02',NULL,NULL,NULL,NULL,NULL,NULL,NULL),(331,'90783','Vũ Đức Quý','2025-05-06','Thứ 3','8:20',500,'7:21','11:16','13:14','17:39',NULL,NULL,NULL,NULL,NULL),(332,'90783','Vũ Đức Quý','2025-05-07','Thứ 4','7:52',472,'7:26','11:20','13:11','17:09',NULL,NULL,NULL,NULL,NULL),(333,'90783','Vũ Đức Quý','2025-05-08','Thứ 5','9:16',556,'7:20','11:00','11:57','17:33',NULL,NULL,NULL,NULL,NULL),(334,'90783','Vũ Đức Quý','2025-05-09','Thứ 6','8:06',486,'7:08','11:17','12:58','16:55',NULL,NULL,NULL,NULL,NULL),(335,'90783','Vũ Đức Quý','2025-05-10','Thứ 7','0:00',0,NULL,NULL,NULL,NULL,NULL,NULL,NULL,NULL,NULL),(336,'90783','Vũ Đức Quý','2025-05-11','CN','0:00',0,NULL,NULL,NULL,NULL,NULL,NULL,NULL,NULL,NULL),(337,'90783','Vũ Đức Quý','2025-05-12','Thứ 2','8:56',536,'7:25','11:11','13:10','18:20',NULL,NULL,NULL,NULL,NULL),(338,'90783','Vũ Đức Quý','2025-05-13','Thứ 3','7:52',472,'7:22','11:07','13:09','17:16',NULL,NULL,NULL,NULL,NULL),(339,'90783','Vũ Đức Quý','2025-05-14','Thứ 4','8:06',486,'7:23','10:57','13:14','17:46',NULL,NULL,NULL,NULL,NULL),(340,'90783','Vũ Đức Quý','2025-05-15','Thứ 5','9:23',563,'7:22','11:19','11:40','17:06',NULL,NULL,NULL,NULL,NULL),(341,'90783','Vũ Đức Quý','2025-05-16','Thứ 6','9:24',564,'7:07','11:19','11:53','17:05',NULL,NULL,NULL,NULL,NULL),(342,'90783','Vũ Đức Quý','2025-05-17','Thứ 7','4:48',288,'7:28','12:16',NULL,NULL,NULL,NULL,NULL,NULL,NULL),(343,'90783','Vũ Đức Quý','2025-05-18','CN','0:00',0,NULL,NULL,NULL,NULL,NULL,NULL,NULL,NULL,NULL),(344,'90783','Vũ Đức Quý','2025-05-19','Thứ 2','7:38',458,'7:09','10:52','13:00','16:55',NULL,NULL,NULL,NULL,NULL),(345,'90783','Vũ Đức Quý','2025-05-20','Thứ 3','7:54',474,'7:13','11:00','13:14','17:21',NULL,NULL,NULL,NULL,NULL),(346,'90766','Nguyễn Kim Khánh','2025-05-06','Thứ 3','0:00',0,NULL,NULL,NULL,NULL,NULL,NULL,NULL,NULL,NULL),(347,'90766','Nguyễn Kim Khánh','2025-05-07','Thứ 4','0:00',0,NULL,NULL,NULL,NULL,NULL,NULL,NULL,NULL,NULL),(348,'90766','Nguyễn Kim Khánh','2025-05-08','Thứ 5','0:00',0,NULL,NULL,NULL,NULL,NULL,NULL,NULL,NULL,NULL),(349,'90766','Nguyễn Kim Khánh','2025-05-09','Thứ 6','5:11',311,'7:12','11:02','11:35','12:56','16:50',NULL,NULL,NULL,NULL),(350,'90766','Nguyễn Kim Khánh','2025-05-10','Thứ 7','0:00',0,NULL,NULL,NULL,NULL,NULL,NULL,NULL,NULL,NULL),(351,'90766','Nguyễn Kim Khánh','2025-05-11','CN','0:00',0,NULL,NULL,NULL,NULL,NULL,NULL,NULL,NULL,NULL),(352,'90766','Nguyễn Kim Khánh','2025-05-12','Thứ 2','8:19',499,'7:19','11:58','13:06','16:46',NULL,NULL,NULL,NULL,NULL),(353,'90766','Nguyễn Kim Khánh','2025-05-13','Thứ 3','5:04',304,'7:05','11:07','12:09','13:11','16:57',NULL,NULL,NULL,NULL),(354,'90766','Nguyễn Kim Khánh','2025-05-14','Thứ 4','8:35',515,'6:57','11:33','12:53','16:52',NULL,NULL,NULL,NULL,NULL),(355,'90766','Nguyễn Kim Khánh','2025-05-15','Thứ 5','8:33',513,'7:23','10:55','11:54','16:55',NULL,NULL,NULL,NULL,NULL),(356,'90766','Nguyễn Kim Khánh','2025-05-16','Thứ 6','9:21',561,'7:14','11:03','11:47','17:19',NULL,NULL,NULL,NULL,NULL),(357,'90766','Nguyễn Kim Khánh','2025-05-17','Thứ 7','0:00',0,NULL,NULL,NULL,NULL,NULL,NULL,NULL,NULL,NULL),(358,'90766','Nguyễn Kim Khánh','2025-05-18','CN','0:00',0,NULL,NULL,NULL,NULL,NULL,NULL,NULL,NULL,NULL),(359,'90766','Nguyễn Kim Khánh','2025-05-19','Thứ 2','7:55',475,'7:14','11:36','13:20','16:53',NULL,NULL,NULL,NULL,NULL),(360,'90766','Nguyễn Kim Khánh','2025-05-20','Thứ 3','8:10',490,'7:21','11:40','13:01','16:52',NULL,NULL,NULL,NULL,NULL),(361,'90780','Trần Nguyễn Thanh Bình','2025-05-06','Thứ 3','3:57',237,'6:54','10:51',NULL,NULL,NULL,NULL,NULL,NULL,NULL),(362,'90780','Trần Nguyễn Thanh Bình','2025-05-07','Thứ 4','3:58',238,'6:55','10:53',NULL,NULL,NULL,NULL,NULL,NULL,NULL),(363,'90780','Trần Nguyễn Thanh Bình','2025-05-08','Thứ 5','3:55',235,'6:59','10:54',NULL,NULL,NULL,NULL,NULL,NULL,NULL),(364,'90780','Trần Nguyễn Thanh Bình','2025-05-09','Thứ 6','0:00',0,NULL,NULL,NULL,NULL,NULL,NULL,NULL,NULL,NULL),(365,'90780','Trần Nguyễn Thanh Bình','2025-05-10','Thứ 7','0:00',0,NULL,NULL,NULL,NULL,NULL,NULL,NULL,NULL,NULL),(366,'90780','Trần Nguyễn Thanh Bình','2025-05-11','CN','0:00',0,NULL,NULL,NULL,NULL,NULL,NULL,NULL,NULL,NULL),(367,'90780','Trần Nguyễn Thanh Bình','2025-05-12','Thứ 2','9:42',582,'6:57','16:39',NULL,NULL,NULL,NULL,NULL,NULL,NULL),(368,'90780','Trần Nguyễn Thanh Bình','2025-05-13','Thứ 3','3:57',237,'6:54','10:51',NULL,NULL,NULL,NULL,NULL,NULL,NULL),(369,'90780','Trần Nguyễn Thanh Bình','2025-05-14','Thứ 4','3:55',235,'7:00','10:55',NULL,NULL,NULL,NULL,NULL,NULL,NULL),(370,'90780','Trần Nguyễn Thanh Bình','2025-05-15','Thứ 5','3:57',237,'6:57','10:54',NULL,NULL,NULL,NULL,NULL,NULL,NULL),(371,'90780','Trần Nguyễn Thanh Bình','2025-05-16','Thứ 6','0:00',0,NULL,NULL,NULL,NULL,NULL,NULL,NULL,NULL,NULL),(372,'90780','Trần Nguyễn Thanh Bình','2025-05-17','Thứ 7','0:00',0,NULL,NULL,NULL,NULL,NULL,NULL,NULL,NULL,NULL),(373,'90780','Trần Nguyễn Thanh Bình','2025-05-18','CN','0:00',0,NULL,NULL,NULL,NULL,NULL,NULL,NULL,NULL,NULL),(374,'90780','Trần Nguyễn Thanh Bình','2025-05-19','Thứ 2','6:10',370,'6:57','13:07','16:42',NULL,NULL,NULL,NULL,NULL,NULL),(375,'90780','Trần Nguyễn Thanh Bình','2025-05-20','Thứ 3','4:01',241,'6:53','10:54',NULL,NULL,NULL,NULL,NULL,NULL,NULL),(376,'90761','Nguyễn Xuân Bản','2025-05-06','Thứ 3','7:50',470,'6:49','10:40','13:00','16:59',NULL,NULL,NULL,NULL,NULL),(377,'90761','Nguyễn Xuân Bản','2025-05-07','Thứ 4','8:13',493,'6:45','10:46','13:02','17:14',NULL,NULL,NULL,NULL,NULL),(378,'90761','Nguyễn Xuân Bản','2025-05-08','Thứ 5','7:55',475,'6:49','10:48','13:04','17:00',NULL,NULL,NULL,NULL,NULL),(379,'90761','Nguyễn Xuân Bản','2025-05-09','Thứ 6','4:15',255,'6:55','11:10',NULL,NULL,NULL,NULL,NULL,NULL,'NB/2'),(380,'90761','Nguyễn Xuân Bản','2025-05-10','Thứ 7','0:00',0,NULL,NULL,NULL,NULL,NULL,NULL,NULL,NULL,NULL),(381,'90761','Nguyễn Xuân Bản','2025-05-11','CN','0:00',0,NULL,NULL,NULL,NULL,NULL,NULL,NULL,NULL,NULL),(382,'90761','Nguyễn Xuân Bản','2025-05-12','Thứ 2','8:54',534,'6:53','11:39','12:57','17:05',NULL,NULL,NULL,NULL,NULL),(383,'90761','Nguyễn Xuân Bản','2025-05-13','Thứ 3','7:58',478,'6:56','11:04','13:02','16:52',NULL,NULL,NULL,NULL,NULL),(384,'90761','Nguyễn Xuân Bản','2025-05-14','Thứ 4','8:14',494,'6:52','11:08','13:02','17:00',NULL,NULL,NULL,NULL,NULL),(385,'90761','Nguyễn Xuân Bản','2025-05-15','Thứ 5','7:59',479,'6:53','10:58','13:01','16:55',NULL,NULL,NULL,NULL,NULL),(386,'90761','Nguyễn Xuân Bản','2025-05-16','Thứ 6','0:00',0,NULL,NULL,NULL,NULL,NULL,NULL,NULL,NULL,NULL),(387,'90761','Nguyễn Xuân Bản','2025-05-17','Thứ 7','0:00',0,NULL,NULL,NULL,NULL,NULL,NULL,NULL,NULL,NULL),(388,'90761','Nguyễn Xuân Bản','2025-05-18','CN','0:00',0,NULL,NULL,NULL,NULL,NULL,NULL,NULL,NULL,NULL),(389,'90761','Nguyễn Xuân Bản','2025-05-19','Thứ 2','7:41',461,'6:57','11:04','12:58','16:32',NULL,NULL,NULL,NULL,NULL),(390,'90761','Nguyễn Xuân Bản','2025-05-20','Thứ 3','0:00',0,NULL,NULL,NULL,NULL,NULL,NULL,NULL,NULL,NULL),(391,'90747','Lê Văn Út','2025-05-06','Thứ 3','9:28',568,'7:02','11:15','11:57','17:12',NULL,NULL,NULL,NULL,NULL),(392,'90747','Lê Văn Út','2025-05-07','Thứ 4','9:30',570,'7:08','11:15','11:45','17:08',NULL,NULL,NULL,NULL,NULL),(393,'90747','Lê Văn Út','2025-05-08','Thứ 5','4:07',247,'7:25','11:32',NULL,NULL,NULL,NULL,NULL,NULL,NULL),(394,'90747','Lê Văn Út','2025-05-09','Thứ 6','0:00',0,NULL,NULL,NULL,NULL,NULL,NULL,NULL,NULL,NULL),(395,'90747','Lê Văn Út','2025-05-10','Thứ 7','0:00',0,NULL,NULL,NULL,NULL,NULL,NULL,NULL,NULL,NULL),(396,'90747','Lê Văn Út','2025-05-11','CN','0:00',0,NULL,NULL,NULL,NULL,NULL,NULL,NULL,NULL,NULL),(397,'90747','Lê Văn Út','2025-05-12','Thứ 2','9:25',565,'7:00','11:03','11:35','16:57',NULL,NULL,NULL,NULL,NULL),(398,'90747','Lê Văn Út','2025-05-13','Thứ 3','4:45',285,'7:11','11:56',NULL,NULL,NULL,NULL,NULL,NULL,NULL),(399,'90747','Lê Văn Út','2025-05-14','Thứ 4','4:17',257,'7:08','11:25','11:51',NULL,NULL,NULL,NULL,NULL,NULL),(400,'90747','Lê Văn Út','2025-05-15','Thứ 5','0:00',0,NULL,NULL,NULL,NULL,NULL,NULL,NULL,NULL,NULL),(401,'90747','Lê Văn Út','2025-05-16','Thứ 6','0:00',0,NULL,NULL,NULL,NULL,NULL,NULL,NULL,NULL,NULL),(402,'90747','Lê Văn Út','2025-05-17','Thứ 7','0:00',0,NULL,NULL,NULL,NULL,NULL,NULL,NULL,NULL,NULL),(403,'90747','Lê Văn Út','2025-05-18','CN','0:00',0,NULL,NULL,NULL,NULL,NULL,NULL,NULL,NULL,NULL),(404,'90747','Lê Văn Út','2025-05-19','Thứ 2','0:26',26,'11:50','12:16','17:37',NULL,NULL,NULL,NULL,NULL,NULL),(405,'90747','Lê Văn Út','2025-05-20','Thứ 3','10:23',623,'7:06','11:21','11:47','17:55',NULL,NULL,NULL,NULL,NULL),(406,'90872','Nguyễn Quân','2025-05-06','Thứ 3','8:53',533,'7:35','11:58','13:17','17:47',NULL,NULL,NULL,NULL,NULL),(407,'90872','Nguyễn Quân','2025-05-07','Thứ 4','10:47',647,'7:37','11:12','13:21','20:33',NULL,NULL,NULL,NULL,NULL),(408,'90872','Nguyễn Quân','2025-05-08','Thứ 5','8:29',509,'7:09','11:58','13:29','17:09',NULL,NULL,NULL,NULL,NULL),(409,'90872','Nguyễn Quân','2025-05-09','Thứ 6','11:33',693,'7:39','11:57','13:26','20:41',NULL,NULL,NULL,NULL,NULL),(410,'90872','Nguyễn Quân','2025-05-10','Thứ 7','8:24',504,'7:45','12:16','12:53','16:46',NULL,NULL,NULL,NULL,NULL),(411,'90872','Nguyễn Quân','2025-05-11','CN','0:00',0,NULL,NULL,NULL,NULL,NULL,NULL,NULL,NULL,NULL),(412,'90872','Nguyễn Quân','2025-05-12','Thứ 2','14:33',873,'5:39','20:12',NULL,NULL,NULL,NULL,NULL,NULL,'GT/2'),(413,'90872','Nguyễn Quân','2025-05-13','Thứ 3','8:48',528,'7:37','12:19','13:29','17:35',NULL,NULL,NULL,NULL,NULL),(414,'90872','Nguyễn Quân','2025-05-14','Thứ 4','13:15',795,'5:04','11:27','13:35','20:27',NULL,NULL,NULL,NULL,NULL),(415,'90872','Nguyễn Quân','2025-05-15','Thứ 5','5:12',312,'7:05','12:17',NULL,NULL,NULL,NULL,NULL,NULL,'NB/2'),(416,'90872','Nguyễn Quân','2025-05-16','Thứ 6','12:05',725,'7:07','12:13','13:23','20:22',NULL,NULL,NULL,NULL,NULL),(417,'90872','Nguyễn Quân','2025-05-17','Thứ 7','8:02',482,'7:40','12:24','13:40','16:58',NULL,NULL,NULL,NULL,NULL),(418,'90872','Nguyễn Quân','2025-05-18','CN','0:00',0,NULL,NULL,NULL,NULL,NULL,NULL,NULL,NULL,NULL),(419,'90872','Nguyễn Quân','2025-05-19','Thứ 2','10:58',658,'7:15','11:15','13:26','20:24',NULL,NULL,NULL,NULL,NULL),(420,'90872','Nguyễn Quân','2025-05-20','Thứ 3','16:30',990,'4:31','21:01',NULL,NULL,NULL,NULL,NULL,NULL,NULL),(421,'90849','Stanislav Rizevsky','2025-05-06','Thứ 3','7:02',422,'7:06','10:45','13:23','16:46',NULL,NULL,NULL,NULL,NULL),(422,'90849','Stanislav Rizevsky','2025-05-07','Thứ 4','7:30',450,'7:07','10:51','13:03','16:49',NULL,NULL,NULL,NULL,NULL),(423,'90849','Stanislav Rizevsky','2025-05-08','Thứ 5','7:37',457,'7:07','10:46','12:32','16:30',NULL,NULL,NULL,NULL,NULL),(424,'90849','Stanislav Rizevsky','2025-05-09','Thứ 6','7:27',447,'7:01','10:53','13:13','16:48',NULL,NULL,NULL,NULL,NULL),(425,'90849','Stanislav Rizevsky','2025-05-10','Thứ 7','0:00',0,NULL,NULL,NULL,NULL,NULL,NULL,NULL,NULL,NULL),(426,'90849','Stanislav Rizevsky','2025-05-11','CN','0:00',0,NULL,NULL,NULL,NULL,NULL,NULL,NULL,NULL,NULL),(427,'90849','Stanislav Rizevsky','2025-05-12','Thứ 2','7:57',477,'7:08','10:31','12:02','16:36',NULL,NULL,NULL,NULL,NULL),(428,'90849','Stanislav Rizevsky','2025-05-13','Thứ 3','7:15',435,'7:06','10:46','13:11','16:46',NULL,NULL,NULL,NULL,NULL),(429,'90849','Stanislav Rizevsky','2025-05-14','Thứ 4','7:21',441,'7:07','10:47','13:03','16:44',NULL,NULL,NULL,NULL,NULL),(430,'90849','Stanislav Rizevsky','2025-05-15','Thứ 5','9:04',544,'7:03','10:47','13:10','18:30',NULL,NULL,NULL,NULL,NULL),(431,'90849','Stanislav Rizevsky','2025-05-16','Thứ 6','7:30',450,'7:11','10:50','12:58','16:49',NULL,NULL,NULL,NULL,NULL),(432,'90849','Stanislav Rizevsky','2025-05-17','Thứ 7','0:00',0,NULL,NULL,NULL,NULL,NULL,NULL,NULL,NULL,NULL),(433,'90849','Stanislav Rizevsky','2025-05-18','CN','0:00',0,NULL,NULL,NULL,NULL,NULL,NULL,NULL,NULL,NULL),(434,'90849','Stanislav Rizevsky','2025-05-19','Thứ 2','12:00',720,'7:12','10:46','12:04','20:30',NULL,NULL,NULL,NULL,NULL),(435,'90849','Stanislav Rizevsky','2025-05-20','Thứ 3','7:09',429,'7:07','10:45','13:17','16:48',NULL,NULL,NULL,NULL,NULL),(436,'90972','Đỗ Công Ngọc','2025-05-06','Thứ 3','9:27',567,'6:59','10:58','11:22','16:50',NULL,NULL,NULL,NULL,NULL),(437,'90972','Đỗ Công Ngọc','2025-05-07','Thứ 4','8:26',506,'6:36','10:49','11:13','15:26','16:49',NULL,NULL,NULL,NULL),(438,'90972','Đỗ Công Ngọc','2025-05-08','Thứ 5','9:16',556,'6:58','10:53','11:30','16:51',NULL,NULL,NULL,NULL,NULL),(439,'90972','Đỗ Công Ngọc','2025-05-09','Thứ 6','9:45',585,'6:41','10:53','11:11','16:44',NULL,NULL,NULL,NULL,NULL),(440,'90972','Đỗ Công Ngọc','2025-05-10','Thứ 7','0:00',0,NULL,NULL,NULL,NULL,NULL,NULL,NULL,NULL,NULL),(441,'90972','Đỗ Công Ngọc','2025-05-11','CN','0:00',0,NULL,NULL,NULL,NULL,NULL,NULL,NULL,NULL,NULL),(442,'90972','Đỗ Công Ngọc','2025-05-12','Thứ 2','0:00',0,NULL,NULL,NULL,NULL,NULL,NULL,NULL,NULL,'P'),(443,'90972','Đỗ Công Ngọc','2025-05-13','Thứ 3','9:27',567,'6:55','10:59','11:23','16:46',NULL,NULL,NULL,NULL,NULL),(444,'90972','Đỗ Công Ngọc','2025-05-14','Thứ 4','5:39',339,'6:36','10:57','11:31','12:49','16:44',NULL,NULL,NULL,NULL),(445,'90972','Đỗ Công Ngọc','2025-05-15','Thứ 5','9:09',549,'7:04','10:57','11:33','16:49',NULL,NULL,NULL,NULL,NULL),(446,'90972','Đỗ Công Ngọc','2025-05-16','Thứ 6','9:47',587,'6:46','10:53','11:15','16:55',NULL,NULL,NULL,NULL,NULL),(447,'90972','Đỗ Công Ngọc','2025-05-17','Thứ 7','0:00',0,NULL,NULL,NULL,NULL,NULL,NULL,NULL,NULL,NULL),(448,'90972','Đỗ Công Ngọc','2025-05-18','CN','0:00',0,NULL,NULL,NULL,NULL,NULL,NULL,NULL,NULL,NULL),(449,'90972','Đỗ Công Ngọc','2025-05-19','Thứ 2','9:26',566,'7:01','11:02','11:29','16:54',NULL,NULL,NULL,NULL,NULL),(450,'90972','Đỗ Công Ngọc','2025-05-20','Thứ 3','10:00',600,'6:39','10:56','11:21','17:04',NULL,NULL,NULL,NULL,NULL),(451,'90928','Nguyễn Hồ Hải','2025-05-06','Thứ 3','9:16',556,'7:11','10:59','11:22','16:50',NULL,NULL,NULL,NULL,NULL),(452,'90928','Nguyễn Hồ Hải','2025-05-07','Thứ 4','9:19',559,'7:00','10:47','11:14','16:46',NULL,NULL,NULL,NULL,NULL),(453,'90928','Nguyễn Hồ Hải','2025-05-08','Thứ 5','4:09',249,'7:21','11:30','16:45',NULL,NULL,NULL,NULL,NULL,NULL),(454,'90928','Nguyễn Hồ Hải','2025-05-09','Thứ 6','9:14',554,'6:49','10:54','11:33','16:42',NULL,NULL,NULL,NULL,NULL),(455,'90928','Nguyễn Hồ Hải','2025-05-10','Thứ 7','0:00',0,NULL,NULL,NULL,NULL,NULL,NULL,NULL,NULL,NULL),(456,'90928','Nguyễn Hồ Hải','2025-05-11','CN','0:00',0,NULL,NULL,NULL,NULL,NULL,NULL,NULL,NULL,NULL),(457,'90928','Nguyễn Hồ Hải','2025-05-12','Thứ 2','9:14',554,'7:03','10:57','11:31','16:51',NULL,NULL,NULL,NULL,NULL),(458,'90928','Nguyễn Hồ Hải','2025-05-13','Thứ 3','9:08',548,'7:10','10:57','11:24','16:45',NULL,NULL,NULL,NULL,NULL),(459,'90928','Nguyễn Hồ Hải','2025-05-14','Thứ 4','8:59',539,'7:09','10:56','11:31','16:43',NULL,NULL,NULL,NULL,NULL),(460,'90928','Nguyễn Hồ Hải','2025-05-15','Thứ 5','9:18',558,'6:59','10:55','11:21','16:43',NULL,NULL,NULL,NULL,NULL),(461,'90928','Nguyễn Hồ Hải','2025-05-16','Thứ 6','9:31',571,'6:49','10:47','11:15','16:48',NULL,NULL,NULL,NULL,NULL),(462,'90928','Nguyễn Hồ Hải','2025-05-17','Thứ 7','0:00',0,NULL,NULL,NULL,NULL,NULL,NULL,NULL,NULL,NULL),(463,'90928','Nguyễn Hồ Hải','2025-05-18','CN','3:24',204,'7:05','10:29',NULL,NULL,NULL,NULL,NULL,NULL,NULL),(464,'90928','Nguyễn Hồ Hải','2025-05-19','Thứ 2','9:09',549,'7:11','11:05','11:29','16:44',NULL,NULL,NULL,NULL,NULL),(465,'90928','Nguyễn Hồ Hải','2025-05-20','Thứ 3','4:12',252,'7:10','11:22',NULL,NULL,NULL,NULL,NULL,NULL,NULL),(466,'91047','Ngô Thị Phương Dung','2025-05-06','Thứ 3','9:44',584,'6:56','11:07','11:09','16:42',NULL,NULL,NULL,NULL,NULL),(467,'91047','Ngô Thị Phương Dung','2025-05-07','Thứ 4','9:56',596,'7:02','11:08','11:11','17:01',NULL,NULL,NULL,NULL,NULL),(468,'91047','Ngô Thị Phương Dung','2025-05-08','Thứ 5','7:50',470,'6:52','10:44','12:49','16:47',NULL,NULL,NULL,NULL,NULL),(469,'91047','Ngô Thị Phương Dung','2025-05-09','Thứ 6','10:01',601,'6:46','12:52','12:54','16:49',NULL,NULL,NULL,NULL,NULL),(470,'91047','Ngô Thị Phương Dung','2025-05-10','Thứ 7','0:00',0,NULL,NULL,NULL,NULL,NULL,NULL,NULL,NULL,NULL),(471,'91047','Ngô Thị Phương Dung','2025-05-11','CN','0:00',0,NULL,NULL,NULL,NULL,NULL,NULL,NULL,NULL,NULL),(472,'91047','Ngô Thị Phương Dung','2025-05-12','Thứ 2','9:41',581,'6:56','10:59','11:02','16:40',NULL,NULL,NULL,NULL,NULL),(473,'91047','Ngô Thị Phương Dung','2025-05-13','Thứ 3','9:58',598,'6:55','10:54','10:55','16:54',NULL,NULL,NULL,NULL,NULL),(474,'91047','Ngô Thị Phương Dung','2025-05-14','Thứ 4','9:33',573,'7:07','11:38','11:41','16:43',NULL,NULL,NULL,NULL,NULL),(475,'91047','Ngô Thị Phương Dung','2025-05-15','Thứ 5','10:11',611,'6:57','10:47','10:49','17:10',NULL,NULL,NULL,NULL,NULL),(476,'91047','Ngô Thị Phương Dung','2025-05-16','Thứ 6','9:26',566,'7:07','11:03','11:09','16:39',NULL,NULL,NULL,NULL,NULL),(477,'91047','Ngô Thị Phương Dung','2025-05-17','Thứ 7','8:38',518,'7:36','12:24','12:37','16:27',NULL,NULL,NULL,NULL,NULL),(478,'91047','Ngô Thị Phương Dung','2025-05-18','CN','4:07',247,'7:02','11:09',NULL,NULL,NULL,NULL,NULL,NULL,NULL),(479,'91047','Ngô Thị Phương Dung','2025-05-19','Thứ 2','0:00',0,NULL,NULL,NULL,NULL,NULL,NULL,NULL,NULL,'NB'),(480,'91047','Ngô Thị Phương Dung','2025-05-20','Thứ 3','0:00',0,'20:51',NULL,NULL,NULL,NULL,NULL,NULL,NULL,NULL),(481,'90729','Đinh Thị Thanh Hương','2025-05-06','Thứ 3','8:11',491,'7:08','10:59','12:49','17:09',NULL,NULL,NULL,NULL,NULL),(482,'90729','Đinh Thị Thanh Hương','2025-05-07','Thứ 4','8:03',483,'7:15','11:12','12:55','17:01',NULL,NULL,NULL,NULL,NULL),(483,'90729','Đinh Thị Thanh Hương','2025-05-08','Thứ 5','8:34',514,'6:58','11:17','12:51','17:06',NULL,NULL,NULL,NULL,NULL),(484,'90729','Đinh Thị Thanh Hương','2025-05-09','Thứ 6','8:05',485,'7:06','10:51','13:09','17:29',NULL,NULL,NULL,NULL,NULL),(485,'90729','Đinh Thị Thanh Hương','2025-05-10','Thứ 7','0:00',0,NULL,NULL,NULL,NULL,NULL,NULL,NULL,NULL,NULL),(486,'90729','Đinh Thị Thanh Hương','2025-05-11','CN','0:00',0,NULL,NULL,NULL,NULL,NULL,NULL,NULL,NULL,NULL),(487,'90729','Đinh Thị Thanh Hương','2025-05-12','Thứ 2','7:48',468,'7:18','11:00','12:49','16:55',NULL,NULL,NULL,NULL,NULL),(488,'90729','Đinh Thị Thanh Hương','2025-05-13','Thứ 3','3:41',221,'7:15','10:56',NULL,NULL,NULL,NULL,NULL,NULL,NULL),(489,'90729','Đinh Thị Thanh Hương','2025-05-14','Thứ 4','8:00',480,'7:12','11:01','12:54','17:05',NULL,NULL,NULL,NULL,NULL),(490,'90729','Đinh Thị Thanh Hương','2025-05-15','Thứ 5','8:33',513,'7:05','11:17','12:57','17:18',NULL,NULL,NULL,NULL,NULL),(491,'90729','Đinh Thị Thanh Hương','2025-05-16','Thứ 6','5:46',346,'7:21','13:07','16:50',NULL,NULL,NULL,NULL,NULL,NULL),(492,'90729','Đinh Thị Thanh Hương','2025-05-17','Thứ 7','4:05',245,'7:04','11:09',NULL,NULL,NULL,NULL,NULL,NULL,NULL),(493,'90729','Đinh Thị Thanh Hương','2025-05-18','CN','0:00',0,NULL,NULL,NULL,NULL,NULL,NULL,NULL,NULL,NULL),(494,'90729','Đinh Thị Thanh Hương','2025-05-19','Thứ 2','3:55',235,'7:16','11:11','16:37',NULL,NULL,NULL,NULL,NULL,NULL),(495,'90729','Đinh Thị Thanh Hương','2025-05-20','Thứ 3','7:48',468,'7:15','11:33','13:05','16:35',NULL,NULL,NULL,NULL,NULL),(496,'90725','Nguyễn Thị Thu Nguyệt','2025-05-06','Thứ 3','3:35',215,'13:04','16:39',NULL,NULL,NULL,NULL,NULL,NULL,NULL),(497,'90725','Nguyễn Thị Thu Nguyệt','2025-05-07','Thứ 4','0:00',0,NULL,NULL,NULL,NULL,NULL,NULL,NULL,NULL,NULL),(498,'90725','Nguyễn Thị Thu Nguyệt','2025-05-08','Thứ 5','0:00',0,NULL,NULL,NULL,NULL,NULL,NULL,NULL,NULL,NULL),(499,'90725','Nguyễn Thị Thu Nguyệt','2025-05-09','Thứ 6','10:30',630,'6:56','11:07','11:43','18:02',NULL,NULL,NULL,NULL,NULL),(500,'90725','Nguyễn Thị Thu Nguyệt','2025-05-10','Thứ 7','0:00',0,NULL,NULL,NULL,NULL,NULL,NULL,NULL,NULL,NULL),(501,'90725','Nguyễn Thị Thu Nguyệt','2025-05-11','CN','0:00',0,NULL,NULL,NULL,NULL,NULL,NULL,NULL,NULL,NULL),(502,'90725','Nguyễn Thị Thu Nguyệt','2025-05-12','Thứ 2','7:58',478,'11:53','19:51',NULL,NULL,NULL,NULL,NULL,NULL,NULL),(503,'90725','Nguyễn Thị Thu Nguyệt','2025-05-13','Thứ 3','0:00',0,NULL,NULL,NULL,NULL,NULL,NULL,NULL,NULL,NULL),(504,'90725','Nguyễn Thị Thu Nguyệt','2025-05-14','Thứ 4','0:00',0,NULL,NULL,NULL,NULL,NULL,NULL,NULL,NULL,NULL),(505,'90725','Nguyễn Thị Thu Nguyệt','2025-05-15','Thứ 5','9:17',557,'6:39','11:13','11:58','16:41',NULL,NULL,NULL,NULL,NULL),(506,'90725','Nguyễn Thị Thu Nguyệt','2025-05-16','Thứ 6','0:00',0,NULL,NULL,NULL,NULL,NULL,NULL,NULL,NULL,NULL),(507,'90725','Nguyễn Thị Thu Nguyệt','2025-05-17','Thứ 7','0:00',0,NULL,NULL,NULL,NULL,NULL,NULL,NULL,NULL,NULL),(508,'90725','Nguyễn Thị Thu Nguyệt','2025-05-18','CN','0:00',0,NULL,NULL,NULL,NULL,NULL,NULL,NULL,NULL,NULL),(509,'90725','Nguyễn Thị Thu Nguyệt','2025-05-19','Thứ 2','0:14',14,'10:56','11:10','16:29',NULL,NULL,NULL,NULL,NULL,NULL),(510,'90725','Nguyễn Thị Thu Nguyệt','2025-05-20','Thứ 3','0:00',0,NULL,NULL,NULL,NULL,NULL,NULL,NULL,NULL,NULL),(511,'90253','Nông Nguyễn Minh Thúy','2025-06-06','Thứ 6','11:17',677,'6:59','11:02','12:58','17:00','17:05','20:17',NULL,NULL,NULL),(512,'90253','Nông Nguyễn Minh Thúy','2025-06-07','Thứ 7','0:00',0,NULL,NULL,NULL,NULL,NULL,NULL,NULL,NULL,NULL),(513,'90253','Nông Nguyễn Minh Thúy','2025-06-08','CN','0:00',0,NULL,NULL,NULL,NULL,NULL,NULL,NULL,NULL,NULL),(514,'90253','Nông Nguyễn Minh Thúy','2025-06-09','Thứ 2','8:12',492,'7:00','11:03','13:05','17:14',NULL,NULL,NULL,NULL,NULL),(515,'90253','Nông Nguyễn Minh Thúy','2025-06-10','Thứ 3','8:19',499,'7:01','11:02','13:10','17:28',NULL,NULL,NULL,NULL,NULL),(516,'90253','Nông Nguyễn Minh Thúy','2025-06-11','Thứ 4','8:03',483,'7:05','11:04','13:08','17:12',NULL,NULL,NULL,NULL,NULL),(517,'90253','Nông Nguyễn Minh Thúy','2025-06-12','Thứ 5','7:56',476,'7:01','11:04','13:11','17:04',NULL,NULL,NULL,NULL,NULL),(518,'90253','Nông Nguyễn Minh Thúy','2025-06-13','Thứ 6','11:43',703,'6:58','11:03','13:21','17:08','17:13','21:04',NULL,NULL,NULL),(519,'90253','Nông Nguyễn Minh Thúy','2025-06-14','Thứ 7','0:00',0,NULL,NULL,NULL,NULL,NULL,NULL,NULL,NULL,NULL),(520,'90253','Nông Nguyễn Minh Thúy','2025-06-15','CN','0:00',0,NULL,NULL,NULL,NULL,NULL,NULL,NULL,NULL,NULL),(521,'90253','Nông Nguyễn Minh Thúy','2025-06-16','Thứ 2','8:13',493,'6:58','11:05','13:07','17:13',NULL,NULL,NULL,NULL,NULL),(522,'90253','Nông Nguyễn Minh Thúy','2025-06-17','Thứ 3','7:55',475,'7:04','11:03','13:08','17:04',NULL,NULL,NULL,NULL,NULL),(523,'90253','Nông Nguyễn Minh Thúy','2025-06-18','Thứ 4','7:26',446,'7:02','11:03','13:06','16:31',NULL,NULL,NULL,NULL,NULL),(524,'90253','Nông Nguyễn Minh Thúy','2025-06-19','Thứ 5','7:20',440,'7:01','11:03','13:10','16:28',NULL,NULL,NULL,NULL,NULL),(525,'90253','Nông Nguyễn Minh Thúy','2025-06-20','Thứ 6','7:27',447,'6:57','11:06','13:08','16:26',NULL,NULL,NULL,NULL,NULL),(526,'DC098','Nguyễn Hữu Quyền','2025-06-06','Thứ 6','0:00',0,NULL,NULL,NULL,NULL,NULL,NULL,NULL,NULL,NULL),(527,'DC098','Nguyễn Hữu Quyền','2025-06-07','Thứ 7','8:24',504,'12:18','20:42',NULL,NULL,NULL,NULL,NULL,NULL,NULL),(528,'DC098','Nguyễn Hữu Quyền','2025-06-08','CN','0:00',0,NULL,NULL,NULL,NULL,NULL,NULL,NULL,NULL,NULL),(529,'DC098','Nguyễn Hữu Quyền','2025-06-09','Thứ 2','11:36',696,'6:33','10:54','12:41','19:56',NULL,NULL,NULL,NULL,NULL),(530,'DC098','Nguyễn Hữu Quyền','2025-06-10','Thứ 3','12:06',726,'6:39','10:55','12:45','20:35',NULL,NULL,NULL,NULL,NULL),(531,'DC098','Nguyễn Hữu Quyền','2025-06-11','Thứ 4','12:19',739,'6:40','11:09','12:35','20:25',NULL,NULL,NULL,NULL,NULL),(532,'DC098','Nguyễn Hữu Quyền','2025-06-12','Thứ 5','12:10',730,'6:43','11:16','12:41','20:18',NULL,NULL,NULL,NULL,NULL),(533,'DC098','Nguyễn Hữu Quyền','2025-06-13','Thứ 6','12:24',744,'6:43','11:08','12:35','20:34',NULL,NULL,NULL,NULL,NULL),(534,'DC098','Nguyễn Hữu Quyền','2025-06-14','Thứ 7','11:37',697,'6:38','10:59','12:57','20:13',NULL,NULL,NULL,NULL,NULL),(535,'DC098','Nguyễn Hữu Quyền','2025-06-15','CN','0:00',0,NULL,NULL,NULL,NULL,NULL,NULL,NULL,NULL,NULL),(536,'DC098','Nguyễn Hữu Quyền','2025-06-16','Thứ 2','12:24',744,'6:46','10:57','12:35','20:48',NULL,NULL,NULL,NULL,NULL),(537,'DC098','Nguyễn Hữu Quyền','2025-06-17','Thứ 3','11:55',715,'6:49','10:56','12:25','20:13',NULL,NULL,NULL,NULL,NULL),(538,'DC098','Nguyễn Hữu Quyền','2025-06-18','Thứ 4','11:38',698,'7:03','10:51','12:40','20:30',NULL,NULL,NULL,NULL,NULL),(539,'DC098','Nguyễn Hữu Quyền','2025-06-19','Thứ 5','9:02',542,'6:41','11:47','16:46','20:42',NULL,NULL,NULL,NULL,NULL),(540,'DC098','Nguyễn Hữu Quyền','2025-06-20','Thứ 6','9:08',548,'6:43','11:16','12:35','17:10',NULL,NULL,NULL,NULL,NULL),(541,'2026','Nguyễn Hữu Tuấn','2025-06-06','Thứ 6','4:20',260,'12:57','17:17',NULL,NULL,NULL,NULL,NULL,NULL,NULL),(542,'2026','Nguyễn Hữu Tuấn','2025-06-07','Thứ 7','12:27',747,'6:54','11:07','12:18','18:38','18:48','20:42',NULL,NULL,NULL),(543,'2026','Nguyễn Hữu Tuấn','2025-06-08','CN','4:15',255,'6:45','11:00',NULL,NULL,NULL,NULL,NULL,NULL,NULL),(544,'2026','Nguyễn Hữu Tuấn','2025-06-09','Thứ 2','8:17',497,'7:00','11:04','12:55','17:08',NULL,NULL,NULL,NULL,NULL),(545,'2026','Nguyễn Hữu Tuấn','2025-06-10','Thứ 3','8:23',503,'7:08','11:05','12:45','17:11','17:16',NULL,NULL,NULL,NULL),(546,'2026','Nguyễn Hữu Tuấn','2025-06-11','Thứ 4','8:31',511,'7:03','10:58','12:35','17:11',NULL,NULL,NULL,NULL,NULL),(547,'2026','Nguyễn Hữu Tuấn','2025-06-12','Thứ 5','8:18',498,'7:07','11:03','12:41','17:03',NULL,NULL,NULL,NULL,NULL),(548,'2026','Nguyễn Hữu Tuấn','2025-06-13','Thứ 6','8:07',487,'7:06','11:05','13:01','17:09',NULL,NULL,NULL,NULL,NULL),(549,'2026','Nguyễn Hữu Tuấn','2025-06-14','Thứ 7','11:13',673,'6:55','10:53','12:57','18:00','18:01','20:13',NULL,NULL,NULL),(550,'2026','Nguyễn Hữu Tuấn','2025-06-15','CN','0:00',0,NULL,NULL,NULL,NULL,NULL,NULL,NULL,NULL,NULL),(551,'2026','Nguyễn Hữu Tuấn','2025-06-16','Thứ 2','7:56',476,'7:00','11:05','13:14','17:05',NULL,NULL,NULL,NULL,NULL),(552,'2026','Nguyễn Hữu Tuấn','2025-06-17','Thứ 3','7:45',465,'7:07','11:08','13:19','17:03',NULL,NULL,NULL,NULL,NULL),(553,'2026','Nguyễn Hữu Tuấn','2025-06-18','Thứ 4','3:57',237,'7:09','11:06',NULL,NULL,NULL,NULL,NULL,NULL,NULL),(554,'2026','Nguyễn Hữu Tuấn','2025-06-19','Thứ 5','7:35',455,'7:07','11:00','13:20','17:02',NULL,NULL,NULL,NULL,NULL),(555,'2026','Nguyễn Hữu Tuấn','2025-06-20','Thứ 6','8:37',517,'7:04','11:11','12:35','17:03','17:05','17:07','20:51',NULL,NULL),(556,'90317','Nguyễn Khánh Tùng','2025-06-06','Thứ 6','10:11',611,'7:04','11:23','11:50','17:42',NULL,NULL,NULL,NULL,NULL),(557,'90317','Nguyễn Khánh Tùng','2025-06-07','Thứ 7','4:31',271,'7:08','11:39',NULL,NULL,NULL,NULL,NULL,NULL,NULL),(558,'90317','Nguyễn Khánh Tùng','2025-06-08','CN','0:00',0,NULL,NULL,NULL,NULL,NULL,NULL,NULL,NULL,NULL),(559,'90317','Nguyễn Khánh Tùng','2025-06-09','Thứ 2','0:23',23,'11:06','11:29','17:36',NULL,NULL,NULL,NULL,NULL,NULL),(560,'90317','Nguyễn Khánh Tùng','2025-06-10','Thứ 3','0:00',0,NULL,NULL,NULL,NULL,NULL,NULL,NULL,NULL,NULL),(561,'90317','Nguyễn Khánh Tùng','2025-06-11','Thứ 4','10:07',607,'7:27','11:13','11:32','17:53',NULL,NULL,NULL,NULL,NULL),(562,'90317','Nguyễn Khánh Tùng','2025-06-12','Thứ 5','8:42',522,'7:01','11:25','11:46','16:04',NULL,NULL,NULL,NULL,NULL),(563,'90317','Nguyễn Khánh Tùng','2025-06-13','Thứ 6','8:23',503,'7:20','11:31','13:22','17:34',NULL,NULL,NULL,NULL,NULL),(564,'90317','Nguyễn Khánh Tùng','2025-06-14','Thứ 7','3:14',194,'7:17','10:31',NULL,NULL,NULL,NULL,NULL,NULL,NULL),(565,'90317','Nguyễn Khánh Tùng','2025-06-15','CN','0:00',0,NULL,NULL,NULL,NULL,NULL,NULL,NULL,NULL,NULL),(566,'90317','Nguyễn Khánh Tùng','2025-06-16','Thứ 2','9:39',579,'7:21','11:22','11:37','17:15',NULL,NULL,NULL,NULL,NULL),(567,'90317','Nguyễn Khánh Tùng','2025-06-17','Thứ 3','8:16',496,'7:29','11:46','13:09','17:08',NULL,NULL,NULL,NULL,NULL),(568,'90317','Nguyễn Khánh Tùng','2025-06-18','Thứ 4','4:15',255,'7:26','11:41',NULL,NULL,NULL,NULL,NULL,NULL,NULL),(569,'90317','Nguyễn Khánh Tùng','2025-06-19','Thứ 5','0:17',17,'11:23','11:40','17:40',NULL,NULL,NULL,NULL,NULL,NULL),(570,'90317','Nguyễn Khánh Tùng','2025-06-20','Thứ 6','9:53',593,'6:54','11:16','11:42','17:13',NULL,NULL,NULL,NULL,NULL),(571,'NV003','Nguyễn Ngọc Chiến','2025-06-06','Thứ 6','4:17',257,'6:44','11:01',NULL,NULL,NULL,NULL,NULL,NULL,'P/2'),(572,'NV003','Nguyễn Ngọc Chiến','2025-06-07','Thứ 7','3:45',225,'6:53','10:38',NULL,NULL,NULL,NULL,NULL,NULL,NULL),(573,'NV003','Nguyễn Ngọc Chiến','2025-06-08','CN','0:00',0,NULL,NULL,NULL,NULL,NULL,NULL,NULL,NULL,NULL),(574,'NV003','Nguyễn Ngọc Chiến','2025-06-09','Thứ 2','7:41',461,'7:04','11:00','13:28','17:13',NULL,NULL,NULL,NULL,NULL),(575,'NV003','Nguyễn Ngọc Chiến','2025-06-10','Thứ 3','7:42',462,'7:17','11:12','13:16','17:03',NULL,NULL,NULL,NULL,NULL),(576,'NV003','Nguyễn Ngọc Chiến','2025-06-11','Thứ 4','7:29',449,'7:15','11:00','13:20','17:04',NULL,NULL,NULL,NULL,NULL),(577,'NV003','Nguyễn Ngọc Chiến','2025-06-12','Thứ 5','7:58',478,'7:04','11:12','13:19','17:09',NULL,NULL,NULL,NULL,NULL),(578,'NV003','Nguyễn Ngọc Chiến','2025-06-13','Thứ 6','8:37',517,'6:57','11:23','13:11','17:22',NULL,NULL,NULL,NULL,NULL),(579,'NV003','Nguyễn Ngọc Chiến','2025-06-14','Thứ 7','0:00',0,NULL,NULL,NULL,NULL,NULL,NULL,NULL,NULL,NULL),(580,'NV003','Nguyễn Ngọc Chiến','2025-06-15','CN','0:00',0,NULL,NULL,NULL,NULL,NULL,NULL,NULL,NULL,NULL),(581,'NV003','Nguyễn Ngọc Chiến','2025-06-16','Thứ 2','8:36',516,'6:53','11:09','13:00','17:20',NULL,NULL,NULL,NULL,NULL),(582,'NV003','Nguyễn Ngọc Chiến','2025-06-17','Thứ 3','2:12',132,'7:05','7:10','11:05','13:12','17:11',NULL,NULL,NULL,NULL),(583,'NV003','Nguyễn Ngọc Chiến','2025-06-18','Thứ 4','8:00',480,'7:30','11:17','12:54','17:07',NULL,NULL,NULL,NULL,NULL),(584,'NV003','Nguyễn Ngọc Chiến','2025-06-19','Thứ 5','8:12',492,'6:55','11:03','12:58','17:02',NULL,NULL,NULL,NULL,NULL),(585,'NV003','Nguyễn Ngọc Chiến','2025-06-20','Thứ 6','11:21',681,'6:56','11:04','12:54','20:07',NULL,NULL,NULL,NULL,NULL),(586,'DC154','Lê Thành Long','2025-06-06','Thứ 6','8:11',491,'6:51','11:06','13:04','17:00',NULL,NULL,NULL,NULL,NULL),(587,'DC154','Lê Thành Long','2025-06-07','Thứ 7','0:00',0,NULL,NULL,NULL,NULL,NULL,NULL,NULL,NULL,'P/2'),(588,'DC154','Lê Thành Long','2025-06-08','CN','0:00',0,NULL,NULL,NULL,NULL,NULL,NULL,NULL,NULL,NULL),(589,'DC154','Lê Thành Long','2025-06-09','Thứ 2','8:20',500,'6:52','11:02','12:55','17:05',NULL,NULL,NULL,NULL,NULL),(590,'DC154','Lê Thành Long','2025-06-10','Thứ 3','0:00',0,NULL,NULL,NULL,NULL,NULL,NULL,NULL,NULL,NULL),(591,'DC154','Lê Thành Long','2025-06-11','Thứ 4','8:33',513,'6:34','11:05','13:03','17:05',NULL,NULL,NULL,NULL,NULL),(592,'DC154','Lê Thành Long','2025-06-12','Thứ 5','8:44',524,'6:29','11:06','12:59','17:06',NULL,NULL,NULL,NULL,NULL),(593,'DC154','Lê Thành Long','2025-06-13','Thứ 6','8:26',506,'6:43','11:06','13:05','17:08',NULL,NULL,NULL,NULL,NULL),(594,'DC154','Lê Thành Long','2025-06-14','Thứ 7','4:25',265,'6:47','11:12',NULL,NULL,NULL,NULL,NULL,NULL,NULL),(595,'DC154','Lê Thành Long','2025-06-15','CN','0:00',0,NULL,NULL,NULL,NULL,NULL,NULL,NULL,NULL,NULL),(596,'DC154','Lê Thành Long','2025-06-16','Thứ 2','8:19',499,'6:52','11:07','13:04','17:08',NULL,NULL,NULL,NULL,NULL),(597,'DC154','Lê Thành Long','2025-06-17','Thứ 3','8:17',497,'6:50','11:04','13:04','17:07',NULL,NULL,NULL,NULL,NULL),(598,'DC154','Lê Thành Long','2025-06-18','Thứ 4','8:20',500,'6:49','11:04','13:03','17:08',NULL,NULL,NULL,NULL,NULL),(599,'DC154','Lê Thành Long','2025-06-19','Thứ 5','8:10',490,'6:53','11:03','13:07','17:07',NULL,NULL,NULL,NULL,NULL),(600,'DC154','Lê Thành Long','2025-06-20','Thứ 6','8:08',488,'6:53','11:00','13:04','17:05',NULL,NULL,NULL,NULL,NULL),(601,'AV055','Lê Ái Phú','2025-06-06','Thứ 6','10:06',606,'6:52','11:15','11:51','17:34',NULL,NULL,NULL,NULL,NULL),(602,'AV055','Lê Ái Phú','2025-06-07','Thứ 7','8:42',522,'6:56','15:38',NULL,NULL,NULL,NULL,NULL,NULL,NULL),(603,'AV055','Lê Ái Phú','2025-06-08','CN','8:53',533,'6:56','15:49',NULL,NULL,NULL,NULL,NULL,NULL,NULL),(604,'AV055','Lê Ái Phú','2025-06-09','Thứ 2','12:09',729,'6:59','11:24','12:38','20:22',NULL,NULL,NULL,NULL,NULL),(605,'AV055','Lê Ái Phú','2025-06-10','Thứ 3','13:00',780,'6:45','11:13','12:02','20:34',NULL,NULL,NULL,NULL,NULL),(606,'AV055','Lê Ái Phú','2025-06-11','Thứ 4','11:50',710,'7:00','11:17','12:17','19:50',NULL,NULL,NULL,NULL,NULL),(607,'AV055','Lê Ái Phú','2025-06-12','Thứ 5','11:28',688,'7:15','11:19','12:13','19:37',NULL,NULL,NULL,NULL,NULL),(608,'AV055','Lê Ái Phú','2025-06-13','Thứ 6','9:53',593,'6:56','11:37','12:13','17:25',NULL,NULL,NULL,NULL,NULL),(609,'AV055','Lê Ái Phú','2025-06-14','Thứ 7','0:00',0,NULL,NULL,NULL,NULL,NULL,NULL,NULL,NULL,NULL),(610,'AV055','Lê Ái Phú','2025-06-15','CN','0:00',0,NULL,NULL,NULL,NULL,NULL,NULL,NULL,NULL,NULL),(611,'AV055','Lê Ái Phú','2025-06-16','Thứ 2','0:00',0,NULL,NULL,NULL,NULL,NULL,NULL,NULL,NULL,'P'),(612,'AV055','Lê Ái Phú','2025-06-17','Thứ 3','9:14',554,'6:48','11:16','12:34','17:20',NULL,NULL,NULL,NULL,NULL),(613,'AV055','Lê Ái Phú','2025-06-18','Thứ 4','12:06',726,'6:54','11:34','12:21','19:47',NULL,NULL,NULL,NULL,NULL),(614,'AV055','Lê Ái Phú','2025-06-19','Thứ 5','10:07',607,'6:53','11:22','12:06','17:44',NULL,NULL,NULL,NULL,NULL),(615,'AV055','Lê Ái Phú','2025-06-20','Thứ 6','12:17',737,'6:57','11:31','12:18','20:01',NULL,NULL,NULL,NULL,NULL),(616,'90359','Đỗ Thanh Nguyên','2025-06-06','Thứ 6','0:00',0,NULL,NULL,NULL,NULL,NULL,NULL,NULL,NULL,NULL),(617,'90359','Đỗ Thanh Nguyên','2025-06-07','Thứ 7','0:00',0,NULL,NULL,NULL,NULL,NULL,NULL,NULL,NULL,NULL),(618,'90359','Đỗ Thanh Nguyên','2025-06-08','CN','0:00',0,NULL,NULL,NULL,NULL,NULL,NULL,NULL,NULL,NULL),(619,'90359','Đỗ Thanh Nguyên','2025-06-09','Thứ 2','8:26',506,'12:48','16:59','17:02','21:17',NULL,NULL,NULL,NULL,NULL),(620,'90359','Đỗ Thanh Nguyên','2025-06-10','Thứ 3','13:35',815,'6:49','11:03','11:26','17:00','17:04','20:51',NULL,NULL,NULL),(621,'90359','Đỗ Thanh Nguyên','2025-06-11','Thứ 4','13:21',801,'6:50','11:01','11:47','17:07','17:09','20:59',NULL,NULL,NULL),(622,'90359','Đỗ Thanh Nguyên','2025-06-12','Thứ 5','13:44',824,'6:49','11:03','11:28','17:01','17:04','21:01',NULL,NULL,NULL),(623,'90359','Đỗ Thanh Nguyên','2025-06-13','Thứ 6','0:00',0,NULL,NULL,NULL,NULL,NULL,NULL,NULL,NULL,NULL),(624,'90359','Đỗ Thanh Nguyên','2025-06-14','Thứ 7','0:00',0,NULL,NULL,NULL,NULL,NULL,NULL,NULL,NULL,NULL),(625,'90359','Đỗ Thanh Nguyên','2025-06-15','CN','0:00',0,NULL,NULL,NULL,NULL,NULL,NULL,NULL,NULL,NULL),(626,'90359','Đỗ Thanh Nguyên','2025-06-16','Thứ 2','8:38',518,'12:22','17:02','17:05','21:03',NULL,NULL,NULL,NULL,NULL),(627,'90359','Đỗ Thanh Nguyên','2025-06-17','Thứ 3','13:35',815,'6:48','10:58','11:13','17:00','17:02','20:40',NULL,NULL,NULL),(628,'90359','Đỗ Thanh Nguyên','2025-06-18','Thứ 4','13:50',830,'6:47','11:02','11:21','17:05','17:07','20:58',NULL,NULL,NULL),(629,'90359','Đỗ Thanh Nguyên','2025-06-19','Thứ 5','13:34',814,'6:51','10:55','11:17','17:00','17:03','20:50',NULL,NULL,NULL),(630,'90359','Đỗ Thanh Nguyên','2025-06-20','Thứ 6','0:00',0,NULL,NULL,NULL,NULL,NULL,NULL,NULL,NULL,NULL),(631,'SH012','Hoàng Ngọc Cương','2025-06-06','Thứ 6','6:45',405,'7:07','10:31','13:14','16:35',NULL,NULL,NULL,NULL,NULL),(632,'SH012','Hoàng Ngọc Cương','2025-06-07','Thứ 7','0:00',0,NULL,NULL,NULL,NULL,NULL,NULL,NULL,NULL,NULL),(633,'SH012','Hoàng Ngọc Cương','2025-06-08','CN','0:00',0,NULL,NULL,NULL,NULL,NULL,NULL,NULL,NULL,NULL),(634,'SH012','Hoàng Ngọc Cương','2025-06-09','Thứ 2','7:30',450,'7:20','10:51','13:09','17:08',NULL,NULL,NULL,NULL,NULL),(635,'SH012','Hoàng Ngọc Cương','2025-06-10','Thứ 3','7:33',453,'7:17','11:09','13:18','16:59',NULL,NULL,NULL,NULL,NULL),(636,'SH012','Hoàng Ngọc Cương','2025-06-11','Thứ 4','7:16',436,'7:25','11:16','13:20','16:45',NULL,NULL,NULL,NULL,NULL),(637,'SH012','Hoàng Ngọc Cương','2025-06-12','Thứ 5','3:36',216,'7:12','10:48','16:57',NULL,NULL,NULL,NULL,NULL,NULL),(638,'SH012','Hoàng Ngọc Cương','2025-06-13','Thứ 6','8:12',492,'7:10','11:12','13:19','17:29',NULL,NULL,NULL,NULL,NULL),(639,'SH012','Hoàng Ngọc Cương','2025-06-14','Thứ 7','0:00',0,NULL,NULL,NULL,NULL,NULL,NULL,NULL,NULL,NULL),(640,'SH012','Hoàng Ngọc Cương','2025-06-15','CN','0:00',0,NULL,NULL,NULL,NULL,NULL,NULL,NULL,NULL,NULL),(641,'SH012','Hoàng Ngọc Cương','2025-06-16','Thứ 2','4:15',255,'6:58','11:13','17:30',NULL,NULL,NULL,NULL,NULL,NULL),(642,'SH012','Hoàng Ngọc Cương','2025-06-17','Thứ 3','7:20',440,'7:12','11:22','13:18','16:28',NULL,NULL,NULL,NULL,NULL),(643,'SH012','Hoàng Ngọc Cương','2025-06-18','Thứ 4','6:48',408,'7:27','11:29','13:21','16:07',NULL,NULL,NULL,NULL,NULL),(644,'SH012','Hoàng Ngọc Cương','2025-06-19','Thứ 5','6:37',397,'7:20','10:27','13:21','16:51',NULL,NULL,NULL,NULL,NULL),(645,'SH012','Hoàng Ngọc Cương','2025-06-20','Thứ 6','6:28',388,'7:16','10:53','13:55','16:46',NULL,NULL,NULL,NULL,NULL),(646,'DT056','Nguyễn Quang Chung','2025-06-06','Thứ 6','7:09',429,'7:12','10:48','12:57','16:30',NULL,NULL,NULL,NULL,NULL),(647,'DT056','Nguyễn Quang Chung','2025-06-07','Thứ 7','7:24',444,'7:14','11:23','13:11','16:26',NULL,NULL,NULL,NULL,NULL),(648,'DT056','Nguyễn Quang Chung','2025-06-08','CN','0:00',0,NULL,NULL,NULL,NULL,NULL,NULL,NULL,NULL,NULL),(649,'DT056','Nguyễn Quang Chung','2025-06-09','Thứ 2','6:52',412,'7:09','10:41','13:12','16:32',NULL,NULL,NULL,NULL,NULL),(650,'DT056','Nguyễn Quang Chung','2025-06-10','Thứ 3','7:14',434,'6:58','10:46','13:08','16:34',NULL,NULL,NULL,NULL,NULL),(651,'DT056','Nguyễn Quang Chung','2025-06-11','Thứ 4','6:45',405,'7:21','10:47','13:13','16:32',NULL,NULL,NULL,NULL,NULL),(652,'DT056','Nguyễn Quang Chung','2025-06-12','Thứ 5','7:27',447,'7:11','11:10','13:06','16:34',NULL,NULL,NULL,NULL,NULL),(653,'DT056','Nguyễn Quang Chung','2025-06-13','Thứ 6','7:10',430,'7:04','10:43','13:06','16:37',NULL,NULL,NULL,NULL,NULL),(654,'DT056','Nguyễn Quang Chung','2025-06-14','Thứ 7','6:35',395,'7:12','11:04','13:12','15:55',NULL,NULL,NULL,NULL,NULL),(655,'DT056','Nguyễn Quang Chung','2025-06-15','CN','9:15',555,'7:01','16:16',NULL,NULL,NULL,NULL,NULL,NULL,NULL),(656,'DT056','Nguyễn Quang Chung','2025-06-16','Thứ 2','8:58',538,'6:47','10:50','13:08','18:03',NULL,NULL,NULL,NULL,NULL),(657,'DT056','Nguyễn Quang Chung','2025-06-17','Thứ 3','6:58',418,'7:01','10:42','13:15','16:32',NULL,NULL,NULL,NULL,NULL),(658,'DT056','Nguyễn Quang Chung','2025-06-18','Thứ 4','7:39',459,'6:52','10:56','13:01','16:36',NULL,NULL,NULL,NULL,NULL),(659,'DT056','Nguyễn Quang Chung','2025-06-19','Thứ 5','7:07',427,'7:06','10:51','13:15','16:37',NULL,NULL,NULL,NULL,NULL),(660,'DT056','Nguyễn Quang Chung','2025-06-20','Thứ 6','0:00',0,NULL,NULL,NULL,NULL,NULL,NULL,NULL,NULL,'NB'),(661,'DT033','Nguyễn Thị Thu Sương','2025-06-06','Thứ 6','8:50',530,'7:19','11:08','11:12','16:13',NULL,NULL,NULL,NULL,NULL),(662,'DT033','Nguyễn Thị Thu Sương','2025-06-07','Thứ 7','0:00',0,NULL,NULL,NULL,NULL,NULL,NULL,NULL,NULL,NULL),(663,'DT033','Nguyễn Thị Thu Sương','2025-06-08','CN','0:00',0,NULL,NULL,NULL,NULL,NULL,NULL,NULL,NULL,NULL),(664,'DT033','Nguyễn Thị Thu Sương','2025-06-09','Thứ 2','7:35',455,'7:33','11:18','12:59','16:49',NULL,NULL,NULL,NULL,NULL),(665,'DT033','Nguyễn Thị Thu Sương','2025-06-10','Thứ 3','8:38',518,'7:26','11:02','11:57','16:59',NULL,NULL,NULL,NULL,NULL),(666,'DT033','Nguyễn Thị Thu Sương','2025-06-11','Thứ 4','8:04',484,'7:24','11:20','12:49','16:57',NULL,NULL,NULL,NULL,NULL),(667,'DT033','Nguyễn Thị Thu Sương','2025-06-12','Thứ 5','6:05',365,'7:17','11:36','12:51','14:37',NULL,NULL,NULL,NULL,NULL),(668,'DT033','Nguyễn Thị Thu Sương','2025-06-13','Thứ 6','4:10',250,'12:48','16:58',NULL,NULL,NULL,NULL,NULL,NULL,'CT/2'),(669,'DT033','Nguyễn Thị Thu Sương','2025-06-14','Thứ 7','0:00',0,NULL,NULL,NULL,NULL,NULL,NULL,NULL,NULL,NULL),(670,'DT033','Nguyễn Thị Thu Sương','2025-06-15','CN','0:00',0,NULL,NULL,NULL,NULL,NULL,NULL,NULL,NULL,NULL),(671,'DT033','Nguyễn Thị Thu Sương','2025-06-16','Thứ 2','7:44',464,'7:48','11:32','12:58','16:58',NULL,NULL,NULL,NULL,NULL),(672,'DT033','Nguyễn Thị Thu Sương','2025-06-17','Thứ 3','8:03',483,'7:15','11:10','12:50','16:58',NULL,NULL,NULL,NULL,NULL),(673,'DT033','Nguyễn Thị Thu Sương','2025-06-18','Thứ 4','7:52',472,'7:17','11:18','12:49','16:40',NULL,NULL,NULL,NULL,NULL),(674,'DT033','Nguyễn Thị Thu Sương','2025-06-19','Thứ 5','7:52',472,'7:19','11:24','12:57','16:44',NULL,NULL,NULL,NULL,NULL),(675,'DT033','Nguyễn Thị Thu Sương','2025-06-20','Thứ 6','8:17',497,'7:19','11:06','12:28','16:58',NULL,NULL,NULL,NULL,NULL),(676,'DT037','Hồ Thanh Tuấn','2025-06-06','Thứ 6','7:31',451,'6:43','10:49','13:17','16:42',NULL,NULL,NULL,NULL,NULL),(677,'DT037','Hồ Thanh Tuấn','2025-06-07','Thứ 7','0:00',0,NULL,NULL,NULL,NULL,NULL,NULL,NULL,NULL,NULL),(678,'DT037','Hồ Thanh Tuấn','2025-06-08','CN','0:00',0,NULL,NULL,NULL,NULL,NULL,NULL,NULL,NULL,NULL),(679,'DT037','Hồ Thanh Tuấn','2025-06-09','Thứ 2','6:03',363,'7:24','13:27','16:42',NULL,NULL,NULL,NULL,NULL,NULL),(680,'DT037','Hồ Thanh Tuấn','2025-06-10','Thứ 3','8:04',484,'7:08','10:46','13:31','17:57',NULL,NULL,NULL,NULL,NULL),(681,'DT037','Hồ Thanh Tuấn','2025-06-11','Thứ 4','7:07',427,'7:05','10:47','13:19','16:44',NULL,NULL,NULL,NULL,NULL),(682,'DT037','Hồ Thanh Tuấn','2025-06-12','Thứ 5','8:38',518,'7:07','10:45','12:58','17:58',NULL,NULL,NULL,NULL,NULL),(683,'DT037','Hồ Thanh Tuấn','2025-06-13','Thứ 6','7:08',428,'7:04','10:49','13:20','16:43',NULL,NULL,NULL,NULL,NULL),(684,'DT037','Hồ Thanh Tuấn','2025-06-14','Thứ 7','0:00',0,NULL,NULL,NULL,NULL,NULL,NULL,NULL,NULL,NULL),(685,'DT037','Hồ Thanh Tuấn','2025-06-15','CN','0:00',0,NULL,NULL,NULL,NULL,NULL,NULL,NULL,NULL,NULL),(686,'DT037','Hồ Thanh Tuấn','2025-06-16','Thứ 2','7:36',456,'6:42','10:54','13:20','16:44',NULL,NULL,NULL,NULL,NULL),(687,'DT037','Hồ Thanh Tuấn','2025-06-17','Thứ 3','8:07',487,'7:09','10:44','13:23','17:55',NULL,NULL,NULL,NULL,NULL),(688,'DT037','Hồ Thanh Tuấn','2025-06-18','Thứ 4','7:23',443,'6:56','10:53','13:18','16:44',NULL,NULL,NULL,NULL,NULL),(689,'DT037','Hồ Thanh Tuấn','2025-06-19','Thứ 5','7:55',475,'7:13','10:51','13:41','17:58',NULL,NULL,NULL,NULL,NULL),(690,'DT037','Hồ Thanh Tuấn','2025-06-20','Thứ 6','7:06',426,'6:54','10:44','13:24','16:40',NULL,NULL,NULL,NULL,NULL),(691,'DT010','Nguyễn Trần An Tuấn','2025-06-06','Thứ 6','8:11',491,'7:02','11:10','13:08','17:11',NULL,NULL,NULL,NULL,NULL),(692,'DT010','Nguyễn Trần An Tuấn','2025-06-07','Thứ 7','0:00',0,NULL,NULL,NULL,NULL,NULL,NULL,NULL,NULL,NULL),(693,'DT010','Nguyễn Trần An Tuấn','2025-06-08','CN','0:00',0,NULL,NULL,NULL,NULL,NULL,NULL,NULL,NULL,NULL),(694,'DT010','Nguyễn Trần An Tuấn','2025-06-09','Thứ 2','8:12',492,'7:12','10:56','12:55','17:23',NULL,NULL,NULL,NULL,NULL),(695,'DT010','Nguyễn Trần An Tuấn','2025-06-10','Thứ 3','8:10',490,'7:08','11:07','13:06','17:17',NULL,NULL,NULL,NULL,NULL),(696,'DT010','Nguyễn Trần An Tuấn','2025-06-11','Thứ 4','8:27',507,'7:08','11:15','13:06','17:26',NULL,NULL,NULL,NULL,NULL),(697,'DT010','Nguyễn Trần An Tuấn','2025-06-12','Thứ 5','7:48',468,'7:14','11:06','13:08','17:04',NULL,NULL,NULL,NULL,NULL),(698,'DT010','Nguyễn Trần An Tuấn','2025-06-13','Thứ 6','7:46',466,'7:05','10:56','13:04','16:59',NULL,NULL,NULL,NULL,NULL),(699,'DT010','Nguyễn Trần An Tuấn','2025-06-14','Thứ 7','0:00',0,NULL,NULL,NULL,NULL,NULL,NULL,NULL,NULL,NULL),(700,'DT010','Nguyễn Trần An Tuấn','2025-06-15','CN','0:00',0,NULL,NULL,NULL,NULL,NULL,NULL,NULL,NULL,NULL),(701,'DT010','Nguyễn Trần An Tuấn','2025-06-16','Thứ 2','7:35',455,'7:17','10:58','13:12','17:06',NULL,NULL,NULL,NULL,NULL),(702,'DT010','Nguyễn Trần An Tuấn','2025-06-17','Thứ 3','7:45',465,'7:10','10:59','13:04','17:00',NULL,NULL,NULL,NULL,NULL),(703,'DT010','Nguyễn Trần An Tuấn','2025-06-18','Thứ 4','7:47',467,'7:12','10:58','13:09','17:10',NULL,NULL,NULL,NULL,NULL),(704,'DT010','Nguyễn Trần An Tuấn','2025-06-19','Thứ 5','9:03',543,'7:02','11:03','13:04','18:06',NULL,NULL,NULL,NULL,NULL),(705,'DT010','Nguyễn Trần An Tuấn','2025-06-20','Thứ 6','7:53',473,'7:04','11:03','13:03','16:57',NULL,NULL,NULL,NULL,NULL),(706,'XD090','Nguyễn Huy Vững','2025-06-06','Thứ 6','7:55',475,'7:09','11:06','13:15','17:13',NULL,NULL,NULL,NULL,NULL),(707,'XD090','Nguyễn Huy Vững','2025-06-07','Thứ 7','0:00',0,NULL,NULL,NULL,NULL,NULL,NULL,NULL,NULL,NULL),(708,'XD090','Nguyễn Huy Vững','2025-06-08','CN','0:00',0,NULL,NULL,NULL,NULL,NULL,NULL,NULL,NULL,NULL),(709,'XD090','Nguyễn Huy Vững','2025-06-09','Thứ 2','7:42',462,'7:12','11:13','13:13','16:54',NULL,NULL,NULL,NULL,NULL),(710,'XD090','Nguyễn Huy Vững','2025-06-10','Thứ 3','0:00',0,NULL,NULL,NULL,NULL,NULL,NULL,NULL,NULL,NULL),(711,'XD090','Nguyễn Huy Vững','2025-06-11','Thứ 4','8:15',495,'7:08','11:18','13:11','17:16',NULL,NULL,NULL,NULL,NULL),(712,'XD090','Nguyễn Huy Vững','2025-06-12','Thứ 5','8:24',504,'7:17','11:11','13:19','17:49',NULL,NULL,NULL,NULL,NULL),(713,'XD090','Nguyễn Huy Vững','2025-06-13','Thứ 6','8:11',491,'7:17','11:05','13:06','17:29',NULL,NULL,NULL,NULL,NULL),(714,'XD090','Nguyễn Huy Vững','2025-06-14','Thứ 7','0:00',0,NULL,NULL,NULL,NULL,NULL,NULL,NULL,NULL,NULL),(715,'XD090','Nguyễn Huy Vững','2025-06-15','CN','0:00',0,NULL,NULL,NULL,NULL,NULL,NULL,NULL,NULL,NULL),(716,'XD090','Nguyễn Huy Vững','2025-06-16','Thứ 2','8:47',527,'7:01','11:12','13:18','17:54',NULL,NULL,NULL,NULL,NULL),(717,'XD090','Nguyễn Huy Vững','2025-06-17','Thứ 3','9:29',569,'7:17','10:52','11:22','17:16',NULL,NULL,NULL,NULL,NULL),(718,'XD090','Nguyễn Huy Vững','2025-06-18','Thứ 4','9:16',556,'6:57','10:47','11:18','16:44',NULL,NULL,NULL,NULL,NULL),(719,'XD090','Nguyễn Huy Vững','2025-06-19','Thứ 5','8:41',521,'7:03','11:26','13:22','17:40',NULL,NULL,NULL,NULL,NULL),(720,'XD090','Nguyễn Huy Vững','2025-06-20','Thứ 6','10:23',623,'6:58','11:15','11:37','17:43',NULL,NULL,NULL,NULL,NULL),(721,'XD082','Trịnh Văn Thưởng','2025-06-06','Thứ 6','0:00',0,NULL,NULL,NULL,NULL,NULL,NULL,NULL,NULL,NULL),(722,'XD082','Trịnh Văn Thưởng','2025-06-07','Thứ 7','0:00',0,NULL,NULL,NULL,NULL,NULL,NULL,NULL,NULL,NULL),(723,'XD082','Trịnh Văn Thưởng','2025-06-08','CN','0:00',0,NULL,NULL,NULL,NULL,NULL,NULL,NULL,NULL,NULL),(724,'XD082','Trịnh Văn Thưởng','2025-06-09','Thứ 2','8:18',498,'7:23','11:12','13:23','17:52',NULL,NULL,NULL,NULL,NULL),(725,'XD082','Trịnh Văn Thưởng','2025-06-10','Thứ 3','10:13',613,'7:15','11:11','13:19','17:34','17:59','20:01',NULL,NULL,NULL),(726,'XD082','Trịnh Văn Thưởng','2025-06-11','Thứ 4','9:04',544,'7:06','11:04','13:12','18:18',NULL,NULL,NULL,NULL,NULL),(727,'XD082','Trịnh Văn Thưởng','2025-06-12','Thứ 5','8:05',485,'7:08','11:06','13:19','17:26','20:20',NULL,NULL,NULL,NULL),(728,'XD082','Trịnh Văn Thưởng','2025-06-13','Thứ 6','6:49',409,'7:12','11:01','13:37','16:37',NULL,NULL,NULL,NULL,NULL),(729,'XD082','Trịnh Văn Thưởng','2025-06-14','Thứ 7','0:00',0,NULL,NULL,NULL,NULL,NULL,NULL,NULL,NULL,NULL),(730,'XD082','Trịnh Văn Thưởng','2025-06-15','CN','0:00',0,NULL,NULL,NULL,NULL,NULL,NULL,NULL,NULL,NULL),(731,'XD082','Trịnh Văn Thưởng','2025-06-16','Thứ 2','8:40',520,'7:15','11:07','13:12','18:00',NULL,NULL,NULL,NULL,NULL),(732,'XD082','Trịnh Văn Thưởng','2025-06-17','Thứ 3','7:57',477,'7:15','11:10','13:28','17:30','20:35',NULL,NULL,NULL,NULL),(733,'XD082','Trịnh Văn Thưởng','2025-06-18','Thứ 4','7:51',471,'7:17','11:16','13:15','17:07',NULL,NULL,NULL,NULL,NULL),(734,'XD082','Trịnh Văn Thưởng','2025-06-19','Thứ 5','10:45',645,'7:24','11:26','13:41','17:56','17:59','20:27',NULL,NULL,NULL),(735,'XD082','Trịnh Văn Thưởng','2025-06-20','Thứ 6','8:09',489,'7:08','11:35','13:06','16:48',NULL,NULL,NULL,NULL,NULL),(736,'90097','Võ Phúc Anh','2025-06-06','Thứ 6','0:00',0,NULL,NULL,NULL,NULL,NULL,NULL,NULL,NULL,'KL'),(737,'90097','Võ Phúc Anh','2025-06-07','Thứ 7','0:00',0,NULL,NULL,NULL,NULL,NULL,NULL,NULL,NULL,NULL),(738,'90097','Võ Phúc Anh','2025-06-08','CN','0:00',0,NULL,NULL,NULL,NULL,NULL,NULL,NULL,NULL,NULL),(739,'90097','Võ Phúc Anh','2025-06-09','Thứ 2','7:58',478,'7:07','11:06','13:11','17:10',NULL,NULL,NULL,NULL,NULL),(740,'90097','Võ Phúc Anh','2025-06-10','Thứ 3','8:09',489,'6:52','10:58','12:51','16:54',NULL,NULL,NULL,NULL,NULL),(741,'90097','Võ Phúc Anh','2025-06-11','Thứ 4','0:00',0,NULL,NULL,NULL,NULL,NULL,NULL,NULL,NULL,'KL'),(742,'90097','Võ Phúc Anh','2025-06-12','Thứ 5','7:50',470,'6:54','10:56','13:13','17:01',NULL,NULL,NULL,NULL,NULL),(743,'90097','Võ Phúc Anh','2025-06-13','Thứ 6','0:00',0,NULL,NULL,NULL,NULL,NULL,NULL,NULL,NULL,'KL'),(744,'90097','Võ Phúc Anh','2025-06-14','Thứ 7','0:00',0,NULL,NULL,NULL,NULL,NULL,NULL,NULL,NULL,NULL),(745,'90097','Võ Phúc Anh','2025-06-15','CN','0:00',0,NULL,NULL,NULL,NULL,NULL,NULL,NULL,NULL,NULL),(746,'90097','Võ Phúc Anh','2025-06-16','Thứ 2','7:43',463,'7:19','11:02','12:56','16:56',NULL,NULL,NULL,NULL,NULL),(747,'90097','Võ Phúc Anh','2025-06-17','Thứ 3','7:50',470,'7:04','11:07','12:57','16:44',NULL,NULL,NULL,NULL,NULL),(748,'90097','Võ Phúc Anh','2025-06-18','Thứ 4','4:16',256,'6:45','11:01','17:02',NULL,NULL,NULL,NULL,NULL,NULL),(749,'90097','Võ Phúc Anh','2025-06-19','Thứ 5','3:20',200,'9:53','13:13','16:59',NULL,NULL,NULL,NULL,NULL,NULL),(750,'90097','Võ Phúc Anh','2025-06-20','Thứ 6','3:39',219,'7:28','11:07',NULL,NULL,NULL,NULL,NULL,NULL,'KL/2'),(751,'GD001','Trần Phú Vinh','2025-06-06','Thứ 6','0:00',0,NULL,NULL,NULL,NULL,NULL,NULL,NULL,NULL,NULL),(752,'GD001','Trần Phú Vinh','2025-06-07','Thứ 7','0:00',0,NULL,NULL,NULL,NULL,NULL,NULL,NULL,NULL,NULL),(753,'GD001','Trần Phú Vinh','2025-06-08','CN','0:00',0,NULL,NULL,NULL,NULL,NULL,NULL,NULL,NULL,NULL),(754,'GD001','Trần Phú Vinh','2025-06-09','Thứ 2','8:41',521,'6:54','11:08','12:38','17:05',NULL,NULL,NULL,NULL,NULL),(755,'GD001','Trần Phú Vinh','2025-06-10','Thứ 3','4:02',242,'13:02','17:04',NULL,NULL,NULL,NULL,NULL,NULL,NULL),(756,'GD001','Trần Phú Vinh','2025-06-11','Thứ 4','7:17',437,'7:16','11:00','13:16','16:49',NULL,NULL,NULL,NULL,NULL),(757,'GD001','Trần Phú Vinh','2025-06-12','Thứ 5','0:00',0,'6:51',NULL,NULL,NULL,NULL,NULL,NULL,NULL,NULL),(758,'GD001','Trần Phú Vinh','2025-06-13','Thứ 6','3:52',232,'6:55','10:47',NULL,NULL,NULL,NULL,NULL,NULL,NULL),(759,'GD001','Trần Phú Vinh','2025-06-14','Thứ 7','0:00',0,NULL,NULL,NULL,NULL,NULL,NULL,NULL,NULL,NULL),(760,'GD001','Trần Phú Vinh','2025-06-15','CN','0:00',0,NULL,NULL,NULL,NULL,NULL,NULL,NULL,NULL,NULL),(761,'GD001','Trần Phú Vinh','2025-06-16','Thứ 2','0:00',0,NULL,NULL,NULL,NULL,NULL,NULL,NULL,NULL,NULL),(762,'GD001','Trần Phú Vinh','2025-06-17','Thứ 3','10:07',607,'6:44','6:45','10:59','11:28','11:28','21:05',NULL,NULL,NULL),(763,'GD001','Trần Phú Vinh','2025-06-18','Thứ 4','0:00',0,NULL,NULL,NULL,NULL,NULL,NULL,NULL,NULL,NULL),(764,'GD001','Trần Phú Vinh','2025-06-19','Thứ 5','5:27',327,'11:37','17:04',NULL,NULL,NULL,NULL,NULL,NULL,NULL),(765,'GD001','Trần Phú Vinh','2025-06-20','Thứ 6','5:14',314,'11:42','16:56',NULL,NULL,NULL,NULL,NULL,NULL,NULL),(766,'90270','Võ Vương Phúc','2025-06-06','Thứ 6','8:08',488,'7:09','11:04','13:06','17:19',NULL,NULL,NULL,NULL,NULL),(767,'90270','Võ Vương Phúc','2025-06-07','Thứ 7','0:00',0,NULL,NULL,NULL,NULL,NULL,NULL,NULL,NULL,NULL),(768,'90270','Võ Vương Phúc','2025-06-08','CN','0:00',0,NULL,NULL,NULL,NULL,NULL,NULL,NULL,NULL,NULL),(769,'90270','Võ Vương Phúc','2025-06-09','Thứ 2','8:13',493,'7:04','11:07','13:04','17:14',NULL,NULL,NULL,NULL,NULL),(770,'90270','Võ Vương Phúc','2025-06-10','Thứ 3','7:50',470,'7:13','11:01','13:05','17:07',NULL,NULL,NULL,NULL,NULL),(771,'90270','Võ Vương Phúc','2025-06-11','Thứ 4','7:48',468,'7:14','11:06','13:10','17:06',NULL,NULL,NULL,NULL,NULL),(772,'90270','Võ Vương Phúc','2025-06-12','Thứ 5','7:55',475,'7:06','11:01','13:06','17:06',NULL,NULL,NULL,NULL,NULL),(773,'90270','Võ Vương Phúc','2025-06-13','Thứ 6','8:12',492,'7:06','11:04','13:07','17:21',NULL,NULL,NULL,NULL,NULL),(774,'90270','Võ Vương Phúc','2025-06-14','Thứ 7','0:00',0,NULL,NULL,NULL,NULL,NULL,NULL,NULL,NULL,NULL),(775,'90270','Võ Vương Phúc','2025-06-15','CN','0:00',0,NULL,NULL,NULL,NULL,NULL,NULL,NULL,NULL,NULL),(776,'90270','Võ Vương Phúc','2025-06-16','Thứ 2','7:47',467,'7:15','11:06','13:05','17:01',NULL,NULL,NULL,NULL,NULL),(777,'90270','Võ Vương Phúc','2025-06-17','Thứ 3','7:46',466,'7:11','11:01','13:10','17:06',NULL,NULL,NULL,NULL,NULL),(778,'90270','Võ Vương Phúc','2025-06-18','Thứ 4','7:49',469,'7:11','11:01','13:06','17:05',NULL,NULL,NULL,NULL,NULL),(779,'90270','Võ Vương Phúc','2025-06-19','Thứ 5','7:58',478,'7:05','11:03','13:05','17:05',NULL,NULL,NULL,NULL,NULL),(780,'90270','Võ Vương Phúc','2025-06-20','Thứ 6','8:02',482,'7:03','11:03','13:06','17:08',NULL,NULL,NULL,NULL,NULL),(781,'90173','Nguyễn Trường Nhu','2025-06-06','Thứ 6','8:01',481,'7:02','11:09','12:49','16:43',NULL,NULL,NULL,NULL,NULL),(782,'90173','Nguyễn Trường Nhu','2025-06-07','Thứ 7','0:00',0,NULL,NULL,NULL,NULL,NULL,NULL,NULL,NULL,NULL),(783,'90173','Nguyễn Trường Nhu','2025-06-08','CN','0:00',0,NULL,NULL,NULL,NULL,NULL,NULL,NULL,NULL,NULL),(784,'90173','Nguyễn Trường Nhu','2025-06-09','Thứ 2','7:49',469,'7:00','11:02','12:55','16:42',NULL,NULL,NULL,NULL,NULL),(785,'90173','Nguyễn Trường Nhu','2025-06-10','Thứ 3','8:00',480,'7:01','11:10','12:53','16:44',NULL,NULL,NULL,NULL,NULL),(786,'90173','Nguyễn Trường Nhu','2025-06-11','Thứ 4','10:42',642,'7:05','10:59','13:08','17:28','17:48','20:16',NULL,NULL,NULL),(787,'90173','Nguyễn Trường Nhu','2025-06-12','Thứ 5','7:56',476,'7:03','11:10','12:54','16:43',NULL,NULL,NULL,NULL,NULL),(788,'90173','Nguyễn Trường Nhu','2025-06-13','Thứ 6','0:00',0,'7:10',NULL,NULL,NULL,NULL,NULL,NULL,NULL,NULL),(789,'90173','Nguyễn Trường Nhu','2025-06-14','Thứ 7','0:00',0,NULL,NULL,NULL,NULL,NULL,NULL,NULL,NULL,NULL),(790,'90173','Nguyễn Trường Nhu','2025-06-15','CN','0:00',0,NULL,NULL,NULL,NULL,NULL,NULL,NULL,NULL,NULL),(791,'90173','Nguyễn Trường Nhu','2025-06-16','Thứ 2','7:58',478,'7:09','11:11','12:52','16:48',NULL,NULL,NULL,NULL,NULL),(792,'90173','Nguyễn Trường Nhu','2025-06-17','Thứ 3','7:48',468,'7:10','11:13','12:51','16:36',NULL,NULL,NULL,NULL,NULL),(793,'90173','Nguyễn Trường Nhu','2025-06-18','Thứ 4','10:49',649,'7:07','10:54','13:04','17:31','17:32','20:07',NULL,NULL,NULL),(794,'90173','Nguyễn Trường Nhu','2025-06-19','Thứ 5','7:40',460,'7:09','10:59','12:52','16:42',NULL,NULL,NULL,NULL,NULL),(795,'90173','Nguyễn Trường Nhu','2025-06-20','Thứ 6','7:31',451,'7:08','10:58','13:03','16:44',NULL,NULL,NULL,NULL,NULL),(796,'90171','Phạm Trần Quang Hưng','2025-06-06','Thứ 6','9:28',568,'7:13','10:54','11:13','17:00',NULL,NULL,NULL,NULL,NULL),(797,'90171','Phạm Trần Quang Hưng','2025-06-07','Thứ 7','0:00',0,NULL,NULL,NULL,NULL,NULL,NULL,NULL,NULL,NULL),(798,'90171','Phạm Trần Quang Hưng','2025-06-08','CN','0:00',0,NULL,NULL,NULL,NULL,NULL,NULL,NULL,NULL,NULL),(799,'90171','Phạm Trần Quang Hưng','2025-06-09','Thứ 2','7:36',456,'6:57','11:01','13:29','17:01',NULL,NULL,NULL,NULL,NULL),(800,'90171','Phạm Trần Quang Hưng','2025-06-10','Thứ 3','4:01',241,'6:59','11:00',NULL,NULL,NULL,NULL,NULL,NULL,'NB/2'),(801,'90171','Phạm Trần Quang Hưng','2025-06-11','Thứ 4','7:27',447,'7:10','10:51','13:19','17:05',NULL,NULL,NULL,NULL,NULL),(802,'90171','Phạm Trần Quang Hưng','2025-06-12','Thứ 5','7:13',433,'7:12','11:00','13:32','16:57',NULL,NULL,NULL,NULL,NULL),(803,'90171','Phạm Trần Quang Hưng','2025-06-13','Thứ 6','7:18',438,'7:36','11:21','13:33','17:06',NULL,NULL,NULL,NULL,NULL),(804,'90171','Phạm Trần Quang Hưng','2025-06-14','Thứ 7','0:00',0,NULL,NULL,NULL,NULL,NULL,NULL,NULL,NULL,NULL),(805,'90171','Phạm Trần Quang Hưng','2025-06-15','CN','0:00',0,NULL,NULL,NULL,NULL,NULL,NULL,NULL,NULL,NULL),(806,'90171','Phạm Trần Quang Hưng','2025-06-16','Thứ 2','7:26',446,'7:00','11:03','13:26','16:49',NULL,NULL,NULL,NULL,NULL),(807,'90171','Phạm Trần Quang Hưng','2025-06-17','Thứ 3','3:26',206,'13:32','16:58',NULL,NULL,NULL,NULL,NULL,NULL,'P/2'),(808,'90171','Phạm Trần Quang Hưng','2025-06-18','Thứ 4','7:36',456,'7:20','11:14','13:33','17:15',NULL,NULL,NULL,NULL,NULL),(809,'90171','Phạm Trần Quang Hưng','2025-06-19','Thứ 5','3:47',227,'7:05','10:52',NULL,NULL,NULL,NULL,NULL,NULL,'P/2'),(810,'90171','Phạm Trần Quang Hưng','2025-06-20','Thứ 6','8:46',526,'7:16','11:58','13:03','17:07',NULL,NULL,NULL,NULL,NULL),(811,'90514','Huỳnh Quang Đức','2025-06-06','Thứ 6','7:52',472,'7:19','11:15','12:52','16:48',NULL,NULL,NULL,NULL,NULL),(812,'90514','Huỳnh Quang Đức','2025-06-07','Thứ 7','0:00',0,NULL,NULL,NULL,NULL,NULL,NULL,NULL,NULL,NULL),(813,'90514','Huỳnh Quang Đức','2025-06-08','CN','0:00',0,NULL,NULL,NULL,NULL,NULL,NULL,NULL,NULL,NULL),(814,'90514','Huỳnh Quang Đức','2025-06-09','Thứ 2','9:08',548,'7:02','11:10','11:40','16:40',NULL,NULL,NULL,NULL,NULL),(815,'90514','Huỳnh Quang Đức','2025-06-10','Thứ 3','9:11',551,'7:30','11:01','11:19','16:59',NULL,NULL,NULL,NULL,NULL),(816,'90514','Huỳnh Quang Đức','2025-06-11','Thứ 4','8:51',531,'7:26','11:14','11:42','16:45',NULL,NULL,NULL,NULL,NULL),(817,'90514','Huỳnh Quang Đức','2025-06-12','Thứ 5','9:05',545,'7:15','11:22','11:46','16:44',NULL,NULL,NULL,NULL,NULL),(818,'90514','Huỳnh Quang Đức','2025-06-13','Thứ 6','8:59',539,'7:19','11:22','11:43','16:39',NULL,NULL,NULL,NULL,NULL),(819,'90514','Huỳnh Quang Đức','2025-06-14','Thứ 7','0:00',0,NULL,NULL,NULL,NULL,NULL,NULL,NULL,NULL,NULL),(820,'90514','Huỳnh Quang Đức','2025-06-15','CN','0:00',0,NULL,NULL,NULL,NULL,NULL,NULL,NULL,NULL,NULL),(821,'90514','Huỳnh Quang Đức','2025-06-16','Thứ 2','9:11',551,'7:12','11:09','11:31','16:45',NULL,NULL,NULL,NULL,NULL),(822,'90514','Huỳnh Quang Đức','2025-06-17','Thứ 3','0:00',0,NULL,NULL,NULL,NULL,NULL,NULL,NULL,NULL,'P/2'),(823,'90514','Huỳnh Quang Đức','2025-06-18','Thứ 4','8:44',524,'7:13','11:01','11:43','16:39',NULL,NULL,NULL,NULL,NULL),(824,'90514','Huỳnh Quang Đức','2025-06-19','Thứ 5','4:17',257,'7:07','11:01','11:26','11:49','16:47',NULL,NULL,NULL,NULL),(825,'90514','Huỳnh Quang Đức','2025-06-20','Thứ 6','9:08',548,'7:07','10:55','11:22','16:42',NULL,NULL,NULL,NULL,NULL),(826,'90767','Võ Trọng Cang','2025-06-06','Thứ 6','9:45',585,'6:55','16:40',NULL,NULL,NULL,NULL,NULL,NULL,NULL),(827,'90767','Võ Trọng Cang','2025-06-07','Thứ 7','0:00',0,NULL,NULL,NULL,NULL,NULL,NULL,NULL,NULL,NULL),(828,'90767','Võ Trọng Cang','2025-06-08','CN','0:00',0,NULL,NULL,NULL,NULL,NULL,NULL,NULL,NULL,NULL),(829,'90767','Võ Trọng Cang','2025-06-09','Thứ 2','4:17',257,'12:27','16:44',NULL,NULL,NULL,NULL,NULL,NULL,NULL),(830,'90767','Võ Trọng Cang','2025-06-10','Thứ 3','0:00',0,NULL,NULL,NULL,NULL,NULL,NULL,NULL,NULL,NULL),(831,'90767','Võ Trọng Cang','2025-06-11','Thứ 4','4:01',241,'6:55','10:56',NULL,NULL,NULL,NULL,NULL,NULL,NULL),(832,'90767','Võ Trọng Cang','2025-06-12','Thứ 5','0:00',0,NULL,NULL,NULL,NULL,NULL,NULL,NULL,NULL,NULL),(833,'90767','Võ Trọng Cang','2025-06-13','Thứ 6','0:00',0,'12:39',NULL,NULL,NULL,NULL,NULL,NULL,NULL,NULL),(834,'90767','Võ Trọng Cang','2025-06-14','Thứ 7','0:00',0,NULL,NULL,NULL,NULL,NULL,NULL,NULL,NULL,NULL),(835,'90767','Võ Trọng Cang','2025-06-15','CN','0:00',0,NULL,NULL,NULL,NULL,NULL,NULL,NULL,NULL,NULL),(836,'90767','Võ Trọng Cang','2025-06-16','Thứ 2','3:33',213,'6:56','10:29',NULL,NULL,NULL,NULL,NULL,NULL,NULL),(837,'90767','Võ Trọng Cang','2025-06-17','Thứ 3','0:00',0,'13:04',NULL,NULL,NULL,NULL,NULL,NULL,NULL,NULL),(838,'90767','Võ Trọng Cang','2025-06-18','Thứ 4','0:20',20,'6:55','7:15','10:55',NULL,NULL,NULL,NULL,NULL,NULL),(839,'90767','Võ Trọng Cang','2025-06-19','Thứ 5','3:40',220,'6:55','10:35',NULL,NULL,NULL,NULL,NULL,NULL,NULL),(840,'90767','Võ Trọng Cang','2025-06-20','Thứ 6','8:57',537,'7:10','16:07',NULL,NULL,NULL,NULL,NULL,NULL,NULL),(841,'90783','Vũ Đức Quý','2025-06-06','Thứ 6','4:34',274,'7:12','11:08','12:22','13:00','17:53',NULL,NULL,NULL,NULL),(842,'90783','Vũ Đức Quý','2025-06-07','Thứ 7','0:00',0,NULL,NULL,NULL,NULL,NULL,NULL,NULL,NULL,NULL),(843,'90783','Vũ Đức Quý','2025-06-08','CN','0:00',0,NULL,NULL,NULL,NULL,NULL,NULL,NULL,NULL,NULL),(844,'90783','Vũ Đức Quý','2025-06-09','Thứ 2','8:21',501,'7:18','11:14','12:42','17:07',NULL,NULL,NULL,NULL,NULL),(845,'90783','Vũ Đức Quý','2025-06-10','Thứ 3','7:32',452,'7:22','11:13','13:18','16:59',NULL,NULL,NULL,NULL,NULL),(846,'90783','Vũ Đức Quý','2025-06-11','Thứ 4','7:58',478,'7:23','11:07','13:13','17:27',NULL,NULL,NULL,NULL,NULL),(847,'90783','Vũ Đức Quý','2025-06-12','Thứ 5','7:37',457,'7:22','11:04','13:28','17:23',NULL,NULL,NULL,NULL,NULL),(848,'90783','Vũ Đức Quý','2025-06-13','Thứ 6','8:16',496,'7:27','11:14','12:41','17:10',NULL,NULL,NULL,NULL,NULL),(849,'90783','Vũ Đức Quý','2025-06-14','Thứ 7','0:00',0,NULL,NULL,NULL,NULL,NULL,NULL,NULL,NULL,NULL),(850,'90783','Vũ Đức Quý','2025-06-15','CN','0:00',0,NULL,NULL,NULL,NULL,NULL,NULL,NULL,NULL,NULL),(851,'90783','Vũ Đức Quý','2025-06-16','Thứ 2','7:37',457,'7:18','11:01','13:22','17:16',NULL,NULL,NULL,NULL,NULL),(852,'90783','Vũ Đức Quý','2025-06-17','Thứ 3','7:32',452,'7:20','11:06','13:15','17:01',NULL,NULL,NULL,NULL,NULL),(853,'90783','Vũ Đức Quý','2025-06-18','Thứ 4','4:00',240,'13:10','17:10',NULL,NULL,NULL,NULL,NULL,NULL,NULL),(854,'90783','Vũ Đức Quý','2025-06-19','Thứ 5','7:47',467,'7:21','11:11','13:02','16:59',NULL,NULL,NULL,NULL,NULL),(855,'90783','Vũ Đức Quý','2025-06-20','Thứ 6','8:51',531,'7:08','10:57','12:19','17:21',NULL,NULL,NULL,NULL,NULL),(856,'90766','Nguyễn Kim Khánh','2025-06-06','Thứ 6','9:35',575,'7:10','11:01','11:39','17:23',NULL,NULL,NULL,NULL,NULL),(857,'90766','Nguyễn Kim Khánh','2025-06-07','Thứ 7','0:00',0,NULL,NULL,NULL,NULL,NULL,NULL,NULL,NULL,NULL),(858,'90766','Nguyễn Kim Khánh','2025-06-08','CN','0:00',0,NULL,NULL,NULL,NULL,NULL,NULL,NULL,NULL,NULL),(859,'90766','Nguyễn Kim Khánh','2025-06-09','Thứ 2','9:21',561,'7:11','11:03','11:33','17:02',NULL,NULL,NULL,NULL,NULL),(860,'90766','Nguyễn Kim Khánh','2025-06-10','Thứ 3','8:57',537,'7:28','11:00','11:40','17:05',NULL,NULL,NULL,NULL,NULL),(861,'90766','Nguyễn Kim Khánh','2025-06-11','Thứ 4','9:30',570,'7:13','11:29','12:03','17:17',NULL,NULL,NULL,NULL,NULL),(862,'90766','Nguyễn Kim Khánh','2025-06-12','Thứ 5','0:00',0,NULL,NULL,NULL,NULL,NULL,NULL,NULL,NULL,NULL),(863,'90766','Nguyễn Kim Khánh','2025-06-13','Thứ 6','9:10',550,'7:21','12:55','13:02','16:38',NULL,NULL,NULL,NULL,NULL),(864,'90766','Nguyễn Kim Khánh','2025-06-14','Thứ 7','0:00',0,NULL,NULL,NULL,NULL,NULL,NULL,NULL,NULL,NULL),(865,'90766','Nguyễn Kim Khánh','2025-06-15','CN','0:00',0,NULL,NULL,NULL,NULL,NULL,NULL,NULL,NULL,NULL),(866,'90766','Nguyễn Kim Khánh','2025-06-16','Thứ 2','9:49',589,'7:00','11:07','11:14','16:56',NULL,NULL,NULL,NULL,NULL),(867,'90766','Nguyễn Kim Khánh','2025-06-17','Thứ 3','7:49',469,'7:06','11:02','12:54','16:47',NULL,NULL,NULL,NULL,NULL),(868,'90766','Nguyễn Kim Khánh','2025-06-18','Thứ 4','8:57',537,'7:19','12:14','12:58','17:00',NULL,NULL,NULL,NULL,NULL),(869,'90766','Nguyễn Kim Khánh','2025-06-19','Thứ 5','9:17',557,'7:08','11:00','11:37','17:02',NULL,NULL,NULL,NULL,NULL),(870,'90766','Nguyễn Kim Khánh','2025-06-20','Thứ 6','5:20',320,'7:19','11:19','11:46','13:06','16:32',NULL,NULL,NULL,NULL),(871,'90780','Trần Nguyễn Thanh Bình','2025-06-06','Thứ 6','0:00',0,NULL,NULL,NULL,NULL,NULL,NULL,NULL,NULL,NULL),(872,'90780','Trần Nguyễn Thanh Bình','2025-06-07','Thứ 7','4:03',243,'6:48','10:51',NULL,NULL,NULL,NULL,NULL,NULL,NULL),(873,'90780','Trần Nguyễn Thanh Bình','2025-06-08','CN','0:00',0,NULL,NULL,NULL,NULL,NULL,NULL,NULL,NULL,NULL),(874,'90780','Trần Nguyễn Thanh Bình','2025-06-09','Thứ 2','0:00',0,NULL,NULL,NULL,NULL,NULL,NULL,NULL,NULL,NULL),(875,'90780','Trần Nguyễn Thanh Bình','2025-06-10','Thứ 3','0:00',0,NULL,NULL,NULL,NULL,NULL,NULL,NULL,NULL,NULL),(876,'90780','Trần Nguyễn Thanh Bình','2025-06-11','Thứ 4','4:00',240,'6:56','10:56',NULL,NULL,NULL,NULL,NULL,NULL,NULL),(877,'90780','Trần Nguyễn Thanh Bình','2025-06-12','Thứ 5','0:00',0,NULL,NULL,NULL,NULL,NULL,NULL,NULL,NULL,NULL),(878,'90780','Trần Nguyễn Thanh Bình','2025-06-13','Thứ 6','0:00',0,NULL,NULL,NULL,NULL,NULL,NULL,NULL,NULL,NULL),(879,'90780','Trần Nguyễn Thanh Bình','2025-06-14','Thứ 7','0:00',0,NULL,NULL,NULL,NULL,NULL,NULL,NULL,NULL,NULL),(880,'90780','Trần Nguyễn Thanh Bình','2025-06-15','CN','0:00',0,NULL,NULL,NULL,NULL,NULL,NULL,NULL,NULL,NULL),(881,'90780','Trần Nguyễn Thanh Bình','2025-06-16','Thứ 2','0:00',0,NULL,NULL,NULL,NULL,NULL,NULL,NULL,NULL,NULL),(882,'90780','Trần Nguyễn Thanh Bình','2025-06-17','Thứ 3','0:00',0,NULL,NULL,NULL,NULL,NULL,NULL,NULL,NULL,NULL),(883,'90780','Trần Nguyễn Thanh Bình','2025-06-18','Thứ 4','0:00',0,NULL,NULL,NULL,NULL,NULL,NULL,NULL,NULL,NULL),(884,'90780','Trần Nguyễn Thanh Bình','2025-06-19','Thứ 5','0:00',0,NULL,NULL,NULL,NULL,NULL,NULL,NULL,NULL,NULL),(885,'90780','Trần Nguyễn Thanh Bình','2025-06-20','Thứ 6','0:00',0,NULL,NULL,NULL,NULL,NULL,NULL,NULL,NULL,NULL),(886,'90761','Nguyễn Xuân Bản','2025-06-06','Thứ 6','7:54',474,'6:54','10:44','12:55','16:59',NULL,NULL,NULL,NULL,NULL),(887,'90761','Nguyễn Xuân Bản','2025-06-07','Thứ 7','9:45',585,'6:45','16:30',NULL,NULL,NULL,NULL,NULL,NULL,NULL),(888,'90761','Nguyễn Xuân Bản','2025-06-08','CN','0:00',0,NULL,NULL,NULL,NULL,NULL,NULL,NULL,NULL,NULL),(889,'90761','Nguyễn Xuân Bản','2025-06-09','Thứ 2','8:02',482,'6:55','11:03','12:56','16:50',NULL,NULL,NULL,NULL,NULL),(890,'90761','Nguyễn Xuân Bản','2025-06-10','Thứ 3','0:00',0,NULL,NULL,NULL,NULL,NULL,NULL,NULL,NULL,NULL),(891,'90761','Nguyễn Xuân Bản','2025-06-11','Thứ 4','0:00',0,NULL,NULL,NULL,NULL,NULL,NULL,NULL,NULL,NULL),(892,'90761','Nguyễn Xuân Bản','2025-06-12','Thứ 5','8:07',487,'6:49','10:48','12:58','17:06',NULL,NULL,NULL,NULL,NULL),(893,'90761','Nguyễn Xuân Bản','2025-06-13','Thứ 6','8:16',496,'6:52','11:15','13:00','16:53',NULL,NULL,NULL,NULL,NULL),(894,'90761','Nguyễn Xuân Bản','2025-06-14','Thứ 7','5:21',321,'6:57','7:18','10:53','15:53',NULL,NULL,NULL,NULL,NULL),(895,'90761','Nguyễn Xuân Bản','2025-06-15','CN','0:00',0,NULL,NULL,NULL,NULL,NULL,NULL,NULL,NULL,NULL),(896,'90761','Nguyễn Xuân Bản','2025-06-16','Thứ 2','7:48',468,'6:52','10:41','12:57','16:56',NULL,NULL,NULL,NULL,NULL),(897,'90761','Nguyễn Xuân Bản','2025-06-17','Thứ 3','7:58',478,'6:59','10:54','13:01','17:04',NULL,NULL,NULL,NULL,NULL),(898,'90761','Nguyễn Xuân Bản','2025-06-18','Thứ 4','7:37',457,'6:53','10:48','13:00','16:42',NULL,NULL,NULL,NULL,NULL),(899,'90761','Nguyễn Xuân Bản','2025-06-19','Thứ 5','7:51',471,'6:52','10:46','12:59','16:56',NULL,NULL,NULL,NULL,NULL),(900,'90761','Nguyễn Xuân Bản','2025-06-20','Thứ 6','0:00',0,NULL,NULL,NULL,NULL,NULL,NULL,NULL,NULL,NULL),(901,'90747','Lê Văn Út','2025-06-06','Thứ 6','4:32',272,'7:10','11:42',NULL,NULL,NULL,NULL,NULL,NULL,NULL),(902,'90747','Lê Văn Út','2025-06-07','Thứ 7','4:25',265,'7:10','11:35',NULL,NULL,NULL,NULL,NULL,NULL,NULL),(903,'90747','Lê Văn Út','2025-06-08','CN','0:00',0,NULL,NULL,NULL,NULL,NULL,NULL,NULL,NULL,NULL),(904,'90747','Lê Văn Út','2025-06-09','Thứ 2','8:45',525,'7:24','11:14','12:42','17:37',NULL,NULL,NULL,NULL,NULL),(905,'90747','Lê Văn Út','2025-06-10','Thứ 3','7:34',454,'7:25','11:39','13:21','16:41',NULL,NULL,NULL,NULL,NULL),(906,'90747','Lê Văn Út','2025-06-11','Thứ 4','0:00',0,NULL,NULL,NULL,NULL,NULL,NULL,NULL,NULL,NULL),(907,'90747','Lê Văn Út','2025-06-12','Thứ 5','0:00',0,NULL,NULL,NULL,NULL,NULL,NULL,NULL,NULL,NULL),(908,'90747','Lê Văn Út','2025-06-13','Thứ 6','0:00',0,NULL,NULL,NULL,NULL,NULL,NULL,NULL,NULL,NULL),(909,'90747','Lê Văn Út','2025-06-14','Thứ 7','0:00',0,NULL,NULL,NULL,NULL,NULL,NULL,NULL,NULL,NULL),(910,'90747','Lê Văn Út','2025-06-15','CN','0:00',0,NULL,NULL,NULL,NULL,NULL,NULL,NULL,NULL,NULL),(911,'90747','Lê Văn Út','2025-06-16','Thứ 2','0:00',0,NULL,NULL,NULL,NULL,NULL,NULL,NULL,NULL,NULL),(912,'90747','Lê Văn Út','2025-06-17','Thứ 3','5:23',323,'12:04','17:27',NULL,NULL,NULL,NULL,NULL,NULL,NULL),(913,'90747','Lê Văn Út','2025-06-18','Thứ 4','0:00',0,NULL,NULL,NULL,NULL,NULL,NULL,NULL,NULL,NULL),(914,'90747','Lê Văn Út','2025-06-19','Thứ 5','0:00',0,NULL,NULL,NULL,NULL,NULL,NULL,NULL,NULL,NULL),(915,'90747','Lê Văn Út','2025-06-20','Thứ 6','0:00',0,NULL,NULL,NULL,NULL,NULL,NULL,NULL,NULL,NULL),(916,'90872','Nguyễn Quân','2025-06-06','Thứ 6','11:07',667,'7:40','12:02','13:27','20:12',NULL,NULL,NULL,NULL,NULL),(917,'90872','Nguyễn Quân','2025-06-07','Thứ 7','8:00',480,'7:35','11:58','13:42','17:19',NULL,NULL,NULL,NULL,NULL),(918,'90872','Nguyễn Quân','2025-06-08','CN','0:00',0,NULL,NULL,NULL,NULL,NULL,NULL,NULL,NULL,NULL),(919,'90872','Nguyễn Quân','2025-06-09','Thứ 2','11:21',681,'7:25','11:46','13:16','20:16',NULL,NULL,NULL,NULL,NULL),(920,'90872','Nguyễn Quân','2025-06-10','Thứ 3','8:03',483,'7:31','11:23','13:17','17:28',NULL,NULL,NULL,NULL,NULL),(921,'90872','Nguyễn Quân','2025-06-11','Thứ 4','11:37',697,'7:32','12:11','13:22','20:20',NULL,NULL,NULL,NULL,NULL),(922,'90872','Nguyễn Quân','2025-06-12','Thứ 5','8:41',521,'7:29','12:02','13:02','17:10',NULL,NULL,NULL,NULL,NULL),(923,'90872','Nguyễn Quân','2025-06-13','Thứ 6','10:39',639,'7:35','11:28','13:22','20:08',NULL,NULL,NULL,NULL,NULL),(924,'90872','Nguyễn Quân','2025-06-14','Thứ 7','0:00',0,NULL,NULL,NULL,NULL,NULL,NULL,NULL,NULL,'NB/2'),(925,'90872','Nguyễn Quân','2025-06-15','CN','0:00',0,NULL,NULL,NULL,NULL,NULL,NULL,NULL,NULL,NULL),(926,'90872','Nguyễn Quân','2025-06-16','Thứ 2','10:25',625,'7:32','11:09','13:25','20:13',NULL,NULL,NULL,NULL,NULL),(927,'90872','Nguyễn Quân','2025-06-17','Thứ 3','10:00',600,'7:21','17:21',NULL,NULL,NULL,NULL,NULL,NULL,NULL),(928,'90872','Nguyễn Quân','2025-06-18','Thứ 4','11:29',689,'7:34','11:58','13:21','20:26',NULL,NULL,NULL,NULL,NULL),(929,'90872','Nguyễn Quân','2025-06-19','Thứ 5','12:10',730,'7:13','12:16','13:23','20:30',NULL,NULL,NULL,NULL,NULL),(930,'90872','Nguyễn Quân','2025-06-20','Thứ 6','11:56',716,'7:41','11:54','12:57','20:40',NULL,NULL,NULL,NULL,NULL),(931,'90849','Stanislav Rizevsky','2025-06-06','Thứ 6','7:50',470,'7:08','10:31','13:14','17:41',NULL,NULL,NULL,NULL,NULL),(932,'90849','Stanislav Rizevsky','2025-06-07','Thứ 7','0:00',0,NULL,NULL,NULL,NULL,NULL,NULL,NULL,NULL,NULL),(933,'90849','Stanislav Rizevsky','2025-06-08','CN','0:00',0,NULL,NULL,NULL,NULL,NULL,NULL,NULL,NULL,NULL),(934,'90849','Stanislav Rizevsky','2025-06-09','Thứ 2','7:14',434,'7:06','10:46','13:11','16:45',NULL,NULL,NULL,NULL,NULL),(935,'90849','Stanislav Rizevsky','2025-06-10','Thứ 3','9:08',548,'7:11','11:39','12:17','16:57',NULL,NULL,NULL,NULL,NULL),(936,'90849','Stanislav Rizevsky','2025-06-11','Thứ 4','8:24',504,'7:05','10:46','12:13','16:56',NULL,NULL,NULL,NULL,NULL),(937,'90849','Stanislav Rizevsky','2025-06-12','Thứ 5','7:07',427,'7:14','10:49','13:12','16:44',NULL,NULL,NULL,NULL,NULL),(938,'90849','Stanislav Rizevsky','2025-06-13','Thứ 6','8:21',501,'7:05','11:38','13:02','16:50',NULL,NULL,NULL,NULL,NULL),(939,'90849','Stanislav Rizevsky','2025-06-14','Thứ 7','0:00',0,NULL,NULL,NULL,NULL,NULL,NULL,NULL,NULL,NULL),(940,'90849','Stanislav Rizevsky','2025-06-15','CN','0:00',0,NULL,NULL,NULL,NULL,NULL,NULL,NULL,NULL,NULL),(941,'90849','Stanislav Rizevsky','2025-06-16','Thứ 2','8:42',522,'6:51','10:42','12:01','16:52',NULL,NULL,NULL,NULL,NULL),(942,'90849','Stanislav Rizevsky','2025-06-17','Thứ 3','7:24',444,'7:05','10:46','13:03','16:46',NULL,NULL,NULL,NULL,NULL),(943,'90849','Stanislav Rizevsky','2025-06-18','Thứ 4','7:20',440,'7:14','10:48','13:01','16:47',NULL,NULL,NULL,NULL,NULL),(944,'90849','Stanislav Rizevsky','2025-06-19','Thứ 5','8:48',528,'7:10','10:45','13:16','18:29',NULL,NULL,NULL,NULL,NULL),(945,'90849','Stanislav Rizevsky','2025-06-20','Thứ 6','8:49',529,'6:47','10:51','12:01','16:46',NULL,NULL,NULL,NULL,NULL),(946,'90972','Đỗ Công Ngọc','2025-06-06','Thứ 6','9:38',578,'6:40','10:56','11:22','16:44',NULL,NULL,NULL,NULL,NULL),(947,'90972','Đỗ Công Ngọc','2025-06-07','Thứ 7','0:00',0,NULL,NULL,NULL,NULL,NULL,NULL,NULL,NULL,NULL),(948,'90972','Đỗ Công Ngọc','2025-06-08','CN','0:00',0,NULL,NULL,NULL,NULL,NULL,NULL,NULL,NULL,NULL),(949,'90972','Đỗ Công Ngọc','2025-06-09','Thứ 2','9:22',562,'6:58','11:02','11:25','16:43',NULL,NULL,NULL,NULL,NULL),(950,'90972','Đỗ Công Ngọc','2025-06-10','Thứ 3','9:19',559,'7:16','10:53','11:18','17:00',NULL,NULL,NULL,NULL,NULL),(951,'90972','Đỗ Công Ngọc','2025-06-11','Thứ 4','9:36',576,'6:42','10:46','11:08','16:40',NULL,NULL,NULL,NULL,NULL),(952,'90972','Đỗ Công Ngọc','2025-06-12','Thứ 5','9:08',548,'7:13','10:55','11:20','16:46',NULL,NULL,NULL,NULL,NULL),(953,'90972','Đỗ Công Ngọc','2025-06-13','Thứ 6','9:20',560,'7:03','10:59','11:20','16:44',NULL,NULL,NULL,NULL,NULL),(954,'90972','Đỗ Công Ngọc','2025-06-14','Thứ 7','0:00',0,NULL,NULL,NULL,NULL,NULL,NULL,NULL,NULL,NULL),(955,'90972','Đỗ Công Ngọc','2025-06-15','CN','0:00',0,NULL,NULL,NULL,NULL,NULL,NULL,NULL,NULL,NULL),(956,'90972','Đỗ Công Ngọc','2025-06-16','Thứ 2','9:13',553,'7:11','10:58','11:17','16:43',NULL,NULL,NULL,NULL,NULL),(957,'90972','Đỗ Công Ngọc','2025-06-17','Thứ 3','9:40',580,'6:42','10:51','11:11','16:42',NULL,NULL,NULL,NULL,NULL),(958,'90972','Đỗ Công Ngọc','2025-06-18','Thứ 4','9:34',574,'6:50','10:46','11:10','16:48',NULL,NULL,NULL,NULL,NULL),(959,'90972','Đỗ Công Ngọc','2025-06-19','Thứ 5','9:16',556,'7:04','11:01','11:26','16:45',NULL,NULL,NULL,NULL,NULL),(960,'90972','Đỗ Công Ngọc','2025-06-20','Thứ 6','8:45',525,'6:59','10:59','11:21','16:06',NULL,NULL,NULL,NULL,NULL),(961,'90928','Nguyễn Hồ Hải','2025-06-06','Thứ 6','9:20',560,'6:46','10:56','11:22','16:32',NULL,NULL,NULL,NULL,NULL),(962,'90928','Nguyễn Hồ Hải','2025-06-07','Thứ 7','0:00',0,NULL,NULL,NULL,NULL,NULL,NULL,NULL,NULL,NULL),(963,'90928','Nguyễn Hồ Hải','2025-06-08','CN','4:54',294,'6:55','11:49',NULL,NULL,NULL,NULL,NULL,NULL,NULL),(964,'90928','Nguyễn Hồ Hải','2025-06-09','Thứ 2','8:36',516,'6:53','11:00','12:11','16:40',NULL,NULL,NULL,NULL,NULL),(965,'90928','Nguyễn Hồ Hải','2025-06-10','Thứ 3','9:34',574,'6:58','10:51','11:19','17:00',NULL,NULL,NULL,NULL,NULL),(966,'90928','Nguyễn Hồ Hải','2025-06-11','Thứ 4','3:15',195,'7:08','10:23',NULL,NULL,NULL,NULL,NULL,NULL,'NB/2'),(967,'90928','Nguyễn Hồ Hải','2025-06-12','Thứ 5','0:00',0,NULL,NULL,NULL,NULL,NULL,NULL,NULL,NULL,NULL),(968,'90928','Nguyễn Hồ Hải','2025-06-13','Thứ 6','0:00',0,NULL,NULL,NULL,NULL,NULL,NULL,NULL,NULL,NULL),(969,'90928','Nguyễn Hồ Hải','2025-06-14','Thứ 7','0:00',0,NULL,NULL,NULL,NULL,NULL,NULL,NULL,NULL,NULL),(970,'90928','Nguyễn Hồ Hải','2025-06-15','CN','0:00',0,NULL,NULL,NULL,NULL,NULL,NULL,NULL,NULL,NULL),(971,'90928','Nguyễn Hồ Hải','2025-06-16','Thứ 2','0:00',0,NULL,NULL,NULL,NULL,NULL,NULL,NULL,NULL,NULL),(972,'90928','Nguyễn Hồ Hải','2025-06-17','Thứ 3','0:00',0,NULL,NULL,NULL,NULL,NULL,NULL,NULL,NULL,NULL),(973,'90928','Nguyễn Hồ Hải','2025-06-18','Thứ 4','0:00',0,NULL,NULL,NULL,NULL,NULL,NULL,NULL,NULL,NULL),(974,'90928','Nguyễn Hồ Hải','2025-06-19','Thứ 5','9:09',549,'7:11','11:01','11:26','16:45',NULL,NULL,NULL,NULL,NULL),(975,'90928','Nguyễn Hồ Hải','2025-06-20','Thứ 6','9:10',550,'6:58','10:55','11:22','16:35',NULL,NULL,NULL,NULL,NULL),(976,'91047','Ngô Thị Phương Dung','2025-06-06','Thứ 6','10:53',653,'7:06','12:46','12:50','18:03',NULL,NULL,NULL,NULL,NULL),(977,'91047','Ngô Thị Phương Dung','2025-06-07','Thứ 7','0:00',0,NULL,NULL,NULL,NULL,NULL,NULL,NULL,NULL,NULL),(978,'91047','Ngô Thị Phương Dung','2025-06-08','CN','0:00',0,NULL,NULL,NULL,NULL,NULL,NULL,NULL,NULL,NULL),(979,'91047','Ngô Thị Phương Dung','2025-06-09','Thứ 2','10:31',631,'7:13','11:48','11:52','17:48',NULL,NULL,NULL,NULL,NULL),(980,'91047','Ngô Thị Phương Dung','2025-06-10','Thứ 3','9:49',589,'7:13','12:24','12:31','17:09',NULL,NULL,NULL,NULL,NULL),(981,'91047','Ngô Thị Phương Dung','2025-06-11','Thứ 4','10:15',615,'7:07','11:29','11:34','17:27',NULL,NULL,NULL,NULL,NULL),(982,'91047','Ngô Thị Phương Dung','2025-06-12','Thứ 5','8:57',537,'7:14','11:05','11:38','16:44',NULL,NULL,NULL,NULL,NULL),(983,'91047','Ngô Thị Phương Dung','2025-06-13','Thứ 6','10:13',613,'7:02','17:15',NULL,NULL,NULL,NULL,NULL,NULL,NULL),(984,'91047','Ngô Thị Phương Dung','2025-06-14','Thứ 7','0:00',0,NULL,NULL,NULL,NULL,NULL,NULL,NULL,NULL,NULL),(985,'91047','Ngô Thị Phương Dung','2025-06-15','CN','0:00',0,NULL,NULL,NULL,NULL,NULL,NULL,NULL,NULL,NULL),(986,'91047','Ngô Thị Phương Dung','2025-06-16','Thứ 2','9:37',577,'7:10','12:56','13:03','16:54',NULL,NULL,NULL,NULL,NULL),(987,'91047','Ngô Thị Phương Dung','2025-06-17','Thứ 3','9:30',570,'7:13','12:00','12:06','16:49',NULL,NULL,NULL,NULL,NULL),(988,'91047','Ngô Thị Phương Dung','2025-06-18','Thứ 4','9:57',597,'7:10','11:14','12:08','18:01','18:03',NULL,NULL,NULL,NULL),(989,'91047','Ngô Thị Phương Dung','2025-06-19','Thứ 5','10:06',606,'7:03','12:20','12:24','17:13',NULL,NULL,NULL,NULL,NULL),(990,'91047','Ngô Thị Phương Dung','2025-06-20','Thứ 6','9:58',598,'7:17','17:15',NULL,NULL,NULL,NULL,NULL,NULL,NULL),(991,'90729','Đinh Thị Thanh Hương','2025-06-06','Thứ 6','0:00',0,NULL,NULL,NULL,NULL,NULL,NULL,NULL,NULL,NULL),(992,'90729','Đinh Thị Thanh Hương','2025-06-07','Thứ 7','0:00',0,NULL,NULL,NULL,NULL,NULL,NULL,NULL,NULL,NULL),(993,'90729','Đinh Thị Thanh Hương','2025-06-08','CN','0:00',0,NULL,NULL,NULL,NULL,NULL,NULL,NULL,NULL,NULL),(994,'90729','Đinh Thị Thanh Hương','2025-06-09','Thứ 2','0:00',0,NULL,NULL,NULL,NULL,NULL,NULL,NULL,NULL,NULL),(995,'90729','Đinh Thị Thanh Hương','2025-06-10','Thứ 3','0:00',0,NULL,NULL,NULL,NULL,NULL,NULL,NULL,NULL,NULL),(996,'90729','Đinh Thị Thanh Hương','2025-06-11','Thứ 4','0:00',0,NULL,NULL,NULL,NULL,NULL,NULL,NULL,NULL,NULL),(997,'90729','Đinh Thị Thanh Hương','2025-06-12','Thứ 5','0:00',0,NULL,NULL,NULL,NULL,NULL,NULL,NULL,NULL,NULL),(998,'90729','Đinh Thị Thanh Hương','2025-06-13','Thứ 6','0:00',0,NULL,NULL,NULL,NULL,NULL,NULL,NULL,NULL,NULL),(999,'90729','Đinh Thị Thanh Hương','2025-06-14','Thứ 7','0:00',0,NULL,NULL,NULL,NULL,NULL,NULL,NULL,NULL,NULL),(1000,'90729','Đinh Thị Thanh Hương','2025-06-15','CN','0:00',0,NULL,NULL,NULL,NULL,NULL,NULL,NULL,NULL,NULL),(1001,'90729','Đinh Thị Thanh Hương','2025-06-16','Thứ 2','4:04',244,'12:59','17:03',NULL,NULL,NULL,NULL,NULL,NULL,NULL),(1002,'90729','Đinh Thị Thanh Hương','2025-06-17','Thứ 3','7:20',440,'7:23','11:09','13:09','16:43',NULL,NULL,NULL,NULL,NULL),(1003,'90729','Đinh Thị Thanh Hương','2025-06-18','Thứ 4','7:53',473,'7:18','10:56','12:53','17:08',NULL,NULL,NULL,NULL,NULL),(1004,'90729','Đinh Thị Thanh Hương','2025-06-19','Thứ 5','8:04',484,'7:21','11:09','12:52','17:08',NULL,NULL,NULL,NULL,NULL),(1005,'90729','Đinh Thị Thanh Hương','2025-06-20','Thứ 6','7:33',453,'7:12','11:05','13:08','16:48',NULL,NULL,NULL,NULL,NULL),(1006,'90725','Nguyễn Thị Thu Nguyệt','2025-06-06','Thứ 6','9:23',563,'7:39','12:08','12:10','17:04',NULL,NULL,NULL,NULL,NULL),(1007,'90725','Nguyễn Thị Thu Nguyệt','2025-06-07','Thứ 7','0:00',0,NULL,NULL,NULL,NULL,NULL,NULL,NULL,NULL,NULL),(1008,'90725','Nguyễn Thị Thu Nguyệt','2025-06-08','CN','0:00',0,NULL,NULL,NULL,NULL,NULL,NULL,NULL,NULL,NULL),(1009,'90725','Nguyễn Thị Thu Nguyệt','2025-06-09','Thứ 2','9:19',559,'6:54','11:14','11:38','16:37',NULL,NULL,NULL,NULL,NULL),(1010,'90725','Nguyễn Thị Thu Nguyệt','2025-06-10','Thứ 3','0:00',0,NULL,NULL,NULL,NULL,NULL,NULL,NULL,NULL,NULL),(1011,'90725','Nguyễn Thị Thu Nguyệt','2025-06-11','Thứ 4','7:51',471,'12:24','20:15',NULL,NULL,NULL,NULL,NULL,NULL,NULL),(1012,'90725','Nguyễn Thị Thu Nguyệt','2025-06-12','Thứ 5','0:00',0,NULL,NULL,NULL,NULL,NULL,NULL,NULL,NULL,NULL),(1013,'90725','Nguyễn Thị Thu Nguyệt','2025-06-13','Thứ 6','3:20',200,'13:41','17:01',NULL,NULL,NULL,NULL,NULL,NULL,NULL),(1014,'90725','Nguyễn Thị Thu Nguyệt','2025-06-14','Thứ 7','0:00',0,NULL,NULL,NULL,NULL,NULL,NULL,NULL,NULL,NULL),(1015,'90725','Nguyễn Thị Thu Nguyệt','2025-06-15','CN','0:00',0,NULL,NULL,NULL,NULL,NULL,NULL,NULL,NULL,NULL),(1016,'90725','Nguyễn Thị Thu Nguyệt','2025-06-16','Thứ 2','0:00',0,NULL,NULL,NULL,NULL,NULL,NULL,NULL,NULL,NULL),(1017,'90725','Nguyễn Thị Thu Nguyệt','2025-06-17','Thứ 3','0:00',0,NULL,NULL,NULL,NULL,NULL,NULL,NULL,NULL,NULL),(1018,'90725','Nguyễn Thị Thu Nguyệt','2025-06-18','Thứ 4','8:16',496,'6:54','11:08','12:35','16:37',NULL,NULL,NULL,NULL,NULL),(1019,'90725','Nguyễn Thị Thu Nguyệt','2025-06-19','Thứ 5','0:00',0,NULL,NULL,NULL,NULL,NULL,NULL,NULL,NULL,NULL),(1020,'90725','Nguyễn Thị Thu Nguyệt','2025-06-20','Thứ 6','0:00',0,NULL,NULL,NULL,NULL,NULL,NULL,NULL,NULL,NULL),(1021,'90253','Nông Nguyễn Minh Thúy','2025-06-21','Thứ 7','4:07',247,'7:03','11:10',NULL,NULL,NULL,NULL,NULL,NULL,NULL),(1022,'90253','Nông Nguyễn Minh Thúy','2025-06-22','CN','0:00',0,NULL,NULL,NULL,NULL,NULL,NULL,NULL,NULL,NULL),(1023,'90253','Nông Nguyễn Minh Thúy','2025-06-23','Thứ 2','7:14',434,'7:00','11:06','13:11','16:19',NULL,NULL,NULL,NULL,NULL),(1024,'90253','Nông Nguyễn Minh Thúy','2025-06-24','Thứ 3','8:24',504,'6:56','11:32','13:15','17:03',NULL,NULL,NULL,NULL,NULL),(1025,'90253','Nông Nguyễn Minh Thúy','2025-06-25','Thứ 4','7:13',433,'7:02','11:04','13:11','16:22',NULL,NULL,NULL,NULL,NULL),(1026,'90253','Nông Nguyễn Minh Thúy','2025-06-26','Thứ 5','7:49',469,'7:02','11:02','13:20','17:09',NULL,NULL,NULL,NULL,NULL),(1027,'90253','Nông Nguyễn Minh Thúy','2025-06-27','Thứ 6','11:41',701,'7:00','11:01','13:01','17:00','17:07','20:48',NULL,NULL,NULL),(1028,'90253','Nông Nguyễn Minh Thúy','2025-06-28','Thứ 7','2:55',175,'7:05','10:00',NULL,NULL,NULL,NULL,NULL,NULL,NULL),(1029,'90253','Nông Nguyễn Minh Thúy','2025-06-29','CN','0:00',0,NULL,NULL,NULL,NULL,NULL,NULL,NULL,NULL,NULL),(1030,'90253','Nông Nguyễn Minh Thúy','2025-06-30','Thứ 2','7:59',479,'7:02','11:04','13:07','17:04',NULL,NULL,NULL,NULL,NULL),(1031,'90253','Nông Nguyễn Minh Thúy','2025-07-01','Thứ 3','7:58',478,'7:02','11:06','13:10','17:04',NULL,NULL,NULL,NULL,NULL),(1032,'90253','Nông Nguyễn Minh Thúy','2025-07-02','Thứ 4','7:24',444,'7:03','11:01','13:06','16:32',NULL,NULL,NULL,NULL,NULL),(1033,'90253','Nông Nguyễn Minh Thúy','2025-07-03','Thứ 5','7:26',446,'7:03','11:00','13:07','16:36',NULL,NULL,NULL,NULL,NULL),(1034,'90253','Nông Nguyễn Minh Thúy','2025-07-04','Thứ 6','11:47',707,'7:02','11:02','13:01','17:00','17:04','20:52',NULL,NULL,NULL),(1035,'90253','Nông Nguyễn Minh Thúy','2025-07-05','Thứ 7','0:00',0,NULL,NULL,NULL,NULL,NULL,NULL,NULL,NULL,NULL),(1036,'DC098','Nguyễn Hữu Quyền','2025-06-21','Thứ 7','11:34',694,'6:36','11:04','12:39','19:45',NULL,NULL,NULL,NULL,NULL),(1037,'DC098','Nguyễn Hữu Quyền','2025-06-22','CN','0:00',0,NULL,NULL,NULL,NULL,NULL,NULL,NULL,NULL,NULL),(1038,'DC098','Nguyễn Hữu Quyền','2025-06-23','Thứ 2','8:36',516,'6:45','10:56','12:34','16:59',NULL,NULL,NULL,NULL,NULL),(1039,'DC098','Nguyễn Hữu Quyền','2025-06-24','Thứ 3','11:48',708,'6:29','10:52','12:38','20:03',NULL,NULL,NULL,NULL,NULL),(1040,'DC098','Nguyễn Hữu Quyền','2025-06-25','Thứ 4','8:03',483,'6:39','10:57','12:51','16:36',NULL,NULL,NULL,NULL,NULL),(1041,'DC098','Nguyễn Hữu Quyền','2025-06-26','Thứ 5','7:43',463,'6:39','10:58','16:58','20:22',NULL,NULL,NULL,NULL,NULL),(1042,'DC098','Nguyễn Hữu Quyền','2025-06-27','Thứ 6','11:51',711,'6:45','10:57','12:31','20:10',NULL,NULL,NULL,NULL,NULL),(1043,'DC098','Nguyễn Hữu Quyền','2025-06-28','Thứ 7','12:14',734,'6:44','10:57','12:16','20:17',NULL,NULL,NULL,NULL,NULL),(1044,'DC098','Nguyễn Hữu Quyền','2025-06-29','CN','4:07',247,'6:37','10:44',NULL,NULL,NULL,NULL,NULL,NULL,NULL),(1045,'DC098','Nguyễn Hữu Quyền','2025-06-30','Thứ 2','8:34',514,'6:52','10:54','12:32','17:04',NULL,NULL,NULL,NULL,NULL),(1046,'DC098','Nguyễn Hữu Quyền','2025-07-01','Thứ 3','12:04',724,'6:41','10:52','12:32','20:25',NULL,NULL,NULL,NULL,NULL),(1047,'DC098','Nguyễn Hữu Quyền','2025-07-02','Thứ 4','9:21',561,'6:38','10:59','12:48','17:48',NULL,NULL,NULL,NULL,NULL),(1048,'DC098','Nguyễn Hữu Quyền','2025-07-03','Thứ 5','11:53',713,'6:43','10:59','12:38','20:15',NULL,NULL,NULL,NULL,NULL),(1049,'DC098','Nguyễn Hữu Quyền','2025-07-04','Thứ 6','11:48',708,'6:40','10:49','12:44','20:23',NULL,NULL,NULL,NULL,NULL),(1050,'DC098','Nguyễn Hữu Quyền','2025-07-05','Thứ 7','11:42',702,'6:41','10:55','12:38','20:06',NULL,NULL,NULL,NULL,NULL),(1051,'2026','Nguyễn Hữu Tuấn','2025-06-21','Thứ 7','6:00',360,'6:36','11:01','11:04','12:39','19:45',NULL,NULL,NULL,NULL),(1052,'2026','Nguyễn Hữu Tuấn','2025-06-22','CN','0:00',0,NULL,NULL,NULL,NULL,NULL,NULL,NULL,NULL,NULL),(1053,'2026','Nguyễn Hữu Tuấn','2025-06-23','Thứ 2','8:23',503,'7:06','11:03','12:34','17:00',NULL,NULL,NULL,NULL,NULL),(1054,'2026','Nguyễn Hữu Tuấn','2025-06-24','Thứ 3','8:58',538,'7:08','11:43','12:38','17:01',NULL,NULL,NULL,NULL,NULL),(1055,'2026','Nguyễn Hữu Tuấn','2025-06-25','Thứ 4','3:52',232,'13:08','17:00',NULL,NULL,NULL,NULL,NULL,NULL,NULL),(1056,'2026','Nguyễn Hữu Tuấn','2025-06-26','Thứ 5','7:55',475,'7:03','11:02','13:09','17:05',NULL,NULL,NULL,NULL,NULL),(1057,'2026','Nguyễn Hữu Tuấn','2025-06-27','Thứ 6','8:08',488,'7:07','10:59','13:08','17:24',NULL,NULL,NULL,NULL,NULL),(1058,'2026','Nguyễn Hữu Tuấn','2025-06-28','Thứ 7','12:05',725,'6:59','11:07','12:16','17:20','17:24','20:17',NULL,NULL,NULL),(1059,'2026','Nguyễn Hữu Tuấn','2025-06-29','CN','0:00',0,NULL,NULL,NULL,NULL,NULL,NULL,NULL,NULL,NULL),(1060,'2026','Nguyễn Hữu Tuấn','2025-06-30','Thứ 2','12:03',723,'7:00','11:03','12:56','17:04','17:05','20:57',NULL,NULL,NULL),(1061,'2026','Nguyễn Hữu Tuấn','2025-07-01','Thứ 3','7:44',464,'7:10','11:03','13:16','17:07',NULL,NULL,NULL,NULL,NULL),(1062,'2026','Nguyễn Hữu Tuấn','2025-07-02','Thứ 4','3:49',229,'13:09','16:58','17:08',NULL,NULL,NULL,NULL,NULL,NULL),(1063,'2026','Nguyễn Hữu Tuấn','2025-07-03','Thứ 5','0:00',0,NULL,NULL,NULL,NULL,NULL,NULL,NULL,NULL,'CT'),(1064,'2026','Nguyễn Hữu Tuấn','2025-07-04','Thứ 6','0:00',0,NULL,NULL,NULL,NULL,NULL,NULL,NULL,NULL,'CT'),(1065,'2026','Nguyễn Hữu Tuấn','2025-07-05','Thứ 7','0:00',0,NULL,NULL,NULL,NULL,NULL,NULL,NULL,NULL,'CT/2'),(1066,'90317','Nguyễn Khánh Tùng','2025-06-21','Thứ 7','4:52',292,'6:49','11:41','19:49',NULL,NULL,NULL,NULL,NULL,NULL),(1067,'90317','Nguyễn Khánh Tùng','2025-06-22','CN','0:00',0,NULL,NULL,NULL,NULL,NULL,NULL,NULL,NULL,NULL),(1068,'90317','Nguyễn Khánh Tùng','2025-06-23','Thứ 2','8:34',514,'7:04','11:02','11:27','16:03',NULL,NULL,NULL,NULL,NULL),(1069,'90317','Nguyễn Khánh Tùng','2025-06-24','Thứ 3','9:00',540,'7:12','11:06','12:35','17:41',NULL,NULL,NULL,NULL,NULL),(1070,'90317','Nguyễn Khánh Tùng','2025-06-25','Thứ 4','8:19',499,'7:01','11:22','12:09','16:07',NULL,NULL,NULL,NULL,NULL),(1071,'90317','Nguyễn Khánh Tùng','2025-06-26','Thứ 5','10:16',616,'7:27','11:31','12:01','18:13',NULL,NULL,NULL,NULL,NULL),(1072,'90317','Nguyễn Khánh Tùng','2025-06-27','Thứ 6','10:13',613,'7:07','11:13','11:35','17:42',NULL,NULL,NULL,NULL,NULL),(1073,'90317','Nguyễn Khánh Tùng','2025-06-28','Thứ 7','3:40',220,'6:52','10:32',NULL,NULL,NULL,NULL,NULL,NULL,NULL),(1074,'90317','Nguyễn Khánh Tùng','2025-06-29','CN','0:00',0,NULL,NULL,NULL,NULL,NULL,NULL,NULL,NULL,NULL),(1075,'90317','Nguyễn Khánh Tùng','2025-06-30','Thứ 2','7:54',474,'7:00','11:22','12:27','15:59',NULL,NULL,NULL,NULL,NULL),(1076,'90317','Nguyễn Khánh Tùng','2025-07-01','Thứ 3','0:18',18,'11:09','11:27','17:12',NULL,NULL,NULL,NULL,NULL,NULL),(1077,'90317','Nguyễn Khánh Tùng','2025-07-02','Thứ 4','8:35',515,'7:29','11:32','11:34','16:06',NULL,NULL,NULL,NULL,NULL),(1078,'90317','Nguyễn Khánh Tùng','2025-07-03','Thứ 5','0:00',0,NULL,NULL,NULL,NULL,NULL,NULL,NULL,NULL,'CT'),(1079,'90317','Nguyễn Khánh Tùng','2025-07-04','Thứ 6','0:00',0,NULL,NULL,NULL,NULL,NULL,NULL,NULL,NULL,'CT'),(1080,'90317','Nguyễn Khánh Tùng','2025-07-05','Thứ 7','0:00',0,NULL,NULL,NULL,NULL,NULL,NULL,NULL,NULL,'CT/2'),(1081,'NV003','Nguyễn Ngọc Chiến','2025-06-21','Thứ 7','0:00',0,NULL,NULL,NULL,NULL,NULL,NULL,NULL,NULL,NULL),(1082,'NV003','Nguyễn Ngọc Chiến','2025-06-22','CN','0:00',0,NULL,NULL,NULL,NULL,NULL,NULL,NULL,NULL,NULL),(1083,'NV003','Nguyễn Ngọc Chiến','2025-06-23','Thứ 2','8:18',498,'6:58','11:04','12:57','17:09',NULL,NULL,NULL,NULL,NULL),(1084,'NV003','Nguyễn Ngọc Chiến','2025-06-24','Thứ 3','6:14',374,'6:56','13:10',NULL,NULL,NULL,NULL,NULL,NULL,'CT/2'),(1085,'NV003','Nguyễn Ngọc Chiến','2025-06-25','Thứ 4','0:00',0,NULL,NULL,NULL,NULL,NULL,NULL,NULL,NULL,'CT'),(1086,'NV003','Nguyễn Ngọc Chiến','2025-06-26','Thứ 5','0:00',0,NULL,NULL,NULL,NULL,NULL,NULL,NULL,NULL,'CT'),(1087,'NV003','Nguyễn Ngọc Chiến','2025-06-27','Thứ 6','0:00',0,NULL,NULL,NULL,NULL,NULL,NULL,NULL,NULL,'CT'),(1088,'NV003','Nguyễn Ngọc Chiến','2025-06-28','Thứ 7','0:00',0,NULL,NULL,NULL,NULL,NULL,NULL,NULL,NULL,NULL),(1089,'NV003','Nguyễn Ngọc Chiến','2025-06-29','CN','0:00',0,NULL,NULL,NULL,NULL,NULL,NULL,NULL,NULL,NULL),(1090,'NV003','Nguyễn Ngọc Chiến','2025-06-30','Thứ 2','8:05',485,'7:07','11:03','13:00','17:09',NULL,NULL,NULL,NULL,NULL),(1091,'NV003','Nguyễn Ngọc Chiến','2025-07-01','Thứ 3','8:00',480,'6:54','11:07','13:17','17:04',NULL,NULL,NULL,NULL,NULL),(1092,'NV003','Nguyễn Ngọc Chiến','2025-07-02','Thứ 4','7:42',462,'7:07','11:04','13:06','16:51',NULL,NULL,NULL,NULL,NULL),(1093,'NV003','Nguyễn Ngọc Chiến','2025-07-03','Thứ 5','0:00',0,NULL,NULL,NULL,NULL,NULL,NULL,NULL,NULL,'CT'),(1094,'NV003','Nguyễn Ngọc Chiến','2025-07-04','Thứ 6','0:00',0,NULL,NULL,NULL,NULL,NULL,NULL,NULL,NULL,'CT'),(1095,'NV003','Nguyễn Ngọc Chiến','2025-07-05','Thứ 7','0:00',0,NULL,NULL,NULL,NULL,NULL,NULL,NULL,NULL,'CT/2'),(1096,'DC154','Lê Thành Long','2025-06-21','Thứ 7','0:00',0,NULL,NULL,NULL,NULL,NULL,NULL,NULL,NULL,'P/2'),(1097,'DC154','Lê Thành Long','2025-06-22','CN','0:00',0,NULL,NULL,NULL,NULL,NULL,NULL,NULL,NULL,NULL),(1098,'DC154','Lê Thành Long','2025-06-23','Thứ 2','8:10',490,'6:53','11:05','13:06','17:04',NULL,NULL,NULL,NULL,NULL),(1099,'DC154','Lê Thành Long','2025-06-24','Thứ 3','9:35',575,'6:55','11:03','13:02','18:29',NULL,NULL,NULL,NULL,NULL),(1100,'DC154','Lê Thành Long','2025-06-25','Thứ 4','8:05',485,'6:52','11:02','13:04','16:59',NULL,NULL,NULL,NULL,NULL),(1101,'DC154','Lê Thành Long','2025-06-26','Thứ 5','8:15',495,'6:54','11:09','13:03','17:03',NULL,NULL,NULL,NULL,NULL),(1102,'DC154','Lê Thành Long','2025-06-27','Thứ 6','8:08',488,'6:55','11:05','13:02','17:00',NULL,NULL,NULL,NULL,NULL),(1103,'DC154','Lê Thành Long','2025-06-28','Thứ 7','4:12',252,'6:54','11:06',NULL,NULL,NULL,NULL,NULL,NULL,NULL),(1104,'DC154','Lê Thành Long','2025-06-29','CN','0:00',0,NULL,NULL,NULL,NULL,NULL,NULL,NULL,NULL,NULL),(1105,'DC154','Lê Thành Long','2025-06-30','Thứ 2','8:20',500,'6:51','11:06','12:59','17:04',NULL,NULL,NULL,NULL,NULL),(1106,'DC154','Lê Thành Long','2025-07-01','Thứ 3','8:09',489,'6:48','11:02','13:05','17:00',NULL,NULL,NULL,NULL,NULL),(1107,'DC154','Lê Thành Long','2025-07-02','Thứ 4','8:12',492,'6:50','11:04','13:04','17:02',NULL,NULL,NULL,NULL,NULL),(1108,'DC154','Lê Thành Long','2025-07-03','Thứ 5','8:11',491,'6:53','10:59','13:00','17:05',NULL,NULL,NULL,NULL,NULL),(1109,'DC154','Lê Thành Long','2025-07-04','Thứ 6','8:04',484,'6:57','11:08','13:03','16:56',NULL,NULL,NULL,NULL,NULL),(1110,'DC154','Lê Thành Long','2025-07-05','Thứ 7','4:09',249,'6:48','10:57',NULL,NULL,NULL,NULL,NULL,NULL,NULL),(1111,'AV055','Lê Ái Phú','2025-06-21','Thứ 7','9:55',595,'6:54','16:49',NULL,NULL,NULL,NULL,NULL,NULL,NULL),(1112,'AV055','Lê Ái Phú','2025-06-22','CN','8:50',530,'7:04','15:54',NULL,NULL,NULL,NULL,NULL,NULL,NULL),(1113,'AV055','Lê Ái Phú','2025-06-23','Thứ 2','12:22',742,'6:56','11:32','12:39','20:25',NULL,NULL,NULL,NULL,NULL),(1114,'AV055','Lê Ái Phú','2025-06-24','Thứ 3','12:32',752,'6:59','11:11','12:16','20:36',NULL,NULL,NULL,NULL,NULL),(1115,'AV055','Lê Ái Phú','2025-06-25','Thứ 4','12:26',746,'7:03','11:31','12:21','20:19',NULL,NULL,NULL,NULL,NULL),(1116,'AV055','Lê Ái Phú','2025-06-26','Thứ 5','12:27',747,'7:05','11:23','12:06','20:15',NULL,NULL,NULL,NULL,NULL),(1117,'AV055','Lê Ái Phú','2025-06-27','Thứ 6','9:21',561,'7:02','11:32','12:26','17:17',NULL,NULL,NULL,NULL,NULL),(1118,'AV055','Lê Ái Phú','2025-06-28','Thứ 7','9:20',560,'6:56','16:16',NULL,NULL,NULL,NULL,NULL,NULL,NULL),(1119,'AV055','Lê Ái Phú','2025-06-29','CN','3:42',222,'7:13','10:55',NULL,NULL,NULL,NULL,NULL,NULL,NULL),(1120,'AV055','Lê Ái Phú','2025-06-30','Thứ 2','12:36',756,'6:52','11:34','12:26','20:20',NULL,NULL,NULL,NULL,NULL),(1121,'AV055','Lê Ái Phú','2025-07-01','Thứ 3','8:11',491,'6:54','11:13','13:14','17:06',NULL,NULL,NULL,NULL,NULL),(1122,'AV055','Lê Ái Phú','2025-07-02','Thứ 4','8:46',526,'7:04','11:23','12:44','17:11',NULL,NULL,NULL,NULL,NULL),(1123,'AV055','Lê Ái Phú','2025-07-03','Thứ 5','8:52',532,'7:06','11:22','12:30','17:06',NULL,NULL,NULL,NULL,NULL),(1124,'AV055','Lê Ái Phú','2025-07-04','Thứ 6','9:05',545,'7:01','11:23','12:30','17:13',NULL,NULL,NULL,NULL,NULL),(1125,'AV055','Lê Ái Phú','2025-07-05','Thứ 7','9:01',541,'7:03','16:04',NULL,NULL,NULL,NULL,NULL,NULL,NULL),(1126,'90359','Đỗ Thanh Nguyên','2025-06-21','Thứ 7','0:00',0,NULL,NULL,NULL,NULL,NULL,NULL,NULL,NULL,NULL),(1127,'90359','Đỗ Thanh Nguyên','2025-06-22','CN','0:00',0,NULL,NULL,NULL,NULL,NULL,NULL,NULL,NULL,NULL),(1128,'90359','Đỗ Thanh Nguyên','2025-06-23','Thứ 2','8:32',512,'12:27','16:56','17:00','21:03',NULL,NULL,NULL,NULL,NULL),(1129,'90359','Đỗ Thanh Nguyên','2025-06-24','Thứ 3','13:48',828,'6:47','11:05','11:24','17:08','17:10','20:56',NULL,NULL,NULL),(1130,'90359','Đỗ Thanh Nguyên','2025-06-25','Thứ 4','13:38',818,'6:48','10:59','11:21','17:05','17:08','20:51',NULL,NULL,NULL),(1131,'90359','Đỗ Thanh Nguyên','2025-06-26','Thứ 5','14:16',856,'6:46','10:58','11:17','16:59','17:03','21:25',NULL,NULL,NULL),(1132,'90359','Đỗ Thanh Nguyên','2025-06-27','Thứ 6','0:00',0,NULL,NULL,NULL,NULL,NULL,NULL,NULL,NULL,NULL),(1133,'90359','Đỗ Thanh Nguyên','2025-06-28','Thứ 7','3:41',221,'7:01','10:42',NULL,NULL,NULL,NULL,NULL,NULL,NULL),(1134,'90359','Đỗ Thanh Nguyên','2025-06-29','CN','0:00',0,NULL,NULL,NULL,NULL,NULL,NULL,NULL,NULL,NULL),(1135,'90359','Đỗ Thanh Nguyên','2025-06-30','Thứ 2','0:00',0,NULL,NULL,NULL,NULL,NULL,NULL,NULL,NULL,'P'),(1136,'90359','Đỗ Thanh Nguyên','2025-07-01','Thứ 3','13:33',813,'6:42','10:57','11:18','16:59','17:02','20:39',NULL,NULL,NULL),(1137,'90359','Đỗ Thanh Nguyên','2025-07-02','Thứ 4','13:43',823,'6:44','11:06','11:26','17:03','17:07','20:51',NULL,NULL,NULL),(1138,'90359','Đỗ Thanh Nguyên','2025-07-03','Thứ 5','13:30',810,'6:46','11:04','11:25','17:05','17:08','20:40',NULL,NULL,NULL),(1139,'90359','Đỗ Thanh Nguyên','2025-07-04','Thứ 6','0:00',0,NULL,NULL,NULL,NULL,NULL,NULL,NULL,NULL,NULL),(1140,'90359','Đỗ Thanh Nguyên','2025-07-05','Thứ 7','0:00',0,NULL,NULL,NULL,NULL,NULL,NULL,NULL,NULL,NULL),(1141,'SH012','Hoàng Ngọc Cương','2025-06-21','Thứ 7','0:00',0,NULL,NULL,NULL,NULL,NULL,NULL,NULL,NULL,NULL),(1142,'SH012','Hoàng Ngọc Cương','2025-06-22','CN','0:00',0,NULL,NULL,NULL,NULL,NULL,NULL,NULL,NULL,NULL),(1143,'SH012','Hoàng Ngọc Cương','2025-06-23','Thứ 2','8:28',508,'6:41','11:12','13:13','17:10',NULL,NULL,NULL,NULL,NULL),(1144,'SH012','Hoàng Ngọc Cương','2025-06-24','Thứ 3','5:35',335,'7:27','10:07','13:13','16:08',NULL,NULL,NULL,NULL,NULL),(1145,'SH012','Hoàng Ngọc Cương','2025-06-25','Thứ 4','7:42',462,'7:25','10:58','13:12','17:21',NULL,NULL,NULL,NULL,NULL),(1146,'SH012','Hoàng Ngọc Cương','2025-06-26','Thứ 5','8:46',526,'5:49','11:07','13:13','16:41',NULL,NULL,NULL,NULL,NULL),(1147,'SH012','Hoàng Ngọc Cương','2025-06-27','Thứ 6','7:58',478,'6:11','10:00','12:41','16:50',NULL,NULL,NULL,NULL,NULL),(1148,'SH012','Hoàng Ngọc Cương','2025-06-28','Thứ 7','0:00',0,NULL,NULL,NULL,NULL,NULL,NULL,NULL,NULL,NULL),(1149,'SH012','Hoàng Ngọc Cương','2025-06-29','CN','0:00',0,NULL,NULL,NULL,NULL,NULL,NULL,NULL,NULL,NULL),(1150,'SH012','Hoàng Ngọc Cương','2025-06-30','Thứ 2','8:06',486,'6:53','11:02','13:12','17:09',NULL,NULL,NULL,NULL,NULL),(1151,'SH012','Hoàng Ngọc Cương','2025-07-01','Thứ 3','7:47',467,'7:07','11:09','13:27','17:12',NULL,NULL,NULL,NULL,NULL),(1152,'SH012','Hoàng Ngọc Cương','2025-07-02','Thứ 4','8:50',530,'7:11','10:24','13:16','18:53',NULL,NULL,NULL,NULL,NULL),(1153,'SH012','Hoàng Ngọc Cương','2025-07-03','Thứ 5','2:13',133,'7:11','9:24',NULL,NULL,NULL,NULL,NULL,NULL,NULL),(1154,'SH012','Hoàng Ngọc Cương','2025-07-04','Thứ 6','7:04',424,'7:15','10:46','13:16','16:49',NULL,NULL,NULL,NULL,NULL),(1155,'SH012','Hoàng Ngọc Cương','2025-07-05','Thứ 7','0:00',0,NULL,NULL,NULL,NULL,NULL,NULL,NULL,NULL,NULL),(1156,'DT056','Nguyễn Quang Chung','2025-06-21','Thứ 7','0:00',0,NULL,NULL,NULL,NULL,NULL,NULL,NULL,NULL,NULL),(1157,'DT056','Nguyễn Quang Chung','2025-06-22','CN','6:00',360,'7:07','13:07','16:21',NULL,NULL,NULL,NULL,NULL,NULL),(1158,'DT056','Nguyễn Quang Chung','2025-06-23','Thứ 2','7:13',433,'7:01','10:45','13:08','16:37',NULL,NULL,NULL,NULL,NULL),(1159,'DT056','Nguyễn Quang Chung','2025-06-24','Thứ 3','7:12',432,'6:58','10:42','13:06','16:34',NULL,NULL,NULL,NULL,NULL),(1160,'DT056','Nguyễn Quang Chung','2025-06-25','Thứ 4','7:02',422,'7:16','10:40','12:54','16:32',NULL,NULL,NULL,NULL,NULL),(1161,'DT056','Nguyễn Quang Chung','2025-06-26','Thứ 5','7:10',430,'6:56','10:40','13:11','16:37',NULL,NULL,NULL,NULL,NULL),(1162,'DT056','Nguyễn Quang Chung','2025-06-27','Thứ 6','7:29',449,'6:52','10:40','12:52','16:33',NULL,NULL,NULL,NULL,NULL),(1163,'DT056','Nguyễn Quang Chung','2025-06-28','Thứ 7','0:00',0,'10:11',NULL,NULL,NULL,NULL,NULL,NULL,NULL,NULL),(1164,'DT056','Nguyễn Quang Chung','2025-06-29','CN','0:00',0,NULL,NULL,NULL,NULL,NULL,NULL,NULL,NULL,NULL),(1165,'DT056','Nguyễn Quang Chung','2025-06-30','Thứ 2','6:59',419,'7:06','10:43','13:17','16:39',NULL,NULL,NULL,NULL,NULL),(1166,'DT056','Nguyễn Quang Chung','2025-07-01','Thứ 3','6:24',384,'7:03','10:40','14:58','17:45',NULL,NULL,NULL,NULL,NULL),(1167,'DT056','Nguyễn Quang Chung','2025-07-02','Thứ 4','7:22',442,'7:06','10:51','12:58','16:35',NULL,NULL,NULL,NULL,NULL),(1168,'DT056','Nguyễn Quang Chung','2025-07-03','Thứ 5','0:00',0,NULL,NULL,NULL,NULL,NULL,NULL,NULL,NULL,'CT'),(1169,'DT056','Nguyễn Quang Chung','2025-07-04','Thứ 6','0:00',0,NULL,NULL,NULL,NULL,NULL,NULL,NULL,NULL,'CT'),(1170,'DT056','Nguyễn Quang Chung','2025-07-05','Thứ 7','0:00',0,NULL,NULL,NULL,NULL,NULL,NULL,NULL,NULL,'CT/2'),(1171,'DT033','Nguyễn Thị Thu Sương','2025-06-21','Thứ 7','7:20',440,'7:54','11:22','12:51','16:43',NULL,NULL,NULL,NULL,NULL),(1172,'DT033','Nguyễn Thị Thu Sương','2025-06-22','CN','0:00',0,NULL,NULL,NULL,NULL,NULL,NULL,NULL,NULL,NULL),(1173,'DT033','Nguyễn Thị Thu Sương','2025-06-23','Thứ 2','7:27',447,'7:46','11:15','12:55','16:53',NULL,NULL,NULL,NULL,NULL),(1174,'DT033','Nguyễn Thị Thu Sương','2025-06-24','Thứ 3','6:53',413,'7:21','11:10','12:53','15:57',NULL,NULL,NULL,NULL,NULL),(1175,'DT033','Nguyễn Thị Thu Sương','2025-06-25','Thứ 4','7:16',436,'7:24','11:16','12:58','16:22',NULL,NULL,NULL,NULL,NULL),(1176,'DT033','Nguyễn Thị Thu Sương','2025-06-26','Thứ 5','0:00',0,NULL,NULL,NULL,NULL,NULL,NULL,NULL,NULL,'NB'),(1177,'DT033','Nguyễn Thị Thu Sương','2025-06-27','Thứ 6','8:03',483,'7:11','11:03','12:51','17:02',NULL,NULL,NULL,NULL,NULL),(1178,'DT033','Nguyễn Thị Thu Sương','2025-06-28','Thứ 7','0:00',0,NULL,NULL,NULL,NULL,NULL,NULL,NULL,NULL,NULL),(1179,'DT033','Nguyễn Thị Thu Sương','2025-06-29','CN','0:00',0,NULL,NULL,NULL,NULL,NULL,NULL,NULL,NULL,NULL),(1180,'DT033','Nguyễn Thị Thu Sương','2025-06-30','Thứ 2','7:30',450,'7:14','11:15','12:58','16:27',NULL,NULL,NULL,NULL,NULL),(1181,'DT033','Nguyễn Thị Thu Sương','2025-07-01','Thứ 3','5:17',317,'7:21','10:44','14:59','16:53',NULL,NULL,NULL,NULL,NULL),(1182,'DT033','Nguyễn Thị Thu Sương','2025-07-02','Thứ 4','7:38',458,'7:19','11:04','12:49','16:42',NULL,NULL,NULL,NULL,NULL),(1183,'DT033','Nguyễn Thị Thu Sương','2025-07-03','Thứ 5','0:00',0,NULL,NULL,NULL,NULL,NULL,NULL,NULL,NULL,'CT'),(1184,'DT033','Nguyễn Thị Thu Sương','2025-07-04','Thứ 6','0:00',0,NULL,NULL,NULL,NULL,NULL,NULL,NULL,NULL,'CT'),(1185,'DT033','Nguyễn Thị Thu Sương','2025-07-05','Thứ 7','0:00',0,NULL,NULL,NULL,NULL,NULL,NULL,NULL,NULL,'CT/2'),(1186,'DT037','Hồ Thanh Tuấn','2025-06-21','Thứ 7','0:00',0,NULL,NULL,NULL,NULL,NULL,NULL,NULL,NULL,NULL),(1187,'DT037','Hồ Thanh Tuấn','2025-06-22','CN','0:00',0,NULL,NULL,NULL,NULL,NULL,NULL,NULL,NULL,NULL),(1188,'DT037','Hồ Thanh Tuấn','2025-06-23','Thứ 2','7:16',436,'6:57','10:53','13:23','16:43',NULL,NULL,NULL,NULL,NULL),(1189,'DT037','Hồ Thanh Tuấn','2025-06-24','Thứ 3','8:30',510,'7:01','10:47','13:15','17:59',NULL,NULL,NULL,NULL,NULL),(1190,'DT037','Hồ Thanh Tuấn','2025-06-25','Thứ 4','6:50',410,'7:14','10:42','13:21','16:43',NULL,NULL,NULL,NULL,NULL),(1191,'DT037','Hồ Thanh Tuấn','2025-06-26','Thứ 5','8:20',500,'7:10','10:49','13:21','18:02',NULL,NULL,NULL,NULL,NULL),(1192,'DT037','Hồ Thanh Tuấn','2025-06-27','Thứ 6','7:28',448,'6:46','10:44','13:13','16:43',NULL,NULL,NULL,NULL,NULL),(1193,'DT037','Hồ Thanh Tuấn','2025-06-28','Thứ 7','2:40',160,'7:31','10:11',NULL,NULL,NULL,NULL,NULL,NULL,NULL),(1194,'DT037','Hồ Thanh Tuấn','2025-06-29','CN','0:00',0,NULL,NULL,NULL,NULL,NULL,NULL,NULL,NULL,NULL),(1195,'DT037','Hồ Thanh Tuấn','2025-06-30','Thứ 2','6:52',412,'7:13','10:44','13:19','16:40',NULL,NULL,NULL,NULL,NULL),(1196,'DT037','Hồ Thanh Tuấn','2025-07-01','Thứ 3','6:54',414,'6:49','10:42','14:58','17:59',NULL,NULL,NULL,NULL,NULL),(1197,'DT037','Hồ Thanh Tuấn','2025-07-02','Thứ 4','7:11',431,'6:56','10:46','13:17','16:38',NULL,NULL,NULL,NULL,NULL),(1198,'DT037','Hồ Thanh Tuấn','2025-07-03','Thứ 5','0:00',0,NULL,NULL,NULL,NULL,NULL,NULL,NULL,NULL,'CT'),(1199,'DT037','Hồ Thanh Tuấn','2025-07-04','Thứ 6','0:00',0,NULL,NULL,NULL,NULL,NULL,NULL,NULL,NULL,'CT'),(1200,'DT037','Hồ Thanh Tuấn','2025-07-05','Thứ 7','0:00',0,NULL,NULL,NULL,NULL,NULL,NULL,NULL,NULL,'CT/2'),(1201,'DT010','Nguyễn Trần An Tuấn','2025-06-21','Thứ 7','0:00',0,NULL,NULL,NULL,NULL,NULL,NULL,NULL,NULL,NULL),(1202,'DT010','Nguyễn Trần An Tuấn','2025-06-22','CN','0:00',0,NULL,NULL,NULL,NULL,NULL,NULL,NULL,NULL,NULL),(1203,'DT010','Nguyễn Trần An Tuấn','2025-06-23','Thứ 2','8:05',485,'7:13','11:11','13:01','17:08',NULL,NULL,NULL,NULL,NULL),(1204,'DT010','Nguyễn Trần An Tuấn','2025-06-24','Thứ 3','7:57',477,'7:11','10:58','13:02','17:12',NULL,NULL,NULL,NULL,NULL),(1205,'DT010','Nguyễn Trần An Tuấn','2025-06-25','Thứ 4','7:57',477,'7:08','11:06','13:00','16:59',NULL,NULL,NULL,NULL,NULL),(1206,'DT010','Nguyễn Trần An Tuấn','2025-06-26','Thứ 5','8:12',492,'7:03','11:03','12:58','17:10',NULL,NULL,NULL,NULL,NULL),(1207,'DT010','Nguyễn Trần An Tuấn','2025-06-27','Thứ 6','7:52',472,'7:03','11:02','13:06','16:59',NULL,NULL,NULL,NULL,NULL),(1208,'DT010','Nguyễn Trần An Tuấn','2025-06-28','Thứ 7','7:18',438,'7:11','10:51','13:12','16:50',NULL,NULL,NULL,NULL,NULL),(1209,'DT010','Nguyễn Trần An Tuấn','2025-06-29','CN','0:00',0,NULL,NULL,NULL,NULL,NULL,NULL,NULL,NULL,NULL),(1210,'DT010','Nguyễn Trần An Tuấn','2025-06-30','Thứ 2','7:51',471,'7:07','10:55','13:08','17:11',NULL,NULL,NULL,NULL,NULL),(1211,'DT010','Nguyễn Trần An Tuấn','2025-07-01','Thứ 3','7:52',472,'7:06','10:58','13:06','17:06',NULL,NULL,NULL,NULL,NULL),(1212,'DT010','Nguyễn Trần An Tuấn','2025-07-02','Thứ 4','8:04',484,'6:59','10:56','13:08','17:15',NULL,NULL,NULL,NULL,NULL),(1213,'DT010','Nguyễn Trần An Tuấn','2025-07-03','Thứ 5','8:10',490,'7:11','11:02','13:04','17:23',NULL,NULL,NULL,NULL,NULL),(1214,'DT010','Nguyễn Trần An Tuấn','2025-07-04','Thứ 6','7:44',464,'7:02','10:59','13:09','16:56',NULL,NULL,NULL,NULL,NULL),(1215,'DT010','Nguyễn Trần An Tuấn','2025-07-05','Thứ 7','0:00',0,NULL,NULL,NULL,NULL,NULL,NULL,NULL,NULL,NULL),(1216,'XD090','Nguyễn Huy Vững','2025-06-21','Thứ 7','0:00',0,NULL,NULL,NULL,NULL,NULL,NULL,NULL,NULL,NULL),(1217,'XD090','Nguyễn Huy Vững','2025-06-22','CN','0:00',0,NULL,NULL,NULL,NULL,NULL,NULL,NULL,NULL,NULL),(1218,'XD090','Nguyễn Huy Vững','2025-06-23','Thứ 2','0:00',0,NULL,NULL,NULL,NULL,NULL,NULL,NULL,NULL,'NB'),(1219,'XD090','Nguyễn Huy Vững','2025-06-24','Thứ 3','0:00',0,NULL,NULL,NULL,NULL,NULL,NULL,NULL,NULL,'NB'),(1220,'XD090','Nguyễn Huy Vững','2025-06-25','Thứ 4','0:00',0,NULL,NULL,NULL,NULL,NULL,NULL,NULL,NULL,'NB'),(1221,'XD090','Nguyễn Huy Vững','2025-06-26','Thứ 5','0:00',0,NULL,NULL,NULL,NULL,NULL,NULL,NULL,NULL,'NB'),(1222,'XD090','Nguyễn Huy Vững','2025-06-27','Thứ 6','0:00',0,NULL,NULL,NULL,NULL,NULL,NULL,NULL,NULL,'P'),(1223,'XD090','Nguyễn Huy Vững','2025-06-28','Thứ 7','0:00',0,NULL,NULL,NULL,NULL,NULL,NULL,NULL,NULL,NULL),(1224,'XD090','Nguyễn Huy Vững','2025-06-29','CN','0:00',0,NULL,NULL,NULL,NULL,NULL,NULL,NULL,NULL,NULL),(1225,'XD090','Nguyễn Huy Vững','2025-06-30','Thứ 2','0:00',0,NULL,NULL,NULL,NULL,NULL,NULL,NULL,NULL,NULL),(1226,'XD090','Nguyễn Huy Vững','2025-07-01','Thứ 3','0:00',0,NULL,NULL,NULL,NULL,NULL,NULL,NULL,NULL,NULL),(1227,'XD090','Nguyễn Huy Vững','2025-07-02','Thứ 4','8:34',514,'7:12','11:36','13:10','17:20',NULL,NULL,NULL,NULL,NULL),(1228,'XD090','Nguyễn Huy Vững','2025-07-03','Thứ 5','0:00',0,NULL,NULL,NULL,NULL,NULL,NULL,NULL,NULL,'CT'),(1229,'XD090','Nguyễn Huy Vững','2025-07-04','Thứ 6','0:00',0,NULL,NULL,NULL,NULL,NULL,NULL,NULL,NULL,'CT'),(1230,'XD090','Nguyễn Huy Vững','2025-07-05','Thứ 7','0:00',0,NULL,NULL,NULL,NULL,NULL,NULL,NULL,NULL,'CT/2'),(1231,'XD082','Trịnh Văn Thưởng','2025-06-21','Thứ 7','0:00',0,NULL,NULL,NULL,NULL,NULL,NULL,NULL,NULL,NULL),(1232,'XD082','Trịnh Văn Thưởng','2025-06-22','CN','0:00',0,NULL,NULL,NULL,NULL,NULL,NULL,NULL,NULL,NULL),(1233,'XD082','Trịnh Văn Thưởng','2025-06-23','Thứ 2','3:38',218,'7:15','10:53',NULL,NULL,NULL,NULL,NULL,NULL,NULL),(1234,'XD082','Trịnh Văn Thưởng','2025-06-24','Thứ 3','0:00',0,NULL,NULL,NULL,NULL,NULL,NULL,NULL,NULL,'CT'),(1235,'XD082','Trịnh Văn Thưởng','2025-06-25','Thứ 4','0:00',0,NULL,NULL,NULL,NULL,NULL,NULL,NULL,NULL,'CT'),(1236,'XD082','Trịnh Văn Thưởng','2025-06-26','Thứ 5','0:00',0,NULL,NULL,NULL,NULL,NULL,NULL,NULL,NULL,'CT'),(1237,'XD082','Trịnh Văn Thưởng','2025-06-27','Thứ 6','0:00',0,NULL,NULL,NULL,NULL,NULL,NULL,NULL,NULL,'CT'),(1238,'XD082','Trịnh Văn Thưởng','2025-06-28','Thứ 7','0:00',0,NULL,NULL,NULL,NULL,NULL,NULL,NULL,NULL,NULL),(1239,'XD082','Trịnh Văn Thưởng','2025-06-29','CN','0:00',0,NULL,NULL,NULL,NULL,NULL,NULL,NULL,NULL,NULL),(1240,'XD082','Trịnh Văn Thưởng','2025-06-30','Thứ 2','3:38',218,'7:37','11:15',NULL,NULL,NULL,NULL,NULL,NULL,NULL),(1241,'XD082','Trịnh Văn Thưởng','2025-07-01','Thứ 3','10:50',650,'7:01','11:19','13:19','16:57','17:38','20:32',NULL,NULL,NULL),(1242,'XD082','Trịnh Văn Thưởng','2025-07-02','Thứ 4','6:12',372,'7:12','13:24','18:40',NULL,NULL,NULL,NULL,NULL,NULL),(1243,'XD082','Trịnh Văn Thưởng','2025-07-03','Thứ 5','11:11',671,'7:10','11:49','13:03','16:55','17:41','20:21',NULL,NULL,NULL),(1244,'XD082','Trịnh Văn Thưởng','2025-07-04','Thứ 6','0:00',0,NULL,NULL,NULL,NULL,NULL,NULL,NULL,NULL,NULL),(1245,'XD082','Trịnh Văn Thưởng','2025-07-05','Thứ 7','0:00',0,NULL,NULL,NULL,NULL,NULL,NULL,NULL,NULL,NULL),(1246,'90097','Võ Phúc Anh','2025-06-21','Thứ 7','0:00',0,NULL,NULL,NULL,NULL,NULL,NULL,NULL,NULL,NULL),(1247,'90097','Võ Phúc Anh','2025-06-22','CN','0:00',0,NULL,NULL,NULL,NULL,NULL,NULL,NULL,NULL,NULL),(1248,'90097','Võ Phúc Anh','2025-06-23','Thứ 2','7:43',463,'7:20','11:10','13:00','16:53',NULL,NULL,NULL,NULL,NULL),(1249,'90097','Võ Phúc Anh','2025-06-24','Thứ 3','7:47',467,'7:15','11:03','12:57','16:56',NULL,NULL,NULL,NULL,NULL),(1250,'90097','Võ Phúc Anh','2025-06-25','Thứ 4','7:59',479,'7:28','11:22','13:17','17:22',NULL,NULL,NULL,NULL,NULL),(1251,'90097','Võ Phúc Anh','2025-06-26','Thứ 5','8:00',480,'7:02','11:02','13:07','17:07',NULL,NULL,NULL,NULL,NULL),(1252,'90097','Võ Phúc Anh','2025-06-27','Thứ 6','5:36',336,'7:09','11:25','11:45','13:05','17:15',NULL,NULL,NULL,NULL),(1253,'90097','Võ Phúc Anh','2025-06-28','Thứ 7','1:22',82,'7:48','9:10',NULL,NULL,NULL,NULL,NULL,NULL,NULL),(1254,'90097','Võ Phúc Anh','2025-06-29','CN','0:00',0,NULL,NULL,NULL,NULL,NULL,NULL,NULL,NULL,NULL),(1255,'90097','Võ Phúc Anh','2025-06-30','Thứ 2','4:11',251,'6:59','11:10','17:05',NULL,NULL,NULL,NULL,NULL,NULL),(1256,'90097','Võ Phúc Anh','2025-07-01','Thứ 3','7:28',448,'7:02','10:54','13:11','16:47',NULL,NULL,NULL,NULL,NULL),(1257,'90097','Võ Phúc Anh','2025-07-02','Thứ 4','7:48',468,'7:00','11:06','12:59','16:41',NULL,NULL,NULL,NULL,NULL),(1258,'90097','Võ Phúc Anh','2025-07-03','Thứ 5','0:00',0,NULL,NULL,NULL,NULL,NULL,NULL,NULL,NULL,'CT'),(1259,'90097','Võ Phúc Anh','2025-07-04','Thứ 6','0:00',0,NULL,NULL,NULL,NULL,NULL,NULL,NULL,NULL,'CT'),(1260,'90097','Võ Phúc Anh','2025-07-05','Thứ 7','0:00',0,NULL,NULL,NULL,NULL,NULL,NULL,NULL,NULL,'CT/2'),(1261,'GD001','Trần Phú Vinh','2025-06-21','Thứ 7','0:00',0,NULL,NULL,NULL,NULL,NULL,NULL,NULL,NULL,NULL),(1262,'GD001','Trần Phú Vinh','2025-06-22','CN','0:00',0,NULL,NULL,NULL,NULL,NULL,NULL,NULL,NULL,NULL),(1263,'GD001','Trần Phú Vinh','2025-06-23','Thứ 2','11:01',661,'6:51','10:59','11:27','18:20',NULL,NULL,NULL,NULL,NULL),(1264,'GD001','Trần Phú Vinh','2025-06-24','Thứ 3','3:42',222,'7:16','10:58','11:41',NULL,NULL,NULL,NULL,NULL,NULL),(1265,'GD001','Trần Phú Vinh','2025-06-25','Thứ 4','5:20',320,'11:36','16:56',NULL,NULL,NULL,NULL,NULL,NULL,NULL),(1266,'GD001','Trần Phú Vinh','2025-06-26','Thứ 5','9:51',591,'7:16','11:05','11:08','17:10',NULL,NULL,NULL,NULL,NULL),(1267,'GD001','Trần Phú Vinh','2025-06-27','Thứ 6','0:00',0,NULL,NULL,NULL,NULL,NULL,NULL,NULL,NULL,'P'),(1268,'GD001','Trần Phú Vinh','2025-06-28','Thứ 7','0:00',0,NULL,NULL,NULL,NULL,NULL,NULL,NULL,NULL,NULL),(1269,'GD001','Trần Phú Vinh','2025-06-29','CN','0:00',0,NULL,NULL,NULL,NULL,NULL,NULL,NULL,NULL,NULL),(1270,'GD001','Trần Phú Vinh','2025-06-30','Thứ 2','10:15',615,'6:58','11:00','11:31','17:44',NULL,NULL,NULL,NULL,NULL),(1271,'GD001','Trần Phú Vinh','2025-07-01','Thứ 3','12:35',755,'7:26','11:02','11:36','20:35',NULL,NULL,NULL,NULL,NULL),(1272,'GD001','Trần Phú Vinh','2025-07-02','Thứ 4','12:28',748,'7:26','11:01','11:23','20:16',NULL,NULL,NULL,NULL,NULL),(1273,'GD001','Trần Phú Vinh','2025-07-03','Thứ 5','0:00',0,NULL,NULL,NULL,NULL,NULL,NULL,NULL,NULL,'CT'),(1274,'GD001','Trần Phú Vinh','2025-07-04','Thứ 6','0:00',0,NULL,NULL,NULL,NULL,NULL,NULL,NULL,NULL,'CT'),(1275,'GD001','Trần Phú Vinh','2025-07-05','Thứ 7','0:00',0,NULL,NULL,NULL,NULL,NULL,NULL,NULL,NULL,'CT/2'),(1276,'90270','Võ Vương Phúc','2025-06-21','Thứ 7','0:00',0,NULL,NULL,NULL,NULL,NULL,NULL,NULL,NULL,NULL),(1277,'90270','Võ Vương Phúc','2025-06-22','CN','3:53',233,'7:12','11:05',NULL,NULL,NULL,NULL,NULL,NULL,NULL),(1278,'90270','Võ Vương Phúc','2025-06-23','Thứ 2','7:53',473,'7:09','11:03','13:06','17:05',NULL,NULL,NULL,NULL,NULL),(1279,'90270','Võ Vương Phúc','2025-06-24','Thứ 3','7:46',466,'7:10','11:02','13:08','17:02',NULL,NULL,NULL,NULL,NULL),(1280,'90270','Võ Vương Phúc','2025-06-25','Thứ 4','7:45',465,'7:12','11:02','13:12','17:07',NULL,NULL,NULL,NULL,NULL),(1281,'90270','Võ Vương Phúc','2025-06-26','Thứ 5','8:12',492,'7:02','11:02','13:10','17:22',NULL,NULL,NULL,NULL,NULL),(1282,'90270','Võ Vương Phúc','2025-06-27','Thứ 6','7:53',473,'7:16','11:08','13:06','17:07',NULL,NULL,NULL,NULL,NULL),(1283,'90270','Võ Vương Phúc','2025-06-28','Thứ 7','3:39',219,'7:26','11:05',NULL,NULL,NULL,NULL,NULL,NULL,NULL),(1284,'90270','Võ Vương Phúc','2025-06-29','CN','0:00',0,NULL,NULL,NULL,NULL,NULL,NULL,NULL,NULL,NULL),(1285,'90270','Võ Vương Phúc','2025-06-30','Thứ 2','8:13',493,'6:59','11:03','13:02','17:11',NULL,NULL,NULL,NULL,NULL),(1286,'90270','Võ Vương Phúc','2025-07-01','Thứ 3','7:52',472,'7:07','11:02','13:06','17:03',NULL,NULL,NULL,NULL,NULL),(1287,'90270','Võ Vương Phúc','2025-07-02','Thứ 4','8:25',505,'7:14','11:04','13:06','17:41',NULL,NULL,NULL,NULL,NULL),(1288,'90270','Võ Vương Phúc','2025-07-03','Thứ 5','7:55',475,'7:13','11:01','13:10','17:17',NULL,NULL,NULL,NULL,NULL),(1289,'90270','Võ Vương Phúc','2025-07-04','Thứ 6','8:49',529,'7:13','11:20','13:13','17:55',NULL,NULL,NULL,NULL,NULL),(1290,'90270','Võ Vương Phúc','2025-07-05','Thứ 7','0:00',0,NULL,NULL,NULL,NULL,NULL,NULL,NULL,NULL,NULL),(1291,'90173','Nguyễn Trường Nhu','2025-06-21','Thứ 7','0:00',0,NULL,NULL,NULL,NULL,NULL,NULL,NULL,NULL,NULL),(1292,'90173','Nguyễn Trường Nhu','2025-06-22','CN','0:00',0,NULL,NULL,NULL,NULL,NULL,NULL,NULL,NULL,NULL),(1293,'90173','Nguyễn Trường Nhu','2025-06-23','Thứ 2','0:00',0,NULL,NULL,NULL,NULL,NULL,NULL,NULL,NULL,'NB'),(1294,'90173','Nguyễn Trường Nhu','2025-06-24','Thứ 3','8:03',483,'7:05','11:19','12:51','16:40',NULL,NULL,NULL,NULL,NULL),(1295,'90173','Nguyễn Trường Nhu','2025-06-25','Thứ 4','11:29',689,'7:04','11:14','12:53','17:07','17:11','20:16',NULL,NULL,NULL),(1296,'90173','Nguyễn Trường Nhu','2025-06-26','Thứ 5','7:48',468,'7:08','11:05','12:51','16:42',NULL,NULL,NULL,NULL,NULL),(1297,'90173','Nguyễn Trường Nhu','2025-06-27','Thứ 6','7:56',476,'7:07','11:14','12:51','16:40',NULL,NULL,NULL,NULL,NULL),(1298,'90173','Nguyễn Trường Nhu','2025-06-28','Thứ 7','2:49',169,'7:22','10:11',NULL,NULL,NULL,NULL,NULL,NULL,NULL),(1299,'90173','Nguyễn Trường Nhu','2025-06-29','CN','0:00',0,NULL,NULL,NULL,NULL,NULL,NULL,NULL,NULL,NULL),(1300,'90173','Nguyễn Trường Nhu','2025-06-30','Thứ 2','8:01',481,'7:03','11:10','12:50','16:44',NULL,NULL,NULL,NULL,NULL),(1301,'90173','Nguyễn Trường Nhu','2025-07-01','Thứ 3','5:14',314,'7:02','10:42','14:58','16:32',NULL,NULL,NULL,NULL,NULL),(1302,'90173','Nguyễn Trường Nhu','2025-07-02','Thứ 4','11:39',699,'7:06','11:26','12:52','17:49','17:51','20:13',NULL,NULL,NULL),(1303,'90173','Nguyễn Trường Nhu','2025-07-03','Thứ 5','5:48',348,'7:04','12:49','16:36','16:39',NULL,NULL,NULL,NULL,NULL),(1304,'90173','Nguyễn Trường Nhu','2025-07-04','Thứ 6','9:15',555,'5:56','11:32','12:52','16:31',NULL,NULL,NULL,NULL,NULL),(1305,'90173','Nguyễn Trường Nhu','2025-07-05','Thứ 7','7:43',463,'7:04','11:12','12:54','16:29',NULL,NULL,NULL,NULL,NULL),(1306,'90171','Phạm Trần Quang Hưng','2025-06-21','Thứ 7','0:00',0,NULL,NULL,NULL,NULL,NULL,NULL,NULL,NULL,NULL),(1307,'90171','Phạm Trần Quang Hưng','2025-06-22','CN','0:00',0,NULL,NULL,NULL,NULL,NULL,NULL,NULL,NULL,NULL),(1308,'90171','Phạm Trần Quang Hưng','2025-06-23','Thứ 2','8:05',485,'6:59','11:03','13:06','17:07',NULL,NULL,NULL,NULL,NULL),(1309,'90171','Phạm Trần Quang Hưng','2025-06-24','Thứ 3','9:58',598,'7:06','11:21','11:24','17:07',NULL,NULL,NULL,NULL,NULL),(1310,'90171','Phạm Trần Quang Hưng','2025-06-25','Thứ 4','7:23',443,'7:03','11:01','13:31','16:56',NULL,NULL,NULL,NULL,NULL),(1311,'90171','Phạm Trần Quang Hưng','2025-06-26','Thứ 5','7:16',436,'7:07','11:02','13:35','16:56',NULL,NULL,NULL,NULL,NULL),(1312,'90171','Phạm Trần Quang Hưng','2025-06-27','Thứ 6','7:33',453,'7:11','11:10','13:08','16:42',NULL,NULL,NULL,NULL,NULL),(1313,'90171','Phạm Trần Quang Hưng','2025-06-28','Thứ 7','0:00',0,NULL,NULL,NULL,NULL,NULL,NULL,NULL,NULL,NULL),(1314,'90171','Phạm Trần Quang Hưng','2025-06-29','CN','0:00',0,NULL,NULL,NULL,NULL,NULL,NULL,NULL,NULL,NULL),(1315,'90171','Phạm Trần Quang Hưng','2025-06-30','Thứ 2','7:09',429,'7:06','10:53','13:36','16:58','17:03',NULL,NULL,NULL,NULL),(1316,'90171','Phạm Trần Quang Hưng','2025-07-01','Thứ 3','7:59',479,'7:04','11:27','13:32','17:08',NULL,NULL,NULL,NULL,NULL),(1317,'90171','Phạm Trần Quang Hưng','2025-07-02','Thứ 4','6:55',415,'7:36','11:05','13:33','16:59',NULL,NULL,NULL,NULL,NULL),(1318,'90171','Phạm Trần Quang Hưng','2025-07-03','Thứ 5','9:52',592,'7:02','10:50','11:07','17:11',NULL,NULL,NULL,NULL,NULL),(1319,'90171','Phạm Trần Quang Hưng','2025-07-04','Thứ 6','10:47',647,'5:57','11:34','11:38','16:48',NULL,NULL,NULL,NULL,NULL),(1320,'90171','Phạm Trần Quang Hưng','2025-07-05','Thứ 7','0:00',0,NULL,NULL,NULL,NULL,NULL,NULL,NULL,NULL,NULL),(1321,'90514','Huỳnh Quang Đức','2025-06-21','Thứ 7','0:00',0,NULL,NULL,NULL,NULL,NULL,NULL,NULL,NULL,NULL),(1322,'90514','Huỳnh Quang Đức','2025-06-22','CN','0:00',0,NULL,NULL,NULL,NULL,NULL,NULL,NULL,NULL,NULL),(1323,'90514','Huỳnh Quang Đức','2025-06-23','Thứ 2','9:19',559,'7:04','10:56','11:21','16:48',NULL,NULL,NULL,NULL,NULL),(1324,'90514','Huỳnh Quang Đức','2025-06-24','Thứ 3','8:35',515,'7:22','11:07','11:51','16:41',NULL,NULL,NULL,NULL,NULL),(1325,'90514','Huỳnh Quang Đức','2025-06-25','Thứ 4','8:54',534,'7:18','11:04','11:29','16:37',NULL,NULL,NULL,NULL,NULL),(1326,'90514','Huỳnh Quang Đức','2025-06-26','Thứ 5','9:51',591,'7:01','10:58','11:19','17:13',NULL,NULL,NULL,NULL,NULL),(1327,'90514','Huỳnh Quang Đức','2025-06-27','Thứ 6','8:52',532,'7:25','10:56','11:32','16:53',NULL,NULL,NULL,NULL,NULL),(1328,'90514','Huỳnh Quang Đức','2025-06-28','Thứ 7','0:00',0,NULL,NULL,NULL,NULL,NULL,NULL,NULL,NULL,NULL),(1329,'90514','Huỳnh Quang Đức','2025-06-29','CN','0:00',0,NULL,NULL,NULL,NULL,NULL,NULL,NULL,NULL,NULL),(1330,'90514','Huỳnh Quang Đức','2025-06-30','Thứ 2','0:33',33,'10:59','11:32','16:45',NULL,NULL,NULL,NULL,NULL,NULL),(1331,'90514','Huỳnh Quang Đức','2025-07-01','Thứ 3','9:10',550,'7:26','10:59','11:22','16:59',NULL,NULL,NULL,NULL,NULL),(1332,'90514','Huỳnh Quang Đức','2025-07-02','Thứ 4','8:56',536,'7:29','11:46','12:11','16:50',NULL,NULL,NULL,NULL,NULL),(1333,'90514','Huỳnh Quang Đức','2025-07-03','Thứ 5','0:00',0,NULL,NULL,NULL,NULL,NULL,NULL,NULL,NULL,'CT'),(1334,'90514','Huỳnh Quang Đức','2025-07-04','Thứ 6','0:00',0,NULL,NULL,NULL,NULL,NULL,NULL,NULL,NULL,'CT'),(1335,'90514','Huỳnh Quang Đức','2025-07-05','Thứ 7','0:00',0,NULL,NULL,NULL,NULL,NULL,NULL,NULL,NULL,'CT/2'),(1336,'90767','Võ Trọng Cang','2025-06-21','Thứ 7','0:00',0,NULL,NULL,NULL,NULL,NULL,NULL,NULL,NULL,NULL),(1337,'90767','Võ Trọng Cang','2025-06-22','CN','0:00',0,NULL,NULL,NULL,NULL,NULL,NULL,NULL,NULL,NULL),(1338,'90767','Võ Trọng Cang','2025-06-23','Thứ 2','3:56',236,'6:59','10:55',NULL,NULL,NULL,NULL,NULL,NULL,NULL),(1339,'90767','Võ Trọng Cang','2025-06-24','Thứ 3','0:00',0,'16:43',NULL,NULL,NULL,NULL,NULL,NULL,NULL,NULL),(1340,'90767','Võ Trọng Cang','2025-06-25','Thứ 4','0:00',0,NULL,NULL,NULL,NULL,NULL,NULL,NULL,NULL,NULL),(1341,'90767','Võ Trọng Cang','2025-06-26','Thứ 5','0:00',0,'10:50',NULL,NULL,NULL,NULL,NULL,NULL,NULL,NULL),(1342,'90767','Võ Trọng Cang','2025-06-27','Thứ 6','11:00',660,'7:13','18:13',NULL,NULL,NULL,NULL,NULL,NULL,NULL),(1343,'90767','Võ Trọng Cang','2025-06-28','Thứ 7','0:00',0,NULL,NULL,NULL,NULL,NULL,NULL,NULL,NULL,NULL),(1344,'90767','Võ Trọng Cang','2025-06-29','CN','0:00',0,NULL,NULL,NULL,NULL,NULL,NULL,NULL,NULL,NULL),(1345,'90767','Võ Trọng Cang','2025-06-30','Thứ 2','10:22',622,'7:08','17:30',NULL,NULL,NULL,NULL,NULL,NULL,NULL),(1346,'90767','Võ Trọng Cang','2025-07-01','Thứ 3','3:16',196,'13:13','16:29',NULL,NULL,NULL,NULL,NULL,NULL,NULL),(1347,'90767','Võ Trọng Cang','2025-07-02','Thứ 4','0:00',0,NULL,NULL,NULL,NULL,NULL,NULL,NULL,NULL,NULL),(1348,'90767','Võ Trọng Cang','2025-07-03','Thứ 5','3:46',226,'6:58','10:44',NULL,NULL,NULL,NULL,NULL,NULL,NULL),(1349,'90767','Võ Trọng Cang','2025-07-04','Thứ 6','0:05',5,'6:55','7:00','16:39',NULL,NULL,NULL,NULL,NULL,NULL),(1350,'90767','Võ Trọng Cang','2025-07-05','Thứ 7','9:23',563,'7:11','16:34',NULL,NULL,NULL,NULL,NULL,NULL,NULL),(1351,'90783','Vũ Đức Quý','2025-06-21','Thứ 7','0:00',0,NULL,NULL,NULL,NULL,NULL,NULL,NULL,NULL,NULL),(1352,'90783','Vũ Đức Quý','2025-06-22','CN','0:00',0,NULL,NULL,NULL,NULL,NULL,NULL,NULL,NULL,NULL),(1353,'90783','Vũ Đức Quý','2025-06-23','Thứ 2','7:54',474,'7:20','11:10','13:11','17:15',NULL,NULL,NULL,NULL,NULL),(1354,'90783','Vũ Đức Quý','2025-06-24','Thứ 3','7:51',471,'7:12','10:59','13:16','17:20',NULL,NULL,NULL,NULL,NULL),(1355,'90783','Vũ Đức Quý','2025-06-25','Thứ 4','3:43',223,'7:21','11:01','12:59','13:02','17:21',NULL,NULL,NULL,NULL),(1356,'90783','Vũ Đức Quý','2025-06-26','Thứ 5','8:14',494,'7:14','11:09','12:58','17:17',NULL,NULL,NULL,NULL,NULL),(1357,'90783','Vũ Đức Quý','2025-06-27','Thứ 6','8:35',515,'7:10','11:09','12:52','17:28',NULL,NULL,NULL,NULL,NULL),(1358,'90783','Vũ Đức Quý','2025-06-28','Thứ 7','0:00',0,NULL,NULL,NULL,NULL,NULL,NULL,NULL,NULL,NULL),(1359,'90783','Vũ Đức Quý','2025-06-29','CN','0:00',0,NULL,NULL,NULL,NULL,NULL,NULL,NULL,NULL,NULL),(1360,'90783','Vũ Đức Quý','2025-06-30','Thứ 2','8:09',489,'7:20','11:16','13:17','17:30',NULL,NULL,NULL,NULL,NULL),(1361,'90783','Vũ Đức Quý','2025-07-01','Thứ 3','4:35',275,'12:33','17:08','18:04',NULL,NULL,NULL,NULL,NULL,NULL),(1362,'90783','Vũ Đức Quý','2025-07-02','Thứ 4','7:42',462,'7:21','11:14','13:22','17:11',NULL,NULL,NULL,NULL,NULL),(1363,'90783','Vũ Đức Quý','2025-07-03','Thứ 5','7:51',471,'7:23','11:05','13:03','17:12',NULL,NULL,NULL,NULL,NULL),(1364,'90783','Vũ Đức Quý','2025-07-04','Thứ 6','8:01',481,'7:12','10:53','13:11','17:31',NULL,NULL,NULL,NULL,NULL),(1365,'90783','Vũ Đức Quý','2025-07-05','Thứ 7','0:00',0,NULL,NULL,NULL,NULL,NULL,NULL,NULL,NULL,NULL),(1366,'90766','Nguyễn Kim Khánh','2025-06-21','Thứ 7','5:23',323,'11:41','17:04',NULL,NULL,NULL,NULL,NULL,NULL,NULL),(1367,'90766','Nguyễn Kim Khánh','2025-06-22','CN','0:00',0,NULL,NULL,NULL,NULL,NULL,NULL,NULL,NULL,NULL),(1368,'90766','Nguyễn Kim Khánh','2025-06-23','Thứ 2','7:52',472,'7:18','11:09','13:02','17:03',NULL,NULL,NULL,NULL,NULL),(1369,'90766','Nguyễn Kim Khánh','2025-06-24','Thứ 3','8:07',487,'7:07','11:27','13:11','16:58',NULL,NULL,NULL,NULL,NULL),(1370,'90766','Nguyễn Kim Khánh','2025-06-25','Thứ 4','9:04',544,'7:17','11:04','11:29','16:46',NULL,NULL,NULL,NULL,NULL),(1371,'90766','Nguyễn Kim Khánh','2025-06-26','Thứ 5','8:18',498,'7:06','11:01','12:28','16:51',NULL,NULL,NULL,NULL,NULL),(1372,'90766','Nguyễn Kim Khánh','2025-06-27','Thứ 6','8:56',536,'7:12','11:07','11:50','16:51',NULL,NULL,NULL,NULL,NULL),(1373,'90766','Nguyễn Kim Khánh','2025-06-28','Thứ 7','0:00',0,NULL,NULL,NULL,NULL,NULL,NULL,NULL,NULL,NULL),(1374,'90766','Nguyễn Kim Khánh','2025-06-29','CN','0:00',0,NULL,NULL,NULL,NULL,NULL,NULL,NULL,NULL,NULL),(1375,'90766','Nguyễn Kim Khánh','2025-06-30','Thứ 2','8:31',511,'7:24','11:14','12:11','16:52',NULL,NULL,NULL,NULL,NULL),(1376,'90766','Nguyễn Kim Khánh','2025-07-01','Thứ 3','9:05',545,'7:05','10:58','11:36','16:48',NULL,NULL,NULL,NULL,NULL),(1377,'90766','Nguyễn Kim Khánh','2025-07-02','Thứ 4','8:36',516,'7:06','11:13','12:13','16:42',NULL,NULL,NULL,NULL,NULL),(1378,'90766','Nguyễn Kim Khánh','2025-07-03','Thứ 5','9:04',544,'7:06','11:12','11:45','16:43',NULL,NULL,NULL,NULL,NULL),(1379,'90766','Nguyễn Kim Khánh','2025-07-04','Thứ 6','7:38',458,'7:11','10:59','12:54','16:44',NULL,NULL,NULL,NULL,NULL),(1380,'90766','Nguyễn Kim Khánh','2025-07-05','Thứ 7','0:00',0,NULL,NULL,NULL,NULL,NULL,NULL,NULL,NULL,NULL),(1381,'90780','Trần Nguyễn Thanh Bình','2025-06-21','Thứ 7','0:00',0,NULL,NULL,NULL,NULL,NULL,NULL,NULL,NULL,NULL),(1382,'90780','Trần Nguyễn Thanh Bình','2025-06-22','CN','0:00',0,NULL,NULL,NULL,NULL,NULL,NULL,NULL,NULL,NULL),(1383,'90780','Trần Nguyễn Thanh Bình','2025-06-23','Thứ 2','9:20',560,'6:57','11:06','11:30','16:41',NULL,NULL,NULL,NULL,NULL),(1384,'90780','Trần Nguyễn Thanh Bình','2025-06-24','Thứ 3','3:58',238,'6:58','10:56',NULL,NULL,NULL,NULL,NULL,NULL,NULL),(1385,'90780','Trần Nguyễn Thanh Bình','2025-06-25','Thứ 4','4:01',241,'6:56','10:57',NULL,NULL,NULL,NULL,NULL,NULL,NULL),(1386,'90780','Trần Nguyễn Thanh Bình','2025-06-26','Thứ 5','4:10',250,'6:59','11:09',NULL,NULL,NULL,NULL,NULL,NULL,NULL),(1387,'90780','Trần Nguyễn Thanh Bình','2025-06-27','Thứ 6','0:00',0,NULL,NULL,NULL,NULL,NULL,NULL,NULL,NULL,NULL),(1388,'90780','Trần Nguyễn Thanh Bình','2025-06-28','Thứ 7','0:00',0,NULL,NULL,NULL,NULL,NULL,NULL,NULL,NULL,NULL),(1389,'90780','Trần Nguyễn Thanh Bình','2025-06-29','CN','0:00',0,NULL,NULL,NULL,NULL,NULL,NULL,NULL,NULL,NULL),(1390,'90780','Trần Nguyễn Thanh Bình','2025-06-30','Thứ 2','9:18',558,'6:53','11:03','11:33','16:41',NULL,NULL,NULL,NULL,NULL),(1391,'90780','Trần Nguyễn Thanh Bình','2025-07-01','Thứ 3','4:00',240,'6:55','10:55',NULL,NULL,NULL,NULL,NULL,NULL,NULL),(1392,'90780','Trần Nguyễn Thanh Bình','2025-07-02','Thứ 4','3:59',239,'6:55','10:54',NULL,NULL,NULL,NULL,NULL,NULL,NULL),(1393,'90780','Trần Nguyễn Thanh Bình','2025-07-03','Thứ 5','3:55',235,'6:57','10:52',NULL,NULL,NULL,NULL,NULL,NULL,NULL),(1394,'90780','Trần Nguyễn Thanh Bình','2025-07-04','Thứ 6','0:00',0,NULL,NULL,NULL,NULL,NULL,NULL,NULL,NULL,NULL),(1395,'90780','Trần Nguyễn Thanh Bình','2025-07-05','Thứ 7','0:00',0,NULL,NULL,NULL,NULL,NULL,NULL,NULL,NULL,NULL),(1396,'90761','Nguyễn Xuân Bản','2025-06-21','Thứ 7','0:00',0,NULL,NULL,NULL,NULL,NULL,NULL,NULL,NULL,NULL),(1397,'90761','Nguyễn Xuân Bản','2025-06-22','CN','0:00',0,NULL,NULL,NULL,NULL,NULL,NULL,NULL,NULL,NULL),(1398,'90761','Nguyễn Xuân Bản','2025-06-23','Thứ 2','8:33',513,'6:46','11:22','12:59','16:56',NULL,NULL,NULL,NULL,NULL),(1399,'90761','Nguyễn Xuân Bản','2025-06-24','Thứ 3','8:35',515,'6:54','10:50','12:57','17:36',NULL,NULL,NULL,NULL,NULL),(1400,'90761','Nguyễn Xuân Bản','2025-06-25','Thứ 4','7:31',451,'6:58','10:43','13:00','16:46',NULL,NULL,NULL,NULL,NULL),(1401,'90761','Nguyễn Xuân Bản','2025-06-26','Thứ 5','7:49',469,'6:50','10:44','13:02','16:57',NULL,NULL,NULL,NULL,NULL),(1402,'90761','Nguyễn Xuân Bản','2025-06-27','Thứ 6','7:55',475,'6:59','10:59','12:57','16:52',NULL,NULL,NULL,NULL,NULL),(1403,'90761','Nguyễn Xuân Bản','2025-06-28','Thứ 7','3:53',233,'6:52','10:45','16:32',NULL,NULL,NULL,NULL,NULL,NULL),(1404,'90761','Nguyễn Xuân Bản','2025-06-29','CN','0:00',0,NULL,NULL,NULL,NULL,NULL,NULL,NULL,NULL,NULL),(1405,'90761','Nguyễn Xuân Bản','2025-06-30','Thứ 2','0:00',0,NULL,NULL,NULL,NULL,NULL,NULL,NULL,NULL,'NB'),(1406,'90761','Nguyễn Xuân Bản','2025-07-01','Thứ 3','7:52',472,'6:46','10:48','13:00','16:50',NULL,NULL,NULL,NULL,NULL),(1407,'90761','Nguyễn Xuân Bản','2025-07-02','Thứ 4','7:50',470,'6:54','10:58','13:03','16:49',NULL,NULL,NULL,NULL,NULL),(1408,'90761','Nguyễn Xuân Bản','2025-07-03','Thứ 5','7:50',470,'6:50','10:46','12:58','16:52',NULL,NULL,NULL,NULL,NULL),(1409,'90761','Nguyễn Xuân Bản','2025-07-04','Thứ 6','0:00',0,NULL,NULL,NULL,NULL,NULL,NULL,NULL,NULL,NULL),(1410,'90761','Nguyễn Xuân Bản','2025-07-05','Thứ 7','4:11',251,'6:44','10:55','16:33',NULL,NULL,NULL,NULL,NULL,NULL),(1411,'90747','Lê Văn Út','2025-06-21','Thứ 7','0:00',0,NULL,NULL,NULL,NULL,NULL,NULL,NULL,NULL,NULL),(1412,'90747','Lê Văn Út','2025-06-22','CN','0:00',0,NULL,NULL,NULL,NULL,NULL,NULL,NULL,NULL,NULL),(1413,'90747','Lê Văn Út','2025-06-23','Thứ 2','9:04',544,'7:11','11:41','12:28','17:02',NULL,NULL,NULL,NULL,NULL),(1414,'90747','Lê Văn Út','2025-06-24','Thứ 3','0:00',0,NULL,NULL,NULL,NULL,NULL,NULL,NULL,NULL,NULL),(1415,'90747','Lê Văn Út','2025-06-25','Thứ 4','0:00',0,NULL,NULL,NULL,NULL,NULL,NULL,NULL,NULL,NULL),(1416,'90747','Lê Văn Út','2025-06-26','Thứ 5','0:00',0,NULL,NULL,NULL,NULL,NULL,NULL,NULL,NULL,NULL),(1417,'90747','Lê Văn Út','2025-06-27','Thứ 6','0:00',0,NULL,NULL,NULL,NULL,NULL,NULL,NULL,NULL,NULL),(1418,'90747','Lê Văn Út','2025-06-28','Thứ 7','0:00',0,NULL,NULL,NULL,NULL,NULL,NULL,NULL,NULL,NULL),(1419,'90747','Lê Văn Út','2025-06-29','CN','0:00',0,NULL,NULL,NULL,NULL,NULL,NULL,NULL,NULL,NULL),(1420,'90747','Lê Văn Út','2025-06-30','Thứ 2','9:15',555,'6:59','12:10','13:05','17:09',NULL,NULL,NULL,NULL,NULL),(1421,'90747','Lê Văn Út','2025-07-01','Thứ 3','0:00',0,NULL,NULL,NULL,NULL,NULL,NULL,NULL,NULL,NULL),(1422,'90747','Lê Văn Út','2025-07-02','Thứ 4','0:00',0,NULL,NULL,NULL,NULL,NULL,NULL,NULL,NULL,NULL),(1423,'90747','Lê Văn Út','2025-07-03','Thứ 5','0:00',0,NULL,NULL,NULL,NULL,NULL,NULL,NULL,NULL,NULL),(1424,'90747','Lê Văn Út','2025-07-04','Thứ 6','8:54',534,'7:23','10:54','11:29','16:52',NULL,NULL,NULL,NULL,NULL),(1425,'90747','Lê Văn Út','2025-07-05','Thứ 7','0:00',0,NULL,NULL,NULL,NULL,NULL,NULL,NULL,NULL,NULL),(1426,'90872','Nguyễn Quân','2025-06-21','Thứ 7','9:47',587,'7:16','11:40','13:26','18:49',NULL,NULL,NULL,NULL,NULL),(1427,'90872','Nguyễn Quân','2025-06-22','CN','0:00',0,NULL,NULL,NULL,NULL,NULL,NULL,NULL,NULL,NULL),(1428,'90872','Nguyễn Quân','2025-06-23','Thứ 2','11:00',660,'7:28','11:45','13:24','20:07',NULL,NULL,NULL,NULL,NULL),(1429,'90872','Nguyễn Quân','2025-06-24','Thứ 3','0:00',0,NULL,NULL,NULL,NULL,NULL,NULL,NULL,NULL,'CT'),(1430,'90872','Nguyễn Quân','2025-06-25','Thứ 4','0:00',0,NULL,NULL,NULL,NULL,NULL,NULL,NULL,NULL,'CT'),(1431,'90872','Nguyễn Quân','2025-06-26','Thứ 5','0:00',0,NULL,NULL,NULL,NULL,NULL,NULL,NULL,NULL,'CT'),(1432,'90872','Nguyễn Quân','2025-06-27','Thứ 6','0:00',0,NULL,NULL,NULL,NULL,NULL,NULL,NULL,NULL,'CT'),(1433,'90872','Nguyễn Quân','2025-06-28','Thứ 7','0:00',0,NULL,NULL,NULL,NULL,NULL,NULL,NULL,NULL,NULL),(1434,'90872','Nguyễn Quân','2025-06-29','CN','6:50',410,'7:59','14:49',NULL,NULL,NULL,NULL,NULL,NULL,NULL),(1435,'90872','Nguyễn Quân','2025-06-30','Thứ 2','11:20',680,'7:28','11:48','13:30','20:30',NULL,NULL,NULL,NULL,NULL),(1436,'90872','Nguyễn Quân','2025-07-01','Thứ 3','7:59',479,'7:36','11:43','13:29','17:21',NULL,NULL,NULL,NULL,NULL),(1437,'90872','Nguyễn Quân','2025-07-02','Thứ 4','11:39',699,'7:24','12:02','13:26','20:27',NULL,NULL,NULL,NULL,NULL),(1438,'90872','Nguyễn Quân','2025-07-03','Thứ 5','0:00',0,NULL,NULL,NULL,NULL,NULL,NULL,NULL,NULL,'CT'),(1439,'90872','Nguyễn Quân','2025-07-04','Thứ 6','0:00',0,NULL,NULL,NULL,NULL,NULL,NULL,NULL,NULL,'CT'),(1440,'90872','Nguyễn Quân','2025-07-05','Thứ 7','10:23',623,'6:54','17:17',NULL,NULL,NULL,NULL,NULL,NULL,NULL),(1441,'90849','Stanislav Rizevsky','2025-06-21','Thứ 7','0:00',0,NULL,NULL,NULL,NULL,NULL,NULL,NULL,NULL,NULL),(1442,'90849','Stanislav Rizevsky','2025-06-22','CN','0:00',0,NULL,NULL,NULL,NULL,NULL,NULL,NULL,NULL,NULL),(1443,'90849','Stanislav Rizevsky','2025-06-23','Thứ 2','7:30',450,'6:48','10:44','13:17','16:51',NULL,NULL,NULL,NULL,NULL),(1444,'90849','Stanislav Rizevsky','2025-06-24','Thứ 3','6:54',414,'7:13','10:44','13:32','16:55',NULL,NULL,NULL,NULL,NULL),(1445,'90849','Stanislav Rizevsky','2025-06-25','Thứ 4','7:11',431,'7:10','10:44','13:09','16:46',NULL,NULL,NULL,NULL,NULL),(1446,'90849','Stanislav Rizevsky','2025-06-26','Thứ 5','7:22',442,'7:05','10:46','13:04','16:45',NULL,NULL,NULL,NULL,NULL),(1447,'90849','Stanislav Rizevsky','2025-06-27','Thứ 6','8:37',517,'6:47','10:44','12:10','16:50',NULL,NULL,NULL,NULL,NULL),(1448,'90849','Stanislav Rizevsky','2025-06-28','Thứ 7','0:00',0,NULL,NULL,NULL,NULL,NULL,NULL,NULL,NULL,NULL),(1449,'90849','Stanislav Rizevsky','2025-06-29','CN','0:00',0,NULL,NULL,NULL,NULL,NULL,NULL,NULL,NULL,NULL),(1450,'90849','Stanislav Rizevsky','2025-06-30','Thứ 2','7:41',461,'6:53','10:52','13:04','16:46',NULL,NULL,NULL,NULL,NULL),(1451,'90849','Stanislav Rizevsky','2025-07-01','Thứ 3','8:42',522,'7:12','11:54','12:42','16:42',NULL,NULL,NULL,NULL,NULL),(1452,'90849','Stanislav Rizevsky','2025-07-02','Thứ 4','7:05',425,'7:02','10:43','13:14','16:38',NULL,NULL,NULL,NULL,NULL),(1453,'90849','Stanislav Rizevsky','2025-07-03','Thứ 5','8:09',489,'7:08','10:48','12:02','16:31',NULL,NULL,NULL,NULL,NULL),(1454,'90849','Stanislav Rizevsky','2025-07-04','Thứ 6','9:01',541,'6:53','10:53','11:48','16:49',NULL,NULL,NULL,NULL,NULL),(1455,'90849','Stanislav Rizevsky','2025-07-05','Thứ 7','0:00',0,NULL,NULL,NULL,NULL,NULL,NULL,NULL,NULL,NULL),(1456,'90972','Đỗ Công Ngọc','2025-06-21','Thứ 7','0:00',0,NULL,NULL,NULL,NULL,NULL,NULL,NULL,NULL,NULL),(1457,'90972','Đỗ Công Ngọc','2025-06-22','CN','0:00',0,NULL,NULL,NULL,NULL,NULL,NULL,NULL,NULL,NULL),(1458,'90972','Đỗ Công Ngọc','2025-06-23','Thứ 2','9:23',563,'7:01','10:51','11:20','16:53',NULL,NULL,NULL,NULL,NULL),(1459,'90972','Đỗ Công Ngọc','2025-06-24','Thứ 3','9:26',566,'6:55','10:58','11:28','16:51',NULL,NULL,NULL,NULL,NULL),(1460,'90972','Đỗ Công Ngọc','2025-06-25','Thứ 4','5:33',333,'6:52','10:56','11:28','12:57','16:43',NULL,NULL,NULL,NULL),(1461,'90972','Đỗ Công Ngọc','2025-06-26','Thứ 5','9:28',568,'7:01','10:53','11:19','16:55',NULL,NULL,NULL,NULL,NULL),(1462,'90972','Đỗ Công Ngọc','2025-06-27','Thứ 6','0:00',0,NULL,NULL,NULL,NULL,NULL,NULL,NULL,NULL,NULL),(1463,'90972','Đỗ Công Ngọc','2025-06-28','Thứ 7','0:00',0,NULL,NULL,NULL,NULL,NULL,NULL,NULL,NULL,NULL),(1464,'90972','Đỗ Công Ngọc','2025-06-29','CN','0:00',0,NULL,NULL,NULL,NULL,NULL,NULL,NULL,NULL,NULL),(1465,'90972','Đỗ Công Ngọc','2025-06-30','Thứ 2','8:38',518,'7:51','10:56','11:20','16:53',NULL,NULL,NULL,NULL,NULL),(1466,'90972','Đỗ Công Ngọc','2025-07-01','Thứ 3','10:01',601,'6:57','10:59','11:22','17:21',NULL,NULL,NULL,NULL,NULL),(1467,'90972','Đỗ Công Ngọc','2025-07-02','Thứ 4','9:18',558,'7:08','10:55','11:19','16:50',NULL,NULL,NULL,NULL,NULL),(1468,'90972','Đỗ Công Ngọc','2025-07-03','Thứ 5','0:00',0,NULL,NULL,NULL,NULL,NULL,NULL,NULL,NULL,'CT'),(1469,'90972','Đỗ Công Ngọc','2025-07-04','Thứ 6','0:00',0,NULL,NULL,NULL,NULL,NULL,NULL,NULL,NULL,'CT'),(1470,'90972','Đỗ Công Ngọc','2025-07-05','Thứ 7','0:00',0,NULL,NULL,NULL,NULL,NULL,NULL,NULL,NULL,'CT/2'),(1471,'90928','Nguyễn Hồ Hải','2025-06-21','Thứ 7','0:00',0,NULL,NULL,NULL,NULL,NULL,NULL,NULL,NULL,NULL),(1472,'90928','Nguyễn Hồ Hải','2025-06-22','CN','0:00',0,NULL,NULL,NULL,NULL,NULL,NULL,NULL,NULL,NULL),(1473,'90928','Nguyễn Hồ Hải','2025-06-23','Thứ 2','9:09',549,'7:25','10:58','11:21','16:57',NULL,NULL,NULL,NULL,NULL),(1474,'90928','Nguyễn Hồ Hải','2025-06-24','Thứ 3','4:11',251,'6:56','11:07','16:38',NULL,NULL,NULL,NULL,NULL,NULL),(1475,'90928','Nguyễn Hồ Hải','2025-06-25','Thứ 4','0:25',25,'11:04','11:29','16:39',NULL,NULL,NULL,NULL,NULL,NULL),(1476,'90928','Nguyễn Hồ Hải','2025-06-26','Thứ 5','9:18',558,'7:00','10:53','11:19','16:44',NULL,NULL,NULL,NULL,NULL),(1477,'90928','Nguyễn Hồ Hải','2025-06-27','Thứ 6','9:31',571,'6:35','10:56','11:33','16:43',NULL,NULL,NULL,NULL,NULL),(1478,'90928','Nguyễn Hồ Hải','2025-06-28','Thứ 7','0:00',0,NULL,NULL,NULL,NULL,NULL,NULL,NULL,NULL,NULL),(1479,'90928','Nguyễn Hồ Hải','2025-06-29','CN','0:00',0,NULL,NULL,NULL,NULL,NULL,NULL,NULL,NULL,NULL),(1480,'90928','Nguyễn Hồ Hải','2025-06-30','Thứ 2','9:02',542,'7:10','11:00','11:32','16:44',NULL,NULL,NULL,NULL,NULL),(1481,'90928','Nguyễn Hồ Hải','2025-07-01','Thứ 3','9:42',582,'6:39','10:59','11:22','16:44',NULL,NULL,NULL,NULL,NULL),(1482,'90928','Nguyễn Hồ Hải','2025-07-02','Thứ 4','4:30',270,'6:51','11:21','16:40',NULL,NULL,NULL,NULL,NULL,NULL),(1483,'90928','Nguyễn Hồ Hải','2025-07-03','Thứ 5','9:09',549,'7:00','10:54','11:19','16:34',NULL,NULL,NULL,NULL,NULL),(1484,'90928','Nguyễn Hồ Hải','2025-07-04','Thứ 6','9:26',566,'6:45','10:48','11:12','16:35',NULL,NULL,NULL,NULL,NULL),(1485,'90928','Nguyễn Hồ Hải','2025-07-05','Thứ 7','0:00',0,NULL,NULL,NULL,NULL,NULL,NULL,NULL,NULL,NULL),(1486,'91047','Ngô Thị Phương Dung','2025-06-21','Thứ 7','0:00',0,NULL,NULL,NULL,NULL,NULL,NULL,NULL,NULL,NULL),(1487,'91047','Ngô Thị Phương Dung','2025-06-22','CN','0:00',0,NULL,NULL,NULL,NULL,NULL,NULL,NULL,NULL,NULL),(1488,'91047','Ngô Thị Phương Dung','2025-06-23','Thứ 2','9:32',572,'7:04','10:57','11:03','16:42',NULL,NULL,NULL,NULL,NULL),(1489,'91047','Ngô Thị Phương Dung','2025-06-24','Thứ 3','10:34',634,'7:12','12:28','12:39','17:57',NULL,NULL,NULL,NULL,NULL),(1490,'91047','Ngô Thị Phương Dung','2025-06-25','Thứ 4','10:18',618,'7:22','11:02','11:09','17:47',NULL,NULL,NULL,NULL,NULL),(1491,'91047','Ngô Thị Phương Dung','2025-06-26','Thứ 5','9:41',581,'7:09','12:50','12:55','16:55',NULL,NULL,NULL,NULL,NULL),(1492,'91047','Ngô Thị Phương Dung','2025-06-27','Thứ 6','9:43',583,'7:17','13:16','13:18','17:02',NULL,NULL,NULL,NULL,NULL),(1493,'91047','Ngô Thị Phương Dung','2025-06-28','Thứ 7','8:45',525,'9:03','17:48',NULL,NULL,NULL,NULL,NULL,NULL,NULL),(1494,'91047','Ngô Thị Phương Dung','2025-06-29','CN','0:00',0,NULL,NULL,NULL,NULL,NULL,NULL,NULL,NULL,NULL),(1495,'91047','Ngô Thị Phương Dung','2025-06-30','Thứ 2','10:34',634,'7:11','10:58','11:04','17:51',NULL,NULL,NULL,NULL,NULL),(1496,'91047','Ngô Thị Phương Dung','2025-07-01','Thứ 3','11:16',676,'7:22','12:07','12:10','18:41',NULL,NULL,NULL,NULL,NULL),(1497,'91047','Ngô Thị Phương Dung','2025-07-02','Thứ 4','7:26',446,'7:17','11:00','13:08','16:51',NULL,NULL,NULL,NULL,NULL),(1498,'91047','Ngô Thị Phương Dung','2025-07-03','Thứ 5','0:00',0,NULL,NULL,NULL,NULL,NULL,NULL,NULL,NULL,'NB'),(1499,'91047','Ngô Thị Phương Dung','2025-07-04','Thứ 6','9:58',598,'7:29','12:44','12:47','17:30',NULL,NULL,NULL,NULL,NULL),(1500,'91047','Ngô Thị Phương Dung','2025-07-05','Thứ 7','0:00',0,NULL,NULL,NULL,NULL,NULL,NULL,NULL,NULL,NULL),(1501,'90729','Đinh Thị Thanh Hương','2025-06-21','Thứ 7','3:46',226,'7:18','11:04',NULL,NULL,NULL,NULL,NULL,NULL,NULL),(1502,'90729','Đinh Thị Thanh Hương','2025-06-22','CN','0:00',0,NULL,NULL,NULL,NULL,NULL,NULL,NULL,NULL,NULL),(1503,'90729','Đinh Thị Thanh Hương','2025-06-23','Thứ 2','7:50',470,'7:17','11:05','12:50','16:52',NULL,NULL,NULL,NULL,NULL),(1504,'90729','Đinh Thị Thanh Hương','2025-06-24','Thứ 3','3:44',224,'7:19','11:03',NULL,NULL,NULL,NULL,NULL,NULL,NULL),(1505,'90729','Đinh Thị Thanh Hương','2025-06-25','Thứ 4','7:58',478,'7:20','11:09','12:51','17:00',NULL,NULL,NULL,NULL,NULL),(1506,'90729','Đinh Thị Thanh Hương','2025-06-26','Thứ 5','4:12',252,'7:22','11:34','12:47',NULL,NULL,NULL,NULL,NULL,NULL),(1507,'90729','Đinh Thị Thanh Hương','2025-06-27','Thứ 6','0:00',0,NULL,NULL,NULL,NULL,NULL,NULL,NULL,NULL,NULL),(1508,'90729','Đinh Thị Thanh Hương','2025-06-28','Thứ 7','0:00',0,NULL,NULL,NULL,NULL,NULL,NULL,NULL,NULL,NULL),(1509,'90729','Đinh Thị Thanh Hương','2025-06-29','CN','0:00',0,NULL,NULL,NULL,NULL,NULL,NULL,NULL,NULL,NULL),(1510,'90729','Đinh Thị Thanh Hương','2025-06-30','Thứ 2','0:00',0,NULL,NULL,NULL,NULL,NULL,NULL,NULL,NULL,NULL),(1511,'90729','Đinh Thị Thanh Hương','2025-07-01','Thứ 3','0:00',0,'11:11',NULL,NULL,NULL,NULL,NULL,NULL,NULL,NULL),(1512,'90729','Đinh Thị Thanh Hương','2025-07-02','Thứ 4','0:00',0,NULL,NULL,NULL,NULL,NULL,NULL,NULL,NULL,NULL),(1513,'90729','Đinh Thị Thanh Hương','2025-07-03','Thứ 5','4:14',254,'12:47','17:01',NULL,NULL,NULL,NULL,NULL,NULL,NULL),(1514,'90729','Đinh Thị Thanh Hương','2025-07-04','Thứ 6','7:18',438,'7:15','11:03','13:09','16:39',NULL,NULL,NULL,NULL,NULL),(1515,'90729','Đinh Thị Thanh Hương','2025-07-05','Thứ 7','0:00',0,NULL,NULL,NULL,NULL,NULL,NULL,NULL,NULL,NULL),(1516,'90725','Nguyễn Thị Thu Nguyệt','2025-06-21','Thứ 7','0:00',0,NULL,NULL,NULL,NULL,NULL,NULL,NULL,NULL,NULL),(1517,'90725','Nguyễn Thị Thu Nguyệt','2025-06-22','CN','0:00',0,NULL,NULL,NULL,NULL,NULL,NULL,NULL,NULL,NULL),(1518,'90725','Nguyễn Thị Thu Nguyệt','2025-06-23','Thứ 2','0:00',0,NULL,NULL,NULL,NULL,NULL,NULL,NULL,NULL,NULL),(1519,'90725','Nguyễn Thị Thu Nguyệt','2025-06-24','Thứ 3','0:00',0,NULL,NULL,NULL,NULL,NULL,NULL,NULL,NULL,NULL),(1520,'90725','Nguyễn Thị Thu Nguyệt','2025-06-25','Thứ 4','0:00',0,NULL,NULL,NULL,NULL,NULL,NULL,NULL,NULL,NULL),(1521,'90725','Nguyễn Thị Thu Nguyệt','2025-06-26','Thứ 5','0:00',0,NULL,NULL,NULL,NULL,NULL,NULL,NULL,NULL,NULL),(1522,'90725','Nguyễn Thị Thu Nguyệt','2025-06-27','Thứ 6','0:00',0,NULL,NULL,NULL,NULL,NULL,NULL,NULL,NULL,NULL),(1523,'90725','Nguyễn Thị Thu Nguyệt','2025-06-28','Thứ 7','0:00',0,NULL,NULL,NULL,NULL,NULL,NULL,NULL,NULL,NULL),(1524,'90725','Nguyễn Thị Thu Nguyệt','2025-06-29','CN','0:00',0,NULL,NULL,NULL,NULL,NULL,NULL,NULL,NULL,NULL),(1525,'90725','Nguyễn Thị Thu Nguyệt','2025-06-30','Thứ 2','0:00',0,NULL,NULL,NULL,NULL,NULL,NULL,NULL,NULL,NULL),(1526,'90725','Nguyễn Thị Thu Nguyệt','2025-07-01','Thứ 3','0:00',0,NULL,NULL,NULL,NULL,NULL,NULL,NULL,NULL,NULL),(1527,'90725','Nguyễn Thị Thu Nguyệt','2025-07-02','Thứ 4','0:00',0,NULL,NULL,NULL,NULL,NULL,NULL,NULL,NULL,NULL),(1528,'90725','Nguyễn Thị Thu Nguyệt','2025-07-03','Thứ 5','8:27',507,'6:52','11:04','12:52','17:07',NULL,NULL,NULL,NULL,NULL),(1529,'90725','Nguyễn Thị Thu Nguyệt','2025-07-04','Thứ 6','0:00',0,NULL,NULL,NULL,NULL,NULL,NULL,NULL,NULL,NULL),(1530,'90725','Nguyễn Thị Thu Nguyệt','2025-07-05','Thứ 7','0:00',0,NULL,NULL,NULL,NULL,NULL,NULL,NULL,NULL,NULL);
/*!40000 ALTER TABLE `cham_cong` ENABLE KEYS */;
UNLOCK TABLES;

--
-- Table structure for table `chi_tiet_nhom_yeu_thich`
--

DROP TABLE IF EXISTS `chi_tiet_nhom_yeu_thich`;
/*!40101 SET @saved_cs_client     = @@character_set_client */;
/*!50503 SET character_set_client = utf8mb4 */;
CREATE TABLE `chi_tiet_nhom_yeu_thich` (
  `ma_chi_tiet_nhom_yeu_thich` int NOT NULL AUTO_INCREMENT,
  `ma_vien_chuc` int DEFAULT NULL,
  `ma_nhom_yeu_thich` int DEFAULT NULL,
  `ho_va_ten` text CHARACTER SET utf8mb4 COLLATE utf8mb4_0900_ai_ci NOT NULL,
  PRIMARY KEY (`ma_chi_tiet_nhom_yeu_thich`),
  KEY `ma_giang_vien` (`ma_vien_chuc`),
  KEY `ma_nhom_yeu_thich` (`ma_nhom_yeu_thich`),
  CONSTRAINT `chi_tiet_nhom_yeu_thich_ibfk_2` FOREIGN KEY (`ma_nhom_yeu_thich`) REFERENCES `nhom_yeu_thich` (`ma_nhom_yeu_thich`) ON DELETE CASCADE,
  CONSTRAINT `chi_tiet_nhom_yeu_thich_ibfk_3` FOREIGN KEY (`ma_vien_chuc`) REFERENCES `vien_chuc` (`ma_tai_khoan`) ON DELETE CASCADE ON UPDATE CASCADE
) ENGINE=InnoDB AUTO_INCREMENT=23 DEFAULT CHARSET=utf8mb4 COLLATE=utf8mb4_0900_ai_ci;
/*!40101 SET character_set_client = @saved_cs_client */;

--
-- Dumping data for table `chi_tiet_nhom_yeu_thich`
--

LOCK TABLES `chi_tiet_nhom_yeu_thich` WRITE;
/*!40000 ALTER TABLE `chi_tiet_nhom_yeu_thich` DISABLE KEYS */;
INSERT INTO `chi_tiet_nhom_yeu_thich` VALUES (20,3,4,'Nguyễn Hữu Tuấn');
/*!40000 ALTER TABLE `chi_tiet_nhom_yeu_thich` ENABLE KEYS */;
UNLOCK TABLES;

--
-- Table structure for table `cong_viec`
--

DROP TABLE IF EXISTS `cong_viec`;
/*!40101 SET @saved_cs_client     = @@character_set_client */;
/*!50503 SET character_set_client = utf8mb4 */;
CREATE TABLE `cong_viec` (
  `ma_cong_viec` int NOT NULL AUTO_INCREMENT,
  `tieu_de` varchar(255) NOT NULL,
  `mo_ta` text NOT NULL,
  `ngay_tao` datetime NOT NULL,
  `ngay_hoan_thanh_du_kien` datetime DEFAULT NULL,
  `ngay_hoan_thanh` datetime DEFAULT NULL,
  `muc_do` text NOT NULL,
  `trang_thai` varchar(255) NOT NULL,
  `ma_vien_chuc_tao` int DEFAULT NULL,
  `ma_vien_chuc_chiu_trach_nhiem` int DEFAULT NULL,
  `tien_do` int NOT NULL DEFAULT '0',
  PRIMARY KEY (`ma_cong_viec`),
  KEY `ma_giang_vien_tao` (`ma_vien_chuc_tao`),
  KEY `ma_giang_vien_chiu_trach_nhiem` (`ma_vien_chuc_chiu_trach_nhiem`),
  CONSTRAINT `cong_viec_ibfk_3` FOREIGN KEY (`ma_vien_chuc_tao`) REFERENCES `vien_chuc` (`ma_tai_khoan`) ON DELETE CASCADE ON UPDATE CASCADE,
  CONSTRAINT `cong_viec_ibfk_5` FOREIGN KEY (`ma_vien_chuc_chiu_trach_nhiem`) REFERENCES `vien_chuc` (`ma_tai_khoan`) ON DELETE CASCADE ON UPDATE CASCADE
) ENGINE=InnoDB AUTO_INCREMENT=112 DEFAULT CHARSET=utf8mb4 COLLATE=utf8mb4_0900_ai_ci;
/*!40101 SET character_set_client = @saved_cs_client */;

--
-- Dumping data for table `cong_viec`
--

LOCK TABLES `cong_viec` WRITE;
/*!40000 ALTER TABLE `cong_viec` DISABLE KEYS */;
INSERT INTO `cong_viec` VALUES (92,'string','string','2025-08-04 09:05:15','2025-08-08 23:59:59','2025-08-04 09:08:43','Khẩn Cấp','Đã hoàn thành',9,141,100),(93,'string','string','2025-08-04 09:09:51','2025-08-05 23:59:59',NULL,'Khẩn Cấp','Chờ tiếp nhận',9,141,0),(94,'string','string','2025-08-04 09:34:49','2025-08-04 10:00:00',NULL,'Khẩn Cấp','Chờ tiếp nhận',9,141,0),(95,'Cv1','no\n\nCần hoàn thành các nội dung trong 1 tháng!','2025-08-04 09:37:48','2025-09-03 00:00:00',NULL,'Bình Thường','Đã hết hạn',9,1,0),(96,'cv2','Cần hoàn thành các nội dung trong 1 tháng!','2025-08-04 09:45:56','2025-09-03 00:00:00',NULL,'Bình Thường','Đã hết hạn',9,1,0),(97,'string','string','2025-08-04 13:26:17','2025-08-05 23:59:59',NULL,'Khẩn Cấp','Chờ tiếp nhận',9,141,0),(98,'string','string','2025-08-04 13:27:23','2025-08-05 23:59:59',NULL,'Khẩn Cấp','Chờ tiếp nhận',9,141,0),(99,'string','string','2025-08-04 13:29:07','2025-08-05 23:59:59',NULL,'Khẩn Cấp','Chờ tiếp nhận',9,141,0),(100,'string','string','2025-08-04 13:30:40','2025-08-05 23:59:59',NULL,'Khẩn Cấp','Chờ tiếp nhận',9,141,0),(101,'string','string','2025-08-04 13:33:26','2025-08-05 23:59:59',NULL,'Khẩn Cấp','Chờ tiếp nhận',9,141,0),(102,'string','string','2025-08-04 13:35:08','2025-08-05 23:59:59',NULL,'Khẩn Cấp','Chờ tiếp nhận',9,141,0),(103,'string','string','2025-08-04 13:35:27','2025-08-05 23:59:59',NULL,'Khẩn Cấp','Chờ tiếp nhận',9,141,0),(104,'string','string','2025-08-04 13:37:10','2025-08-05 23:59:59',NULL,'Khẩn Cấp','Chờ tiếp nhận',9,141,0),(105,'string','string','2025-08-04 13:39:48','2025-08-05 23:59:59',NULL,'Khẩn Cấp','Chờ tiếp nhận',9,141,0),(106,'string','string','2025-08-04 13:41:01','2025-08-05 23:59:59',NULL,'Khẩn Cấp','Chờ tiếp nhận',9,141,0),(107,'string','string','2025-08-04 13:42:05','2025-08-05 23:59:59',NULL,'Khẩn Cấp','Chờ tiếp nhận',9,141,0),(108,'string','string','2025-08-04 13:43:21','2025-08-05 23:59:59',NULL,'Khẩn Cấp','Chờ tiếp nhận',9,141,0),(109,'string','string','2025-08-04 13:55:56','2025-08-05 23:59:59',NULL,'Khẩn Cấp','Chờ tiếp nhận',9,141,0),(110,'string','string','2025-08-04 13:58:26','2025-08-05 23:59:59',NULL,'Khẩn Cấp','Chờ tiếp nhận',9,141,0),(111,'string','string','2025-08-04 14:45:27','2025-08-05 23:59:59',NULL,'Khẩn Cấp','Chờ tiếp nhận',9,141,0);
/*!40000 ALTER TABLE `cong_viec` ENABLE KEYS */;
UNLOCK TABLES;

--
-- Table structure for table `de_xuat`
--

DROP TABLE IF EXISTS `de_xuat`;
/*!40101 SET @saved_cs_client     = @@character_set_client */;
/*!50503 SET character_set_client = utf8mb4 */;
CREATE TABLE `de_xuat` (
  `ma_de_xuat` int NOT NULL AUTO_INCREMENT,
  `ma_cong_viec` int DEFAULT NULL,
  `ngay_hoan_thanh_de_xuat` datetime DEFAULT NULL,
  `ngay_de_xuat` datetime DEFAULT NULL,
  `li_do` text,
  `trang_thai` varchar(255) NOT NULL DEFAULT 'Chờ duyệt',
  PRIMARY KEY (`ma_de_xuat`),
  KEY `ma_cong_viec` (`ma_cong_viec`),
  CONSTRAINT `de_xuat_ibfk_1` FOREIGN KEY (`ma_cong_viec`) REFERENCES `cong_viec` (`ma_cong_viec`) ON DELETE CASCADE
) ENGINE=InnoDB AUTO_INCREMENT=2 DEFAULT CHARSET=utf8mb4 COLLATE=utf8mb4_0900_ai_ci;
/*!40101 SET character_set_client = @saved_cs_client */;

--
-- Dumping data for table `de_xuat`
--

LOCK TABLES `de_xuat` WRITE;
/*!40000 ALTER TABLE `de_xuat` DISABLE KEYS */;
INSERT INTO `de_xuat` VALUES (1,92,'2025-08-08 23:59:59','2025-08-04 09:06:11',NULL,'Đã duyệt');
/*!40000 ALTER TABLE `de_xuat` ENABLE KEYS */;
UNLOCK TABLES;

--
-- Table structure for table `dim_chuan_danh_gia_thang`
--

DROP TABLE IF EXISTS `dim_chuan_danh_gia_thang`;
/*!40101 SET @saved_cs_client     = @@character_set_client */;
/*!50503 SET character_set_client = utf8mb4 */;
CREATE TABLE `dim_chuan_danh_gia_thang` (
  `ma_chuan_danh_gia_thang` int NOT NULL AUTO_INCREMENT,
  `ma_dim_danh_gia_thang` int DEFAULT NULL,
  `ten_chuan_danh_gia_thang` varchar(255) CHARACTER SET utf8mb4 COLLATE utf8mb4_0900_ai_ci DEFAULT NULL,
  `trong_so` int DEFAULT NULL,
  PRIMARY KEY (`ma_chuan_danh_gia_thang`),
  KEY `ma_dim_danh_gia_thang` (`ma_dim_danh_gia_thang`),
  CONSTRAINT `dim_chuan_danh_gia_thang_ibfk_1` FOREIGN KEY (`ma_dim_danh_gia_thang`) REFERENCES `dim_danh_gia_thang` (`ma_dim_danh_gia_thang`) ON DELETE CASCADE ON UPDATE CASCADE
) ENGINE=InnoDB AUTO_INCREMENT=50 DEFAULT CHARSET=utf8mb4 COLLATE=utf8mb4_0900_ai_ci;
/*!40101 SET character_set_client = @saved_cs_client */;

--
-- Dumping data for table `dim_chuan_danh_gia_thang`
--

LOCK TABLES `dim_chuan_danh_gia_thang` WRITE;
/*!40000 ALTER TABLE `dim_chuan_danh_gia_thang` DISABLE KEYS */;
INSERT INTO `dim_chuan_danh_gia_thang` VALUES (1,1,'Nội quy, quy chế',15),(2,1,'Công tác tuyển sinh',3),(3,1,'Công tác truyền thông',2),(4,2,'Thực hiện công việc được giao theo chức năng, nhiệm vụ',55),(5,2,'Thực hiện công việc khác',20),(6,3,'Nâng cao trình độ, học hàm, học vị',5),(7,3,'Công tác phục vụ kiểm định',5),(8,3,'Công tác khác',4),(9,4,'Trừ 10%KPI 1 lần vi phạm/tháng',NULL),(10,4,'Trừ 20%KPI 1 lần vi phạm/tháng',NULL),(11,4,'Trừ 50%KPI 1 lần vi phạm/tháng',NULL),(12,4,'Nhiệm vụ chung',NULL),(13,5,'Chuẩn bị giảng dạy',6),(14,5,'Khối lượng giảng dạy',9),(15,5,'Phương pháp giảng dạy',22),(16,5,'Học liệu phục vụ giảng dạy',5),(17,5,'Sinh hoạt chuyên môn',4),(18,6,'Khối lượng nghiên cứu khoa học',33),(19,7,'Chỉ tiêu tuyển sinh',7),(20,7,'Công tác truyền thông, quảng bá',3),(21,7,'Lớp ngắn hạn',5),(22,7,'Chăm sóc người học',6),(23,8,'Công việc khác ',5),(24,9,'Nâng cao trình độ, học hàm, học vị',5),(25,9,'Công tác phục vụ kiểm định',5),(26,9,'Công tác khác',4),(27,10,'Trừ 10%KPI 1 lần vi phạm/tháng',NULL),(28,10,'Trừ 20%KPI 1 lần vi phạm/tháng',NULL),(29,10,'Trừ 50%KPI 1 lần vi phạm/tháng',NULL),(30,10,'Nhiệm vụ chung',NULL);
/*!40000 ALTER TABLE `dim_chuan_danh_gia_thang` ENABLE KEYS */;
UNLOCK TABLES;

--
-- Table structure for table `dim_danh_gia_thang`
--

DROP TABLE IF EXISTS `dim_danh_gia_thang`;
/*!40101 SET @saved_cs_client     = @@character_set_client */;
/*!50503 SET character_set_client = utf8mb4 */;
CREATE TABLE `dim_danh_gia_thang` (
  `ma_dim_danh_gia_thang` int NOT NULL AUTO_INCREMENT,
  `ten_dim_danh_gia_thang` varchar(255) CHARACTER SET utf8mb4 COLLATE utf8mb4_0900_ai_ci DEFAULT NULL,
  `loai` enum('Giảng viên','Nhân viên','Toàn bộ') DEFAULT NULL,
  PRIMARY KEY (`ma_dim_danh_gia_thang`)
) ENGINE=InnoDB AUTO_INCREMENT=11 DEFAULT CHARSET=utf8mb4 COLLATE=utf8mb4_0900_ai_ci;
/*!40101 SET character_set_client = @saved_cs_client */;

--
-- Dumping data for table `dim_danh_gia_thang`
--

LOCK TABLES `dim_danh_gia_thang` WRITE;
/*!40000 ALTER TABLE `dim_danh_gia_thang` DISABLE KEYS */;
INSERT INTO `dim_danh_gia_thang` VALUES (1,'Hoạt động chung','Nhân viên'),(2,'Hoạt động chuyên môn','Nhân viên'),(3,'Điểm cộng','Nhân viên'),(4,'Điểm trừ','Nhân viên'),(5,'Giảng dạy','Giảng viên'),(6,'Nghiên cứu khoa học','Giảng viên'),(7,'Công tác phục vụ','Giảng viên'),(8,'Công việc khác','Giảng viên'),(9,'Điểm cộng','Giảng viên'),(10,'Điểm trừ','Giảng viên');
/*!40000 ALTER TABLE `dim_danh_gia_thang` ENABLE KEYS */;
UNLOCK TABLES;

--
-- Table structure for table `dim_loai_phep`
--

DROP TABLE IF EXISTS `dim_loai_phep`;
/*!40101 SET @saved_cs_client     = @@character_set_client */;
/*!50503 SET character_set_client = utf8mb4 */;
CREATE TABLE `dim_loai_phep` (
  `loai_phep` varchar(63) CHARACTER SET utf8mb4 COLLATE utf8mb4_0900_ai_ci NOT NULL,
  `ten_loai_phep` varchar(63) DEFAULT NULL,
  PRIMARY KEY (`loai_phep`)
) ENGINE=InnoDB DEFAULT CHARSET=utf8mb4 COLLATE=utf8mb4_0900_ai_ci;
/*!40101 SET character_set_client = @saved_cs_client */;

--
-- Dumping data for table `dim_loai_phep`
--

LOCK TABLES `dim_loai_phep` WRITE;
/*!40000 ALTER TABLE `dim_loai_phep` DISABLE KEYS */;
INSERT INTO `dim_loai_phep` VALUES ('CT','Công tác'),('CT/2','Nửa ngày công tác'),('GT','Giải trình'),('KL','Không lương'),('KL/2','Nửa ngày không lương'),('NB','Nghỉ bù'),('NB/2','Nửa ngày nghỉ bù'),('P','Phép năm'),('P/2','Nửa ngày phép năm');
/*!40000 ALTER TABLE `dim_loai_phep` ENABLE KEYS */;
UNLOCK TABLES;

--
-- Table structure for table `dim_tieu_chi_thuc_hien`
--

DROP TABLE IF EXISTS `dim_tieu_chi_thuc_hien`;
/*!40101 SET @saved_cs_client     = @@character_set_client */;
/*!50503 SET character_set_client = utf8mb4 */;
CREATE TABLE `dim_tieu_chi_thuc_hien` (
  `ma_tieu_chi_danh_gia` int NOT NULL AUTO_INCREMENT,
  `ma_chuan_danh_gia_thang` int DEFAULT NULL,
  `ten_tieu_chi_danh_gia` varchar(510) CHARACTER SET utf8mb4 COLLATE utf8mb4_0900_ai_ci DEFAULT NULL,
  `diem_toi_da` decimal(5,1) DEFAULT '0.0',
  `diem_mac_dinh` decimal(5,1) DEFAULT '0.0',
  `trong_so` decimal(5,1) DEFAULT '0.0',
  `loai_tieu_chi` enum('thuong','phat_sinh') DEFAULT 'thuong',
  PRIMARY KEY (`ma_tieu_chi_danh_gia`),
  KEY `ma_chuan` (`ma_chuan_danh_gia_thang`),
  CONSTRAINT `dim_tieu_chi_thuc_hien_ibfk_1` FOREIGN KEY (`ma_chuan_danh_gia_thang`) REFERENCES `dim_chuan_danh_gia_thang` (`ma_chuan_danh_gia_thang`) ON DELETE CASCADE ON UPDATE CASCADE
) ENGINE=InnoDB AUTO_INCREMENT=77 DEFAULT CHARSET=utf8mb4 COLLATE=utf8mb4_0900_ai_ci;
/*!40101 SET character_set_client = @saved_cs_client */;

--
-- Dumping data for table `dim_tieu_chi_thuc_hien`
--

LOCK TABLES `dim_tieu_chi_thuc_hien` WRITE;
/*!40000 ALTER TABLE `dim_tieu_chi_thuc_hien` DISABLE KEYS */;
INSERT INTO `dim_tieu_chi_thuc_hien` VALUES (1,1,'Đồng phục, trang phục chỉnh tề theo yêu cầu, tính chất công việc',5.0,5.0,5.0,'thuong'),(2,1,'Tuân thủ giờ giấc làm việc',5.0,5.0,5.0,'thuong'),(3,2,'Hỗ trợ tham gia công tác tuyển sinh, tư vấn tuyển sinh',3.0,0.0,3.0,'thuong'),(4,3,'Viết bài',1.0,0.0,1.0,'thuong'),(5,3,'Like, share ít nhất 5 bài/tháng',1.0,0.0,1.0,'thuong'),(6,13,'Giới thiệu môn học ',10.0,10.0,1.0,'thuong'),(7,13,'Đề cương chi tiết theo mẫu\r\n\r\n',10.0,10.0,1.0,'thuong'),(8,13,'Hướng dẫn tự học',10.0,10.0,1.0,'thuong'),(9,13,'Giảng trước HĐ (cấp bộ môn)',10.0,0.0,1.0,'thuong'),(10,13,'Giảng trước HĐ (cấp Khoa)',10.0,0.0,1.0,'thuong'),(11,13,'Giảng trước HĐ (cấp Trường)',10.0,0.0,1.0,'thuong'),(13,15,'Thuyết trình sử dụng mindmap',10.0,10.0,2.0,'thuong'),(14,15,'Bài tập cá nhân',10.0,10.0,2.0,'thuong'),(15,15,'Quay clip',10.0,10.0,2.0,'thuong'),(16,15,'Tự học',10.0,10.0,3.0,'thuong'),(17,15,'Đa dạng các phương pháp kiểm tra đánh giá',10.0,10.0,2.0,'thuong'),(18,15,'Giảng dạy gắn liền với thực tế',10.0,10.0,4.0,'thuong'),(19,15,'Thực hành, thực tế',10.0,10.0,5.0,'thuong'),(20,15,'Đảm bảo các quy định về nề nếp giảng dạy',10.0,10.0,2.0,'thuong'),(21,16,'Giáo trình chuẩn kiểm định (5 năm gần nhất)',10.0,10.0,1.0,'thuong'),(22,16,'Đề cương chi tiết (theo mẫu)',10.0,10.0,1.0,'thuong'),(23,16,'Hướng dẫn tự học (theo mẫu)',10.0,10.0,2.0,'thuong'),(24,16,'Báo cáo môn học (theo mẫu)',10.0,10.0,1.0,'thuong'),(25,17,'Họp, tập huấn chuyên môn tại khoa/bộ môn',10.0,10.0,1.0,'thuong'),(26,17,'Tham gia hội thảo chuyên ngành trong và ngoài trường',10.0,0.0,1.5,'thuong'),(27,17,'Dẫn sinh viên tham gia hội thảo chuyên ngành',10.0,0.0,1.5,'thuong'),(29,19,'Hỗ trợ tham gia công tác tuyển sinh, tư vấn tuyển sinh',7.0,7.0,7.0,'thuong'),(30,20,'Viết bài',10.0,0.0,1.0,'thuong'),(31,20,'Like, share',10.0,0.0,1.0,'thuong'),(32,20,'Tư vấn tuyển sinh',10.0,0.0,1.0,'thuong'),(33,21,'Thực hiện các thủ tục mở mở lớp, tư vấn, tuyển sinh',10.0,0.0,5.0,'thuong'),(34,22,'Họp lớp định kỳ theo tháng',10.0,0.0,1.0,'thuong'),(35,22,'Theo dõi tình hình sinh viên',10.0,0.0,2.0,'thuong'),(36,22,'Nhật ký tiếp sinh viên, phụ huynh. Biên bản sự vụ ',10.0,0.0,1.0,'thuong'),(37,22,'Đánh giá RLSV (năm học)',10.0,0.0,1.0,'thuong'),(38,22,'Tư vấn từng sinh viên (có biên bản) theo tháng',10.0,0.0,1.0,'thuong'),(39,23,'Công việc khác (Dành cho GV không chăm sóc người học )',10.0,10.0,5.0,'thuong'),(40,23,'Công việc khác',10.0,10.0,2.0,'thuong'),(41,14,'Số giờ định mức giảng dạy theo tháng (Theo hợp đồng lao động)',33.0,33.0,NULL,'phat_sinh'),(42,14,'Số giờ thực đạt được trong tháng',33.0,0.0,9.0,'phat_sinh'),(43,18,'Số giờ định mức nghiên cứu khoa học theo tháng (Theo hợp đồng lao động)',0.0,0.0,33.0,'phat_sinh'),(44,18,'Số giờ nghiên cứu khoa học thực đạt trong tháng',33.0,0.0,33.0,'phat_sinh'),(45,4,'Hoàn thành các công việc trọng tâm, thường xuyên',35.0,35.0,35.0,'thuong'),(46,4,'Hoàn thành các công việc phát sinh, giao thêm',20.0,20.0,20.0,'thuong'),(47,5,'Tuân thủ các quy trình, nghiệp vụ trong giải quyết công việc, đảm bảo tiền trình kỹ thuật và an toàn lao động',4.0,4.0,4.0,'thuong'),(48,5,'Phối hợp công việc và ứng xử đúng mực với các cá nhân, đơn vị trong trường và sinh viên',5.0,5.0,5.0,'thuong'),(49,5,'Thực hiện tiết kiệm tài sản Nhà trường. Thường xuyên/Định kỳ kiểm tra, bảo dưỡng công cụ, phương tiện làm việc',3.0,3.0,3.0,'thuong'),(50,5,'Tham gia các hoạt động Đảng, Đoàn thể, phục vụ cộng đồng',2.0,0.0,2.0,'thuong'),(51,5,'Tham gia các hoạt động của BDU khi được mời hoặc triệu tập',2.0,0.0,2.0,'thuong'),(56,6,'Học tập, nâng cao trình độ chuyên môn hoặc trình độ ngoại ngữ (có chứng chỉ, chứng nhận) ',3.0,0.0,3.0,'thuong'),(57,6,'Tham gia khóa huấn luyện kỹ năng mềm/bồi dưỡng chuyên môn có chứng chỉ, chứng nhận',2.0,0.0,2.0,'thuong'),(58,7,'Tham gia phục vụ công tác kiểm định Cơ sở giáo dục, chương trình đào tạo',3.0,0.0,3.0,'thuong'),(59,7,'Tham gia công tác xếp hạng của trường',2.0,0.0,2.0,'thuong'),(60,8,'Cá nhân có công trình NCKH (bài báo, sách, giáo trình, tham luận, đề tài NCKH), đạt giải thưởng Sáng tạo khoa học công nghệ cấp tỉnh trở lên (hoặc tương đương), là tác giả của sản phẩm khoa học và công nghệ được công nhận bản quyền sở hữu trí tuệ (dưới danh nghĩa Trường ĐHBD)',2.0,0.0,2.0,'thuong'),(61,8,'Tham mưu, dự báo, đề xuất phương pháp xử lí hiệu quả những nội dung liên quan đến công việc phụ trách đến lãnh đạo đơn vị và được lãnh đạo đánh giá có chất lượng',2.0,0.0,2.0,'thuong'),(62,24,'Học tập, nâng cao trình độ chuyên môn hoặc trình độ ngoại ngữ (có chứng chỉ, chứng nhận)',0.0,0.0,0.0,'thuong'),(63,24,'Tham gia khóa huấn luyện kỹ năng mềm/bồi dưỡng chuyên môn có chứng chỉ, chứng nhận',0.0,0.0,0.0,'thuong'),(64,25,'Tham gia phục vụ công tác kiểm định Cơ sở giáo dục, chương trình đào tạo',0.0,0.0,0.0,'thuong'),(65,25,'Tham gia công tác xếp hạng của trường',0.0,0.0,0.0,'thuong'),(66,26,'Rà soát, hiệu chỉnh CTĐT định kỳ',0.0,0.0,0.0,'thuong'),(67,27,'Vi phạm quy chế, nội quy, quy định của Nhà trường, lập biên bản ghi nhận sự việc lần 1 trong 1 tháng đánh giá (-10%KPI) ',0.0,0.0,10.0,'thuong'),(68,28,'Vi phạm quy chế, nội quy, quy định của Nhà trường, lập biên bản ghi nhận sự việc lần 2 trong 1 tháng đánh giá (-20%KPI) ',0.0,0.0,20.0,'thuong'),(69,29,'Vi phạm quy chế, nội quy, quy định của Nhà trường, lập biên bản ghi nhận sự việc lần 3 trong 1 tháng đánh giá hoặc bị kỷ luật với hình thức khiển trách (-50%KPI) ',0.0,0.0,50.0,'thuong'),(70,30,'Không cập nhật văn bản nội bộ của Trường trên hệ thống quản lý văn bản hoặc có cập nhật nhưng dưới 80% văn bản (-5 điểm)',0.0,0.0,10.0,'thuong'),(71,30,'Không thực hiện ghi nhật ký công việc (10 ngày trong 1 tháng) (-5 điểm)',0.0,0.0,10.0,'thuong'),(72,9,'Vi phạm quy chế, nội quy, quy định của Nhà trường, lập biên bản ghi nhận sự việc lần 1 trong 1 tháng đánh giá (-10%KPI) ',0.0,0.0,10.0,'thuong'),(73,10,'Vi phạm quy chế, nội quy, quy định của Nhà trường, lập biên bản ghi nhận sự việc lần 2 trong 1 tháng đánh giá (-20%KPI) ',0.0,0.0,20.0,'thuong'),(74,11,'Vi phạm quy chế, nội quy, quy định của Nhà trường, lập biên bản ghi nhận sự việc lần 3 trong 1 tháng đánh giá hoặc bị kỷ luật với hình thức khiển trách (-50%KPI) ',0.0,0.0,50.0,'thuong'),(75,12,'Không cập nhật văn bản nội bộ của Trường trên hệ thống quản lý văn bản hoặc có cập nhật nhưng dưới 80% văn bản (-5 điểm)',0.0,0.0,10.0,'thuong'),(76,12,'Không thực hiện ghi nhật ký công việc (10 ngày trong 1 tháng) (-5 điểm)',0.0,0.0,10.0,'thuong');
/*!40000 ALTER TABLE `dim_tieu_chi_thuc_hien` ENABLE KEYS */;
UNLOCK TABLES;

--
-- Table structure for table `dim_trang_thai_nckh`
--

DROP TABLE IF EXISTS `dim_trang_thai_nckh`;
/*!40101 SET @saved_cs_client     = @@character_set_client */;
/*!50503 SET character_set_client = utf8mb4 */;
CREATE TABLE `dim_trang_thai_nckh` (
  `ma_row` int NOT NULL AUTO_INCREMENT,
  `ten_trang_thai` varchar(255) NOT NULL,
  `loai_hd_nckh` int DEFAULT NULL,
  `created_at` datetime DEFAULT CURRENT_TIMESTAMP,
  `updated_at` datetime DEFAULT CURRENT_TIMESTAMP ON UPDATE CURRENT_TIMESTAMP,
  PRIMARY KEY (`ma_row`),
  KEY `fk_loai_hd_nckh` (`loai_hd_nckh`),
  CONSTRAINT `fk_loai_hd_nckh` FOREIGN KEY (`loai_hd_nckh`) REFERENCES `loai_hd_nckh` (`ma_loai_hd`)
) ENGINE=InnoDB AUTO_INCREMENT=12 DEFAULT CHARSET=utf8mb4 COLLATE=utf8mb4_0900_ai_ci;
/*!40101 SET character_set_client = @saved_cs_client */;

--
-- Dumping data for table `dim_trang_thai_nckh`
--

LOCK TABLES `dim_trang_thai_nckh` WRITE;
/*!40000 ALTER TABLE `dim_trang_thai_nckh` DISABLE KEYS */;
INSERT INTO `dim_trang_thai_nckh` VALUES (1,'Đã đăng kí',NULL,'2025-07-30 15:29:18','2025-07-30 15:29:18'),(2,'Đang thực hiện',NULL,'2025-07-30 15:29:18','2025-07-30 15:29:18'),(3,'Chờ nghiệm thu',NULL,'2025-07-30 15:29:18','2025-07-30 15:29:18'),(4,'Đang nghiệm thu',NULL,'2025-07-30 15:29:18','2025-07-30 15:29:18'),(5,'Đã hoàn thành',NULL,'2025-07-30 15:29:18','2025-07-30 15:29:18'),(6,'Huỷ',NULL,'2025-07-30 15:29:18','2025-07-30 15:29:18'),(7,'Đã gửi bài',4,'2025-08-01 13:46:57','2025-08-01 13:46:57'),(8,'Đã phản biện',4,'2025-08-01 13:46:57','2025-08-01 13:46:57'),(9,'Đã chỉnh sửa phản biện',4,'2025-08-01 13:46:57','2025-08-01 13:46:57'),(10,'Ngày duyệt đăng',4,'2025-08-01 13:46:57','2025-08-01 13:46:57'),(11,'Ngày đăng bài',4,'2025-08-01 13:46:57','2025-08-01 13:46:57');
/*!40000 ALTER TABLE `dim_trang_thai_nckh` ENABLE KEYS */;
UNLOCK TABLES;

--
-- Table structure for table `don`
--

DROP TABLE IF EXISTS `don`;
/*!40101 SET @saved_cs_client     = @@character_set_client */;
/*!50503 SET character_set_client = utf8mb4 */;
CREATE TABLE `don` (
  `ma_don` int NOT NULL AUTO_INCREMENT,
  `noi_dung` text CHARACTER SET utf8mb4 COLLATE utf8mb4_0900_ai_ci NOT NULL,
  `loai_don` varchar(50) NOT NULL,
  `url` varchar(255) DEFAULT NULL,
  `ma_don_sv` int NOT NULL,
  `bo_phan_xu_li` varchar(100) DEFAULT NULL,
  `ngay_tiep_nhan` datetime DEFAULT NULL,
  `dao_tao` datetime DEFAULT NULL,
  `khoa` datetime DEFAULT NULL,
  `trang_thai` varchar(50) CHARACTER SET utf8mb4 COLLATE utf8mb4_0900_ai_ci DEFAULT NULL,
  `ghi_chu` varchar(255) DEFAULT NULL,
  PRIMARY KEY (`ma_don`)
) ENGINE=InnoDB AUTO_INCREMENT=66 DEFAULT CHARSET=utf8mb4 COLLATE=utf8mb4_0900_ai_ci;
/*!40101 SET character_set_client = @saved_cs_client */;

--
-- Dumping data for table `don`
--

LOCK TABLES `don` WRITE;
/*!40000 ALTER TABLE `don` DISABLE KEYS */;
INSERT INTO `don` VALUES (43,'Aaa','Don xin nghi hoc','{\"formFile\":\"https://drive.google.com/file/d/11f_o2yw8AhzChzWB7dHS9iAPztCF1mK-/view\",\"attachedFile\":\"\"}',84,'khoa','2025-06-18 14:31:16','2025-06-18 14:31:53','2025-06-18 14:37:24','Đã tiếp nhận',NULL),(44,'Xác nhận sinh viên','Hành chính','https://drive.google.com/file/abc',123,'dao_tao','2025-06-18 14:52:00','2025-06-18 14:56:16','2025-06-18 14:52:48','Từ chối','mot_cua: từ chối lúc 18-06-2025 14:52 | khoa: từ chối lúc 18-06-2025 14:52 | dao_tao: từ chối lúc 18-06-2025 14:56'),(45,'He','Don xin nghi hoc','{\"formFile\":\"https://drive.google.com/file/d/1jzyQ8gpo5xaafdMaP5kA-hHiCHun7J8s/view\",\"attachedFile\":\"\"}',86,'mot_cua','2025-06-18 15:11:16',NULL,NULL,NULL,NULL),(46,'He','Don xin nghi hoc','{\"formFile\":\"https://drive.google.com/file/d/17hFe6g_8TMqLIMbI6UA6sJfI4kodRyQ5/view\",\"attachedFile\":\"\"}',87,'mot_cua','2025-06-18 15:13:50',NULL,NULL,NULL,NULL),(47,'He','Don xin nghi hoc','{\"formFile\":\"https://drive.google.com/file/d/1dMvmDPLocMhyqV3Jtk9bnQjOm_Se8p-V/view\",\"attachedFile\":\"\"}',88,'mot_cua','2025-06-18 15:15:20',NULL,NULL,NULL,NULL),(48,'He','Don xin nghi hoc','{\"formFile\":\"https://drive.google.com/file/d/1Ev74rI9WZsTAnnpzpQ5DrTdi02C2IT6n/view\",\"attachedFile\":\"\"}',89,'mot_cua','2025-06-18 15:17:10',NULL,NULL,NULL,NULL),(49,'He','Don xin nghi hoc','{\"formFile\":\"https://drive.google.com/file/d/1W-8lJ9VztV5ka5cwyB9EKPZ4DQgf3MHq/view\",\"attachedFile\":\"\"}',90,'mot_cua','2025-06-18 15:18:55',NULL,NULL,NULL,NULL),(50,'He','Don xin nghi hoc','{\"formFile\":\"https://drive.google.com/file/d/1RZmQO-XQmsEXor_ZSn_DaiPnkZST6ASw/view\",\"attachedFile\":\"\"}',91,'mot_cua','2025-06-18 15:20:17',NULL,NULL,NULL,NULL),(51,'He','Don xin nghi hoc','{\"formFile\":\"https://drive.google.com/file/d/1-9I-lxunS5Crxyahtf7-yFoUhYAnNpNV/view\",\"attachedFile\":\"\"}',92,'mot_cua','2025-06-18 15:21:39',NULL,NULL,NULL,NULL),(52,'He','Don xin nghi hoc','{\"formFile\":\"https://drive.google.com/file/d/1lVTv5XtbfdCE0AeS42fzPl1WZht-1d9D/view\",\"attachedFile\":\"\"}',93,'mot_cua','2025-06-18 15:23:11',NULL,NULL,NULL,NULL),(53,'He','Don xin nghi hoc','{\"formFile\":\"https://drive.google.com/file/d/1cCVwzq6m8wAWP4bR1U92Ry-f7jz-043Y/view\",\"attachedFile\":\"\"}',94,'mot_cua','2025-06-18 15:25:07',NULL,NULL,NULL,NULL),(54,'Ă','Don xin nghi hoc','{\"formFile\":\"https://drive.google.com/file/d/1CQ96b05pMfY165HqFj1-jIcvs19cWS0-/view\",\"attachedFile\":\"\"}',95,'mot_cua','2025-06-18 15:31:55',NULL,NULL,NULL,NULL),(55,'Ă','Don xin nghi hoc','{\"formFile\":\"https://drive.google.com/file/d/1mTYnUmllYzZWKuyckFMULfvra8yyg3f0/view\",\"attachedFile\":\"\"}',96,'mot_cua','2025-06-18 15:33:04',NULL,NULL,NULL,NULL),(56,'Ă','Don xin nghi hoc','{\"formFile\":\"https://drive.google.com/file/d/1mUIy0sxZIb1vyFbzlcjR2ToSUIGaFZ97/view\",\"attachedFile\":\"\"}',97,'mot_cua','2025-06-18 15:34:23',NULL,NULL,NULL,NULL),(57,'Đs','Don xin nghi hoc','{\"formFile\":\"https://drive.google.com/file/d/1mByOHTkb5lnlCXij6XnpZer40QEbWHOT/view\",\"attachedFile\":\"\"}',98,'mot_cua','2025-06-18 15:37:23',NULL,NULL,'Từ chối',NULL),(58,'Đs','Don xin nghi hoc','{\"formFile\":\"https://drive.google.com/file/d/1HKM3k4yV4FHeyzO9x4dmENEO3faGDJMM/view\",\"attachedFile\":\"\"}',99,'mot_cua','2025-06-18 15:39:40',NULL,NULL,'Từ chối',NULL),(59,'Xác nhận sinh viên','Hành chính','https://drive.google.com/file/abc',1231,'khoa','2025-06-18 15:40:29',NULL,'2025-06-18 15:44:47','Từ chối','mot_cua: từ chối lúc 18-06-2025 15:40 | khoa: từ chối lúc 18-06-2025 15:44'),(60,'Đs','Don xin nghi hoc','{\"formFile\":\"https://drive.google.com/file/d/1AHua8J91uEuSj_d63G-PUY2JkdU7K2Fh/view\",\"attachedFile\":\"\"}',100,'mot_cua','2025-06-18 15:41:21',NULL,NULL,'Từ chối',NULL),(61,'Đs','Don xin nghi hoc','{\"formFile\":\"https://drive.google.com/file/d/12zIiDIw9Ith55XXDglU3_JgbU0imAK7x/view\",\"attachedFile\":\"\"}',101,'mot_cua','2025-06-18 15:43:08',NULL,NULL,'Từ chối',NULL),(62,'Nanaa','Don xin nghi hoc','{\"formFile\":\"https://drive.google.com/file/d/1l_YZPpL628_f07Z9oGsyYNnAuyOn6jHv/view\",\"attachedFile\":\"\"}',102,'mot_cua','2025-06-18 15:46:18',NULL,NULL,'Chấp nhận',NULL),(63,'Nanaa','Don xin nghi hoc','{\"formFile\":\"https://drive.google.com/file/d/1dQneQVdd8uZRadZSEdt91kA3al8UipK5/view\",\"attachedFile\":\"\"}',104,'mot_cua','2025-06-18 15:47:15',NULL,NULL,'Từ chối','mot_cua: từ chối lúc 18-06-2025 15:47 – lý do: Nhjjj'),(64,'Đi net','Don xin nghi hoc','{\"formFile\":\"https://drive.google.com/file/d/1z5LeYIQc4IJv45-yEVNiFGuk3_ntLw8K/view\",\"attachedFile\":\"\"}',105,'mot_cua','2025-06-23 13:33:56',NULL,NULL,'Từ chối','mot_cua: từ chối lúc 23-06-2025 13:33 – lý do: Sai thông tin'),(65,'Do em bị bệnh ','Don xin nghi hoc','{\"formFile\":\"https://drive.google.com/file/d/1Qq_zS8DZhdCzTdm-SlP0BC4zukCeb-66/view\",\"attachedFile\":\"https://drive.google.com/file/d/1T8Lm1_uLG8Ngb1zONsYkXBqQO--dWpT-/view\"}',106,'mot_cua','2025-06-23 15:05:27',NULL,NULL,'Chấp nhận',NULL);
/*!40000 ALTER TABLE `don` ENABLE KEYS */;
UNLOCK TABLES;

--
-- Table structure for table `don_vi`
--

DROP TABLE IF EXISTS `don_vi`;
/*!40101 SET @saved_cs_client     = @@character_set_client */;
/*!50503 SET character_set_client = utf8mb4 */;
CREATE TABLE `don_vi` (
  `ma_don_vi` int NOT NULL AUTO_INCREMENT,
  `ten_don_vi` varchar(100) CHARACTER SET utf8mb4 COLLATE utf8mb4_0900_ai_ci NOT NULL,
  `ten_viet_tat` varchar(50) DEFAULT NULL,
  PRIMARY KEY (`ma_don_vi`)
) ENGINE=InnoDB AUTO_INCREMENT=31 DEFAULT CHARSET=utf8mb4 COLLATE=utf8mb4_0900_ai_ci;
/*!40101 SET character_set_client = @saved_cs_client */;

--
-- Dumping data for table `don_vi`
--

LOCK TABLES `don_vi` WRITE;
/*!40000 ALTER TABLE `don_vi` DISABLE KEYS */;
INSERT INTO `don_vi` VALUES (1,'Khoa Công nghệ thông tin','FIRA'),(2,'Khoa Điện, Điện Tử','FEEE'),(3,'Bộ phận một cửa','BPMC'),(4,'Phòng đào tạo','PĐT'),(5,'Viện Trí tuệ nhân tạo và Chuyển Đổi số','AIDTI'),(6,'Phòng Quản lý đào tạo và CTSV','QLĐT'),(7,'Trung tâm Lưu trữ và Thư viện','LTTV'),(8,'Phòng Tổng hợp',NULL),(9,'Phòng Tài chính - Kế toán',NULL),(10,'Phòng Tuyển sinh',NULL),(11,'Trung tâm Tin học và Ngoại Ngữ',NULL),(12,'Ban Văn hóa - Truyền thông',NULL),(13,'Phòng Thanh tra - Pháp chế',NULL),(14,'Văn phòng HĐQT',NULL),(15,'Đoàn Thanh niên - Hội Sinh viên',NULL),(16,'Phòng Quản lý khoa học và Quan hệ đối ngoại',NULL),(17,'Viện Khoa học và Công nghệ ứng dụng',NULL),(18,'Viện QT Công nghiệp & Logistics','IMALOG'),(19,'Khoa Kiến trúc - Xây dựng',NULL),(20,'Khoa Luật học',NULL),(21,'Khoa Kinh tế',NULL),(22,'Khoa Ngoại Ngữ',NULL),(23,'Khoa Xã hội và Nhân văn',NULL),(24,'Khoa Công nghệ kỹ thuật ô tô',NULL),(25,'Trung tâm Phát triển cộng đồng',NULL),(26,'Viện Châu Á',NULL),(27,'Khoa Công nghệ kỹ thuật ô tô',NULL),(28,'Viện Bolt',NULL),(29,'Khoa Xã hội học truyền thông',NULL),(30,'Học viện King Sejong Bình Dương',NULL);
/*!40000 ALTER TABLE `don_vi` ENABLE KEYS */;
UNLOCK TABLES;

--
-- Table structure for table `fact_danh_gia_thang`
--

DROP TABLE IF EXISTS `fact_danh_gia_thang`;
/*!40101 SET @saved_cs_client     = @@character_set_client */;
/*!50503 SET character_set_client = utf8mb4 */;
CREATE TABLE `fact_danh_gia_thang` (
  `ma_fact_danh_gia_thang` int NOT NULL AUTO_INCREMENT,
  `ma_tieu_chi_danh_gia` int DEFAULT NULL,
  `ma_vien_chuc` varchar(20) CHARACTER SET utf8mb4 COLLATE utf8mb4_0900_ai_ci DEFAULT NULL,
  `diem_tu_danh_gia` int DEFAULT NULL,
  `diem_lanh_dao_danh_gia` int DEFAULT NULL,
  `thang_thuc_hien` int DEFAULT NULL,
  PRIMARY KEY (`ma_fact_danh_gia_thang`),
  KEY `ma_tieu_chi` (`ma_tieu_chi_danh_gia`),
  KEY `ma_vien_chuc` (`ma_vien_chuc`),
  CONSTRAINT `fact_danh_gia_thang_ibfk_1` FOREIGN KEY (`ma_tieu_chi_danh_gia`) REFERENCES `dim_tieu_chi_thuc_hien` (`ma_tieu_chi_danh_gia`) ON DELETE CASCADE ON UPDATE CASCADE,
  CONSTRAINT `fact_danh_gia_thang_ibfk_2` FOREIGN KEY (`ma_vien_chuc`) REFERENCES `vien_chuc` (`ma_vien_chuc`) ON DELETE CASCADE ON UPDATE CASCADE
) ENGINE=InnoDB AUTO_INCREMENT=256 DEFAULT CHARSET=utf8mb4 COLLATE=utf8mb4_0900_ai_ci;
/*!40101 SET character_set_client = @saved_cs_client */;

--
-- Dumping data for table `fact_danh_gia_thang`
--

LOCK TABLES `fact_danh_gia_thang` WRITE;
/*!40000 ALTER TABLE `fact_danh_gia_thang` DISABLE KEYS */;
INSERT INTO `fact_danh_gia_thang` VALUES (1,1,'NVCDS01',5,0,202507),(2,2,'NVCDS01',5,0,202507),(3,3,'NVCDS01',0,0,202507),(4,4,'NVCDS01',0,0,202507),(5,5,'NVCDS01',0,0,202507),(6,45,'NVCDS01',35,0,202507),(7,46,'NVCDS01',20,0,202507),(8,47,'NVCDS01',4,0,202507),(9,48,'NVCDS01',5,0,202507),(10,49,'NVCDS01',3,0,202507),(11,50,'NVCDS01',0,0,202507),(12,51,'NVCDS01',0,0,202507),(13,56,'NVCDS01',0,0,202507),(14,57,'NVCDS01',0,0,202507),(15,58,'NVCDS01',0,0,202507),(16,59,'NVCDS01',0,0,202507),(17,60,'NVCDS01',0,0,202507),(18,61,'NVCDS01',0,0,202507),(19,72,'NVCDS01',0,0,202507),(20,73,'NVCDS01',0,0,202507),(21,74,'NVCDS01',0,0,202507),(22,75,'NVCDS01',0,0,202507),(23,76,'NVCDS01',0,0,202507),(24,6,'90822',10,0,202507),(25,7,'90822',10,0,202507),(26,8,'90822',10,0,202507),(27,9,'90822',0,0,202507),(28,10,'90822',0,0,202507),(29,11,'90822',0,0,202507),(30,41,'90822',33,0,202507),(31,42,'90822',19,0,202507),(32,13,'90822',10,0,202507),(33,14,'90822',10,0,202507),(34,15,'90822',0,0,202507),(35,16,'90822',9,0,202507),(36,17,'90822',10,0,202507),(37,18,'90822',10,0,202507),(38,19,'90822',8,0,202507),(39,20,'90822',10,0,202507),(40,21,'90822',10,0,202507),(41,22,'90822',10,0,202507),(42,23,'90822',10,0,202507),(43,24,'90822',10,0,202507),(44,25,'90822',10,0,202507),(45,26,'90822',0,0,202507),(46,27,'90822',0,0,202507),(47,43,'90822',0,0,202507),(48,44,'90822',0,0,202507),(49,29,'90822',7,0,202507),(50,30,'90822',0,0,202507),(51,31,'90822',10,0,202507),(52,32,'90822',10,0,202507),(53,33,'90822',0,0,202507),(54,34,'90822',9,0,202507),(55,35,'90822',9,0,202507),(56,36,'90822',8,0,202507),(57,37,'90822',0,0,202507),(58,38,'90822',7,0,202507),(59,39,'90822',8,0,202507),(60,40,'90822',10,0,202507),(61,62,'90822',0,0,202507),(62,63,'90822',0,0,202507),(63,64,'90822',10,0,202507),(64,65,'90822',0,0,202507),(65,66,'90822',0,0,202507),(66,67,'90822',0,0,202507),(67,68,'90822',0,0,202507),(68,69,'90822',0,0,202507),(69,70,'90822',0,0,202507),(70,71,'90822',0,0,202507),(71,1,'NVCDS01',5,0,202506),(72,2,'NVCDS01',5,0,202506),(73,3,'NVCDS01',0,0,202506),(74,4,'NVCDS01',0,0,202506),(75,5,'NVCDS01',0,0,202506),(76,45,'NVCDS01',35,0,202506),(77,46,'NVCDS01',20,0,202506),(78,47,'NVCDS01',4,0,202506),(79,48,'NVCDS01',5,0,202506),(80,49,'NVCDS01',3,0,202506),(81,50,'NVCDS01',0,0,202506),(82,51,'NVCDS01',0,0,202506),(83,56,'NVCDS01',0,0,202506),(84,57,'NVCDS01',0,0,202506),(85,58,'NVCDS01',0,0,202506),(86,59,'NVCDS01',0,0,202506),(87,60,'NVCDS01',0,0,202506),(88,61,'NVCDS01',0,0,202506),(89,72,'NVCDS01',0,0,202506),(90,73,'NVCDS01',0,0,202506),(91,74,'NVCDS01',0,0,202506),(92,75,'NVCDS01',0,0,202506),(93,76,'NVCDS01',0,0,202506),(94,1,'NVCDS02',5,0,202507),(95,2,'NVCDS02',5,0,202507),(96,3,'NVCDS02',0,0,202507),(97,4,'NVCDS02',0,0,202507),(98,5,'NVCDS02',0,0,202507),(99,45,'NVCDS02',35,0,202507),(100,46,'NVCDS02',20,0,202507),(101,47,'NVCDS02',4,0,202507),(102,48,'NVCDS02',5,0,202507),(103,49,'NVCDS02',3,0,202507),(104,50,'NVCDS02',0,0,202507),(105,51,'NVCDS02',0,0,202507),(106,56,'NVCDS02',0,0,202507),(107,57,'NVCDS02',0,0,202507),(108,58,'NVCDS02',0,0,202507),(109,59,'NVCDS02',0,0,202507),(110,60,'NVCDS02',0,0,202507),(111,61,'NVCDS02',0,0,202507),(112,72,'NVCDS02',0,0,202507),(113,73,'NVCDS02',0,0,202507),(114,74,'NVCDS02',0,0,202507),(115,75,'NVCDS02',0,0,202507),(116,76,'NVCDS02',0,0,202507),(117,1,'NVCDS06',5,0,202507),(118,2,'NVCDS06',5,0,202507),(119,3,'NVCDS06',0,0,202507),(120,4,'NVCDS06',0,0,202507),(121,5,'NVCDS06',0,0,202507),(122,45,'NVCDS06',35,0,202507),(123,46,'NVCDS06',20,0,202507),(124,47,'NVCDS06',4,0,202507),(125,48,'NVCDS06',5,0,202507),(126,49,'NVCDS06',3,0,202507),(127,50,'NVCDS06',0,0,202507),(128,51,'NVCDS06',0,0,202507),(129,56,'NVCDS06',0,0,202507),(130,57,'NVCDS06',0,0,202507),(131,58,'NVCDS06',0,0,202507),(132,59,'NVCDS06',0,0,202507),(133,60,'NVCDS06',0,0,202507),(134,61,'NVCDS06',0,0,202507),(135,72,'NVCDS06',0,0,202507),(136,73,'NVCDS06',0,0,202507),(137,74,'NVCDS06',0,0,202507),(138,75,'NVCDS06',0,0,202507),(139,76,'NVCDS06',0,0,202507),(140,1,'NVCDS03',5,0,202507),(141,2,'NVCDS03',5,0,202507),(142,3,'NVCDS03',0,0,202507),(143,4,'NVCDS03',0,0,202507),(144,5,'NVCDS03',0,0,202507),(145,45,'NVCDS03',35,0,202507),(146,46,'NVCDS03',20,0,202507),(147,47,'NVCDS03',4,0,202507),(148,48,'NVCDS03',5,0,202507),(149,49,'NVCDS03',3,0,202507),(150,50,'NVCDS03',0,0,202507),(151,51,'NVCDS03',0,0,202507),(152,56,'NVCDS03',0,0,202507),(153,57,'NVCDS03',0,0,202507),(154,58,'NVCDS03',0,0,202507),(155,59,'NVCDS03',0,0,202507),(156,60,'NVCDS03',0,0,202507),(157,61,'NVCDS03',0,0,202507),(158,72,'NVCDS03',0,0,202507),(159,73,'NVCDS03',0,0,202507),(160,74,'NVCDS03',0,0,202507),(161,75,'NVCDS03',0,0,202507),(162,76,'NVCDS03',0,0,202507),(163,1,'NVCDS05',5,0,202508),(164,2,'NVCDS05',5,0,202508),(165,3,'NVCDS05',0,0,202508),(166,4,'NVCDS05',0,0,202508),(167,5,'NVCDS05',0,0,202508),(168,45,'NVCDS05',35,0,202508),(169,46,'NVCDS05',20,0,202508),(170,47,'NVCDS05',4,0,202508),(171,48,'NVCDS05',5,0,202508),(172,49,'NVCDS05',3,0,202508),(173,50,'NVCDS05',0,0,202508),(174,51,'NVCDS05',0,0,202508),(175,56,'NVCDS05',0,0,202508),(176,57,'NVCDS05',0,0,202508),(177,58,'NVCDS05',0,0,202508),(178,59,'NVCDS05',0,0,202508),(179,60,'NVCDS05',0,0,202508),(180,61,'NVCDS05',0,0,202508),(181,72,'NVCDS05',0,0,202508),(182,73,'NVCDS05',0,0,202508),(183,74,'NVCDS05',0,0,202508),(184,75,'NVCDS05',0,0,202508),(185,76,'NVCDS05',0,0,202508),(186,6,'90822',10,0,202508),(187,7,'90822',10,0,202508),(188,8,'90822',10,0,202508),(189,9,'90822',5,0,202508),(190,10,'90822',0,0,202508),(191,11,'90822',0,0,202508),(192,41,'90822',33,0,202508),(193,42,'90822',0,0,202508),(194,13,'90822',10,0,202508),(195,14,'90822',10,0,202508),(196,15,'90822',10,0,202508),(197,16,'90822',10,0,202508),(198,17,'90822',10,0,202508),(199,18,'90822',10,0,202508),(200,19,'90822',10,0,202508),(201,20,'90822',10,0,202508),(202,21,'90822',10,0,202508),(203,22,'90822',10,0,202508),(204,23,'90822',10,0,202508),(205,24,'90822',10,0,202508),(206,25,'90822',10,0,202508),(207,26,'90822',0,0,202508),(208,27,'90822',0,0,202508),(209,43,'90822',0,0,202508),(210,44,'90822',0,0,202508),(211,29,'90822',7,0,202508),(212,30,'90822',0,0,202508),(213,31,'90822',0,0,202508),(214,32,'90822',0,0,202508),(215,33,'90822',0,0,202508),(216,34,'90822',0,0,202508),(217,35,'90822',0,0,202508),(218,36,'90822',0,0,202508),(219,37,'90822',0,0,202508),(220,38,'90822',0,0,202508),(221,39,'90822',10,0,202508),(222,40,'90822',10,0,202508),(223,62,'90822',0,0,202508),(224,63,'90822',0,0,202508),(225,64,'90822',0,0,202508),(226,65,'90822',0,0,202508),(227,66,'90822',0,0,202508),(228,67,'90822',0,0,202508),(229,68,'90822',0,0,202508),(230,69,'90822',0,0,202508),(231,70,'90822',0,0,202508),(232,71,'90822',0,0,202508),(233,1,'NVCDS01',5,0,202508),(234,2,'NVCDS01',5,0,202508),(235,3,'NVCDS01',0,0,202508),(236,4,'NVCDS01',0,0,202508),(237,5,'NVCDS01',0,0,202508),(238,45,'NVCDS01',35,0,202508),(239,46,'NVCDS01',20,0,202508),(240,47,'NVCDS01',4,0,202508),(241,48,'NVCDS01',5,0,202508),(242,49,'NVCDS01',3,0,202508),(243,50,'NVCDS01',0,0,202508),(244,51,'NVCDS01',0,0,202508),(245,56,'NVCDS01',0,0,202508),(246,57,'NVCDS01',0,0,202508),(247,58,'NVCDS01',0,0,202508),(248,59,'NVCDS01',0,0,202508),(249,60,'NVCDS01',0,0,202508),(250,61,'NVCDS01',0,0,202508),(251,72,'NVCDS01',0,0,202508),(252,73,'NVCDS01',0,0,202508),(253,74,'NVCDS01',0,0,202508),(254,75,'NVCDS01',0,0,202508),(255,76,'NVCDS01',0,0,202508);
/*!40000 ALTER TABLE `fact_danh_gia_thang` ENABLE KEYS */;
UNLOCK TABLES;

--
-- Table structure for table `fact_thong_ke_giang_day_odp`
--

DROP TABLE IF EXISTS `fact_thong_ke_giang_day_odp`;
/*!40101 SET @saved_cs_client     = @@character_set_client */;
/*!50503 SET character_set_client = utf8mb4 */;
CREATE TABLE `fact_thong_ke_giang_day_odp` (
  `ma_giang_vien` varchar(63) DEFAULT NULL,
  `ten_giang_vien` varchar(63) DEFAULT NULL,
  `thang_danh_gia` varchar(6) DEFAULT NULL,
  `tong_buoi_thuc_te` bigint DEFAULT NULL,
  `tong_tiet_thuc_te` decimal(32,0) DEFAULT NULL,
  `tong_gio_thuc_te` decimal(35,2) DEFAULT NULL
) ENGINE=InnoDB DEFAULT CHARSET=utf8mb4 COLLATE=utf8mb4_0900_ai_ci;
/*!40101 SET character_set_client = @saved_cs_client */;

--
-- Dumping data for table `fact_thong_ke_giang_day_odp`
--

LOCK TABLES `fact_thong_ke_giang_day_odp` WRITE;
/*!40000 ALTER TABLE `fact_thong_ke_giang_day_odp` DISABLE KEYS */;
INSERT INTO `fact_thong_ke_giang_day_odp` VALUES ('90514','Huỳnh Quang Đức','202505',3,15,11.25),('90514','Huỳnh Quang Đức','202506',6,30,22.50),('90514','Huỳnh Quang Đức','202507',5,25,18.75),('90701','Nguyễn Văn Thành','202505',6,30,22.50),('90701','Nguyễn Văn Thành','202506',7,35,26.25),('90701','Nguyễn Văn Thành','202507',7,35,26.25),('90798','Nguyễn Trung Tín','202501',6,30,22.50),('90798','Nguyễn Trung Tín','202502',2,10,7.50),('90798','Nguyễn Trung Tín','202503',6,30,22.50),('90798','Nguyễn Trung Tín','202504',7,35,26.25),('90803','Hồ Ngọc Giàu','202401',1,5,3.75),('90803','Hồ Ngọc Giàu','202501',7,35,26.25),('90803','Hồ Ngọc Giàu','202502',3,15,11.25),('90803','Hồ Ngọc Giàu','202503',9,45,33.75),('90803','Hồ Ngọc Giàu','202504',14,70,52.50),('90822','Dương Anh Tuấn','202505',7,35,26.25),('90822','Dương Anh Tuấn','202506',7,35,26.25),('90822','Dương Anh Tuấn','202507',5,25,18.75),('90867','Lê Duy Hùng','202505',4,20,15.00),('90867','Lê Duy Hùng','202506',6,30,22.50),('90867','Lê Duy Hùng','202507',8,40,30.00),('90928','Nguyễn Hồ Hải','202505',6,30,22.50),('90928','Nguyễn Hồ Hải','202506',12,60,45.00),('90928','Nguyễn Hồ Hải','202507',12,60,45.00),('91061','Đỗ Trí Nhựt','202505',8,40,30.00),('91061','Đỗ Trí Nhựt','202506',5,25,18.75),('91061','Đỗ Trí Nhựt','202507',3,15,11.25),('91062','Ngô Bá Hưng','202501',3,15,11.25),('91062','Ngô Bá Hưng','202502',4,20,15.00),('91062','Ngô Bá Hưng','202503',6,30,22.50),('91062','Ngô Bá Hưng','202504',9,45,33.75),('91071','Trần Thịnh Mạnh Đức','202505',8,40,30.00),('91071','Trần Thịnh Mạnh Đức','202506',10,50,37.50),('91071','Trần Thịnh Mạnh Đức','202507',12,60,45.00),('91071','Trần Thịnh Mạnh Đức','202508',6,30,22.50),('91073','Dương Quang Sinh','202505',4,20,15.00),('91073','Dương Quang Sinh','202506',9,45,33.75),('91073','Dương Quang Sinh','202507',5,25,18.75),('DC098','Nguyễn Hữu Quyền','202501',10,50,37.50),('DC098','Nguyễn Hữu Quyền','202503',11,55,41.25),('DC098','Nguyễn Hữu Quyền','202504',15,75,56.25),('LT001','Nguyễn Thanh Sơn','202501',2,10,7.50),('LT001','Nguyễn Thanh Sơn','202502',3,15,11.25),('LT001','Nguyễn Thanh Sơn','202503',8,40,30.00),('LT001','Nguyễn Thanh Sơn','202504',9,45,33.75),('LT001','Nguyễn Thanh Sơn','202505',7,35,26.25),('LT001','Nguyễn Thanh Sơn','202506',12,60,45.00),('TH047','Nguyễn Hoàng Phong','202505',7,35,26.25),('TH047','Nguyễn Hoàng Phong','202506',11,55,41.25),('TH047','Nguyễn Hoàng Phong','202507',9,45,33.75);
/*!40000 ALTER TABLE `fact_thong_ke_giang_day_odp` ENABLE KEYS */;
UNLOCK TABLES;

--
-- Table structure for table `file`
--

DROP TABLE IF EXISTS `file`;
/*!40101 SET @saved_cs_client     = @@character_set_client */;
/*!50503 SET character_set_client = utf8mb4 */;
CREATE TABLE `file` (
  `ma_file` int NOT NULL AUTO_INCREMENT,
  `ten_file` varchar(255) NOT NULL,
  `url` varchar(255) NOT NULL,
  `ngay_tai` datetime DEFAULT CURRENT_TIMESTAMP,
  `loai_thuc_the` varchar(50) NOT NULL,
  `ma_thuc_the` int NOT NULL,
  PRIMARY KEY (`ma_file`),
  KEY `idx_entity` (`loai_thuc_the`,`ma_thuc_the`)
) ENGINE=InnoDB AUTO_INCREMENT=29 DEFAULT CHARSET=utf8mb4 COLLATE=utf8mb4_0900_ai_ci;
/*!40101 SET character_set_client = @saved_cs_client */;

--
-- Dumping data for table `file`
--

LOCK TABLES `file` WRITE;
/*!40000 ALTER TABLE `file` DISABLE KEYS */;
INSERT INTO `file` VALUES (15,'IMG_1969.PNG','https://drive.google.com/uc?id=1wN_Hb70broNMGbdboX-JgqT4yQQ5HR2J','2025-06-18 16:05:01','su_kien',10),(16,'IMG_1978.PNG','https://drive.google.com/uc?id=1dAPRO7fVphB6OyrYa4kQOtW4NELWWAz_','2025-06-23 13:29:14','su_kien',12),(17,'1. Application form_InnoWorks 2025_final.docx','https://drive.google.com/uc?id=16YA8Brjbwgw8-tApQbNJpnHOuyjTteGh','2025-06-24 15:58:45','nckh',1),(18,'IMG_2022.PNG','https://drive.google.com/uc?id=1N_oKDT-YcoKUV-vKrPOezZtw_qf92hyK','2025-06-24 16:05:50','su_kien',13),(19,'1. Application form_InnoWorks 2025_final.docx','https://drive.google.com/uc?id=1VDotdxGIhpa2FLAMFoNqTMmw24-vt70y','2025-06-24 16:11:48','su_kien',14),(20,'1. Application form_InnoWorks 2025_final.docx','https://drive.google.com/uc?id=1hcwOgC21z0WP7xEt_PUdu7G5jnUO1_4F','2025-06-24 00:00:00','cong_viec',48),(21,'r10.jpg','https://drive.google.com/uc?id=1xn2hbXLlfhsSl4-kkoxrHsQtyBcAjinS','2025-06-26 00:00:00','nckh',4),(22,'r10.jpg','https://drive.google.com/uc?id=1aA_SLTJB9ECBVTftrpM4SMJu5CA7a-VZ','2025-06-26 00:00:00','nckh',4),(23,'NCKH_4_20250626_164009.jpg','https://drive.google.com/uc?id=11-9ToUYRGmyBos7BAWORGguLCADf0fO-','2025-06-26 00:00:00','nckh',4),(24,'NCKH_1_20250729_161329.pdf','https://drive.google.com/uc?id=1PFE8XJ1eBTtAOHWKHFgtb8rRvvNQd1qJ','2025-07-29 00:00:00','nckh',26),(25,'NCKH_9_20250729_162522.pdf','https://drive.google.com/uc?id=10DONV7u_PncsRhmobuWK8gMODZGA34Ae','2025-07-29 00:00:00','nckh',28),(26,'NCKH_9_20250729_163646.docx','https://drive.google.com/uc?id=16eWk-VWr57Zvc1H3e842iIvXuzWr8Zgp','2025-07-29 00:00:00','nckh',29),(27,'NCKH_1_20250730_094700.docx','https://drive.google.com/uc?id=1NG7jockg6HWywa_SrmGH3_NjPreVIjTI','2025-07-30 00:00:00','nckh',31),(28,'NCKH_142_20250730_100752.docx','https://drive.google.com/uc?id=1Nm_F3H3RSX3HEXDhrHowDIYRnyhaHgqL','2025-07-30 00:00:00','nckh',31);
/*!40000 ALTER TABLE `file` ENABLE KEYS */;
UNLOCK TABLES;

--
-- Table structure for table `giao_viec`
--

DROP TABLE IF EXISTS `giao_viec`;
/*!40101 SET @saved_cs_client     = @@character_set_client */;
/*!50503 SET character_set_client = utf8mb4 */;
CREATE TABLE `giao_viec` (
  `ma_giao_viec` int NOT NULL AUTO_INCREMENT,
  `ma_vien_chuc` int NOT NULL,
  `vai_tro` varchar(255) NOT NULL,
  `dien_giai` text,
  `ngay_hoan_thanh_du_kien` datetime DEFAULT NULL,
  `ngay_hoan_thanh` datetime DEFAULT NULL,
  `trang_thai` varchar(50) CHARACTER SET utf8mb4 COLLATE utf8mb4_0900_ai_ci NOT NULL,
  `ma_cong_viec` int NOT NULL,
  PRIMARY KEY (`ma_giao_viec`),
  KEY `fk_giaoviec_giangvien` (`ma_vien_chuc`),
  KEY `fk_giaoviec_congviec` (`ma_cong_viec`),
  CONSTRAINT `fk_giaoviec_congviec` FOREIGN KEY (`ma_cong_viec`) REFERENCES `cong_viec` (`ma_cong_viec`) ON DELETE CASCADE,
  CONSTRAINT `giao_viec_ibfk_1` FOREIGN KEY (`ma_vien_chuc`) REFERENCES `vien_chuc` (`ma_tai_khoan`) ON DELETE CASCADE ON UPDATE CASCADE
) ENGINE=InnoDB AUTO_INCREMENT=170 DEFAULT CHARSET=utf8mb4 COLLATE=utf8mb4_0900_ai_ci;
/*!40101 SET character_set_client = @saved_cs_client */;

--
-- Dumping data for table `giao_viec`
--

LOCK TABLES `giao_viec` WRITE;
/*!40000 ALTER TABLE `giao_viec` DISABLE KEYS */;
INSERT INTO `giao_viec` VALUES (130,141,'A','Phụ trách','2025-08-05 23:59:59','2025-08-04 09:08:43','Đã hoàn thành',92),(131,141,'R','Phụ trách','2025-08-05 23:59:59','2025-08-04 09:08:43','Đã hoàn thành',92),(132,141,'A','Phụ trách','2025-08-05 23:59:59',NULL,'Chờ tiếp nhận',93),(133,145,'R','Phụ trách','2025-08-05 23:59:59',NULL,'Chờ tiếp nhận',93),(134,141,'A','Phụ trách','2025-08-04 10:00:00',NULL,'Chờ tiếp nhận',94),(135,145,'R','Phụ trách','2025-08-04 10:00:00',NULL,'Chờ tiếp nhận',94),(136,1,'A','','2025-09-03 00:00:00',NULL,'Đang thực hiện',95),(137,1,'R','','2025-09-03 00:00:00',NULL,'Đang thực hiện',95),(138,1,'A','Dđ','2025-09-03 00:00:00',NULL,'Chờ tiếp nhận',96),(139,1,'R','Dđ','2025-09-03 00:00:00',NULL,'Chờ tiếp nhận',96),(140,141,'A','Phụ trách','2025-08-05 23:59:59',NULL,'Chờ tiếp nhận',97),(141,141,'R','Phụ trách','2025-08-05 23:59:59',NULL,'Chờ tiếp nhận',97),(142,141,'A','Phụ trách','2025-08-05 23:59:59',NULL,'Chờ tiếp nhận',98),(143,141,'R','Phụ trách','2025-08-05 23:59:59',NULL,'Chờ tiếp nhận',98),(144,141,'A','Phụ trách','2025-08-05 23:59:59',NULL,'Chờ tiếp nhận',99),(145,141,'R','Phụ trách','2025-08-05 23:59:59',NULL,'Chờ tiếp nhận',99),(146,141,'A','Phụ trách','2025-08-05 23:59:59',NULL,'Chờ tiếp nhận',100),(147,141,'R','Phụ trách','2025-08-05 23:59:59',NULL,'Chờ tiếp nhận',100),(148,141,'A','Phụ trách','2025-08-05 23:59:59',NULL,'Chờ tiếp nhận',101),(149,141,'R','Phụ trách','2025-08-05 23:59:59',NULL,'Chờ tiếp nhận',101),(150,141,'A','Phụ trách','2025-08-05 23:59:59',NULL,'Chờ tiếp nhận',102),(151,141,'R','Phụ trách','2025-08-05 23:59:59',NULL,'Chờ tiếp nhận',102),(152,141,'A','Phụ trách','2025-08-05 23:59:59',NULL,'Chờ tiếp nhận',103),(153,141,'R','Phụ trách','2025-08-05 23:59:59',NULL,'Chờ tiếp nhận',103),(154,141,'A','Phụ trách','2025-08-05 23:59:59',NULL,'Chờ tiếp nhận',104),(155,142,'R','Phụ trách','2025-08-05 23:59:59',NULL,'Chờ tiếp nhận',104),(156,141,'A','Phụ trách','2025-08-05 23:59:59',NULL,'Chờ tiếp nhận',105),(157,142,'R','Phụ trách','2025-08-05 23:59:59',NULL,'Chờ tiếp nhận',105),(158,141,'A','Phụ trách','2025-08-05 23:59:59',NULL,'Chờ tiếp nhận',106),(159,142,'R','Phụ trách','2025-08-05 23:59:59',NULL,'Chờ tiếp nhận',106),(160,141,'A','Phụ trách','2025-08-05 23:59:59',NULL,'Chờ tiếp nhận',107),(161,142,'R','Phụ trách','2025-08-05 23:59:59',NULL,'Chờ tiếp nhận',107),(162,141,'A','Phụ trách','2025-08-05 23:59:59',NULL,'Chờ tiếp nhận',108),(163,142,'R','Phụ trách','2025-08-05 23:59:59',NULL,'Chờ tiếp nhận',108),(164,141,'A','Phụ trách','2025-08-05 23:59:59',NULL,'Chờ tiếp nhận',109),(165,142,'R','Phụ trách','2025-08-05 23:59:59',NULL,'Chờ tiếp nhận',109),(166,141,'A','Phụ trách','2025-08-05 23:59:59',NULL,'Chờ tiếp nhận',110),(167,142,'R','Phụ trách','2025-08-05 23:59:59',NULL,'Chờ tiếp nhận',110),(168,141,'A','Phụ trách','2025-08-05 23:59:59',NULL,'Chờ tiếp nhận',111),(169,142,'R','Phụ trách','2025-08-05 23:59:59',NULL,'Chờ tiếp nhận',111);
/*!40000 ALTER TABLE `giao_viec` ENABLE KEYS */;
UNLOCK TABLES;

--
-- Table structure for table `hd_nckh`
--

DROP TABLE IF EXISTS `hd_nckh`;
/*!40101 SET @saved_cs_client     = @@character_set_client */;
/*!50503 SET character_set_client = utf8mb4 */;
CREATE TABLE `hd_nckh` (
  `ma_hoat_dong_nckh` int NOT NULL AUTO_INCREMENT,
  `ma_tai_khoan` int NOT NULL,
  `ngay_dang_ki` date NOT NULL,
  `ma_loai_hd` int NOT NULL,
  `ds_thuoc_tinh` json NOT NULL,
  `trang_thai` enum('Đã đăng kí','Đang thực hiện','Đang nghiệm thu','Chờ nghiệm thu','Đã hoàn thành','Huỷ') DEFAULT 'Đang thực hiện',
  `created_at` datetime DEFAULT CURRENT_TIMESTAMP,
  `updated_at` datetime DEFAULT CURRENT_TIMESTAMP,
  PRIMARY KEY (`ma_hoat_dong_nckh`),
  KEY `ma_loai_hd` (`ma_loai_hd`),
  KEY `ma_tai_khoan` (`ma_tai_khoan`),
  CONSTRAINT `hd_nckh_ibfk_1` FOREIGN KEY (`ma_loai_hd`) REFERENCES `loai_hd_nckh` (`ma_loai_hd`),
  CONSTRAINT `hd_nckh_ibfk_2` FOREIGN KEY (`ma_tai_khoan`) REFERENCES `vien_chuc` (`ma_tai_khoan`)
) ENGINE=InnoDB AUTO_INCREMENT=44 DEFAULT CHARSET=utf8mb4 COLLATE=utf8mb4_0900_ai_ci;
/*!40101 SET character_set_client = @saved_cs_client */;

--
-- Dumping data for table `hd_nckh`
--

LOCK TABLES `hd_nckh` WRITE;
/*!40000 ALTER TABLE `hd_nckh` DISABLE KEYS */;
INSERT INTO `hd_nckh` VALUES (31,1,'2025-07-30',1,'[{\"gia_tri\": \"b222b\", \"ma_field\": \"ten_de_tai\"}, {\"gia_tri\": \"1234\", \"ma_field\": \"qd_giao_ma_so\"}, {\"gia_tri\": \"\", \"ma_field\": \"so_thang\"}, {\"gia_tri\": \"\", \"ma_field\": \"kinh_phi\"}, {\"gia_tri\": \"Dương Anh Tuấn\", \"ma_field\": \"chu_nhiem_tham_gia\"}, {\"gia_tri\": \"1234\", \"ma_field\": \"qd_nghiem_thu\"}, {\"gia_tri\": \"\", \"ma_field\": \"ket_qua_nghiem_thu\"}, {\"gia_tri\": \"\", \"ma_field\": \"quy_gio_chuan\"}]','Đang nghiệm thu','2025-07-31 10:43:28','2025-08-04 09:16:52'),(32,142,'2025-07-30',1,'[{\"gia_tri\": \"asss\", \"ma_field\": \"ten_de_tai\"}, {\"gia_tri\": \"Aaa\", \"ma_field\": \"qd_giao_ma_so\"}, {\"gia_tri\": \"\", \"ma_field\": \"so_thang\"}, {\"gia_tri\": \"\", \"ma_field\": \"kinh_phi\"}, {\"gia_tri\": \"Lê Đức Tài\", \"ma_field\": \"chu_nhiem_tham_gia\"}, {\"gia_tri\": \"aa\", \"ma_field\": \"qd_nghiem_thu\"}, {\"gia_tri\": \"\", \"ma_field\": \"ket_qua_nghiem_thu\"}, {\"gia_tri\": \"\", \"ma_field\": \"quy_gio_chuan\"}]','Đã hoàn thành','2025-07-31 10:43:28','2025-08-04 02:53:03'),(43,17,'2025-04-30',1,'[{\"gia_tri\": \"đề tài nghỉ hè\", \"ma_field\": \"ten_de_tai\"}, {\"gia_tri\": \"quyết định 1\", \"ma_field\": \"qd_giao_ma_so\"}, {\"gia_tri\": 5, \"ma_field\": \"so_thang\"}, {\"gia_tri\": 120000000, \"ma_field\": \"kinh_phi\"}, {\"gia_tri\": \"Nguyễn Hồ Hải\", \"ma_field\": \"chu_nhiem_tham_gia\"}, {\"gia_tri\": \"Chưa có\", \"ma_field\": \"qd_nghiem_thu\"}, {\"gia_tri\": \"Chưa có\", \"ma_field\": \"ket_qua_nghiem_thu\"}, {\"gia_tri\": 0, \"ma_field\": \"quy_gio_chuan\"}]','Đang thực hiện','2025-07-31 14:21:14','2025-08-04 02:40:52');
/*!40000 ALTER TABLE `hd_nckh` ENABLE KEYS */;
UNLOCK TABLES;

--
-- Table structure for table `lich_su_hd_nckh`
--

DROP TABLE IF EXISTS `lich_su_hd_nckh`;
/*!40101 SET @saved_cs_client     = @@character_set_client */;
/*!50503 SET character_set_client = utf8mb4 */;
CREATE TABLE `lich_su_hd_nckh` (
  `ma_lich_su` int NOT NULL AUTO_INCREMENT,
  `ma_hoat_dong_nckh` int NOT NULL,
  `thoi_gian` datetime DEFAULT CURRENT_TIMESTAMP,
  `ma_tai_khoan_thay_doi` int DEFAULT NULL,
  `truong_bi_thay_doi` varchar(255) NOT NULL,
  `gia_tri_cu` text,
  `gia_tri_moi` text,
  PRIMARY KEY (`ma_lich_su`),
  KEY `fk_hd` (`ma_hoat_dong_nckh`),
  CONSTRAINT `lich_su_hd_nckh_ibfk_1` FOREIGN KEY (`ma_hoat_dong_nckh`) REFERENCES `hd_nckh` (`ma_hoat_dong_nckh`)
) ENGINE=InnoDB AUTO_INCREMENT=24 DEFAULT CHARSET=utf8mb4 COLLATE=utf8mb4_0900_ai_ci;
/*!40101 SET character_set_client = @saved_cs_client */;

--
-- Dumping data for table `lich_su_hd_nckh`
--

LOCK TABLES `lich_su_hd_nckh` WRITE;
/*!40000 ALTER TABLE `lich_su_hd_nckh` DISABLE KEYS */;
INSERT INTO `lich_su_hd_nckh` VALUES (1,43,'2025-08-01 07:30:13',NULL,'trang_thai','Đang nghiệm thu','Đã hoàn thành'),(2,31,'2025-08-01 07:32:59',NULL,'trang_thai','Đang thực hiện','Đã hoàn thành'),(3,43,'2025-08-01 14:35:32',NULL,'trang_thai','Đã đăng kí','Đã hoàn thành'),(4,43,'2025-08-01 14:36:21',1,'trang_thai','Đã đăng kí','Đã hoàn thành'),(5,31,'2025-08-04 09:17:42',NULL,'trang_thai','Đã hoàn thành','Đang thực hiện'),(6,32,'2025-08-04 09:17:57',NULL,'trang_thai','Đã hoàn thành','Chờ nghiệm thu'),(7,43,'2025-08-04 09:25:39',NULL,'trang_thai','Đã hoàn thành','Huỷ'),(8,43,'2025-08-04 09:27:12',NULL,'trang_thai','Huỷ','Đã hoàn thành'),(9,31,'2025-08-04 09:39:43',NULL,'trang_thai','Đang thực hiện','Đã hoàn thành'),(10,43,'2025-08-04 09:39:58',NULL,'trang_thai','Đã hoàn thành','Đang nghiệm thu'),(11,43,'2025-08-04 09:40:03',NULL,'trang_thai','Đang nghiệm thu','Chờ nghiệm thu'),(12,43,'2025-08-04 09:40:09',NULL,'trang_thai','Chờ nghiệm thu','Đang thực hiện'),(13,43,'2025-08-04 09:40:15',NULL,'trang_thai','Đang thực hiện','Đã đăng kí'),(14,43,'2025-08-04 09:40:21',NULL,'trang_thai','Đã đăng kí','Huỷ'),(15,43,'2025-08-04 09:40:52',NULL,'trang_thai','Huỷ','Đang thực hiện'),(16,32,'2025-08-04 09:50:58',NULL,'trang_thai','Chờ nghiệm thu','Huỷ'),(17,32,'2025-08-04 09:51:08',NULL,'trang_thai','Huỷ','Chờ nghiệm thu'),(18,32,'2025-08-04 09:52:53',NULL,'trang_thai','Chờ nghiệm thu','Đang thực hiện'),(19,32,'2025-08-04 09:52:58',NULL,'trang_thai','Đang thực hiện','Đã đăng kí'),(20,32,'2025-08-04 09:53:03',NULL,'trang_thai','Đã đăng kí','Đã hoàn thành'),(21,31,'2025-08-04 09:53:31',NULL,'trang_thai','Đã hoàn thành','Chờ nghiệm thu'),(22,31,'2025-08-04 15:39:37',NULL,'trang_thai','Chờ nghiệm thu','Huỷ'),(23,31,'2025-08-04 16:16:52',NULL,'trang_thai','Huỷ','Đang nghiệm thu');
/*!40000 ALTER TABLE `lich_su_hd_nckh` ENABLE KEYS */;
UNLOCK TABLES;

--
-- Table structure for table `loai_hd_nckh`
--

DROP TABLE IF EXISTS `loai_hd_nckh`;
/*!40101 SET @saved_cs_client     = @@character_set_client */;
/*!50503 SET character_set_client = utf8mb4 */;
CREATE TABLE `loai_hd_nckh` (
  `ma_loai_hd` int NOT NULL AUTO_INCREMENT,
  `ten_loai_hd` varchar(255) NOT NULL,
  `ma_loai` varchar(20) NOT NULL,
  PRIMARY KEY (`ma_loai_hd`),
  UNIQUE KEY `ma_loai` (`ma_loai`)
) ENGINE=InnoDB AUTO_INCREMENT=10 DEFAULT CHARSET=utf8mb4 COLLATE=utf8mb4_0900_ai_ci;
/*!40101 SET character_set_client = @saved_cs_client */;

--
-- Dumping data for table `loai_hd_nckh`
--

LOCK TABLES `loai_hd_nckh` WRITE;
/*!40000 ALTER TABLE `loai_hd_nckh` DISABLE KEYS */;
INSERT INTO `loai_hd_nckh` VALUES (1,'Đề tài/dự án nghiên cứu KHCN','DT'),(2,'Hướng dẫn SV thực hiện đề tài tốt nghiệp','HD'),(3,'Xuất bản sách','SB'),(4,'Công bố khoa học (bài báo/tạp chí)','BB'),(5,'Nhận giải thưởng KHCN','GT'),(6,'Bằng phát minh/sáng chế','SC'),(7,'Ứng dụng/Thương mại hóa kết quả nghiên cứu','UD'),(8,'Nhận xét/Phản biện bài báo/chuyên đề','NX'),(9,'Chủ trì tọa đàm khoa học/học thuật','TD');
/*!40000 ALTER TABLE `loai_hd_nckh` ENABLE KEYS */;
UNLOCK TABLES;

--
-- Table structure for table `log`
--

DROP TABLE IF EXISTS `log`;
/*!40101 SET @saved_cs_client     = @@character_set_client */;
/*!50503 SET character_set_client = utf8mb4 */;
CREATE TABLE `log` (
  `ma_log` int NOT NULL AUTO_INCREMENT,
  `timestamp` datetime NOT NULL,
  `ma_tai_khoan` int DEFAULT NULL,
  `loai` text CHARACTER SET utf8mb4 COLLATE utf8mb4_0900_ai_ci NOT NULL,
  `hanh_dong` text NOT NULL,
  `mo_ta` text,
  PRIMARY KEY (`ma_log`),
  KEY `ma_giang_vien` (`ma_tai_khoan`)
) ENGINE=InnoDB AUTO_INCREMENT=538 DEFAULT CHARSET=utf8mb4 COLLATE=utf8mb4_0900_ai_ci;
/*!40101 SET character_set_client = @saved_cs_client */;

--
-- Dumping data for table `log`
--

LOCK TABLES `log` WRITE;
/*!40000 ALTER TABLE `log` DISABLE KEYS */;
INSERT INTO `log` VALUES (1,'2025-07-16 09:41:06',2,'tracking','page_interaction','GVCH đã truy cập:\n\"/menu\": {clicks: 0, timeSpent: 66.97s}\n\"/trangchu\": {clicks: 1, timeSpent: 0s}'),(2,'2025-07-16 09:41:07',2,'tracking','page_interaction','GVCH đã truy cập:\n\"/menu\": {clicks: 0, timeSpent: 66.97s}\n\"/trangchu\": {clicks: 0, timeSpent: 0.93s}\n\"/nhanviec\": {clicks: 1, timeSpent: 0s}'),(3,'2025-07-16 09:41:08',2,'tracking','page_interaction','GVCH đã truy cập:\n\"/menu\": {clicks: 0, timeSpent: 66.97s}\n\"/trangchu\": {clicks: 0, timeSpent: 0.93s}\n\"/nhanviec\": {clicks: 0, timeSpent: 0.47s}\n\"/progress\": {clicks: 1, timeSpent: 0s}'),(4,'2025-07-16 09:41:08',2,'tracking','page_interaction','GVCH đã truy cập:\n\"/menu\": {clicks: 0, timeSpent: 66.97s}\n\"/trangchu\": {clicks: 0, timeSpent: 0.93s}\n\"/nhanviec\": {clicks: 0, timeSpent: 0.47s}\n\"/progress\": {clicks: 0, timeSpent: 0.49s}\n\"/lichday\": {clicks: 1, timeSpent: 0s}'),(5,'2025-07-16 09:41:09',2,'tracking','page_interaction','GVCH đã truy cập:\n\"/lichday\": {clicks: 0, timeSpent: 0.89s}\n\"/menu\": {clicks: 1, timeSpent: 0s}'),(6,'2025-07-16 09:41:10',2,'tracking','page_interaction','GVCH đã truy cập:\n\"/menu\": {clicks: 0, timeSpent: 0.63s}\n\"/progress\": {clicks: 1, timeSpent: 0s}'),(7,'2025-07-16 09:41:10',2,'tracking','page_interaction','GVCH đã truy cập:\n\"/menu\": {clicks: 0, timeSpent: 0.63s}\n\"/progress\": {clicks: 0, timeSpent: 0.33s}\n\"/trangchu\": {clicks: 1, timeSpent: 0s}'),(8,'2025-07-16 09:42:19',2,'tracking','page_interaction','GVCH đã truy cập:\n\"/trangchu\": {clicks: 0, timeSpent: 68.76s}'),(9,'2025-07-16 09:42:19',2,'tracking','page_interaction','Người dùng đã truy cập:\n\"/trangchu\": {clicks: 1, timeSpent: 68.83s}'),(10,'2025-07-16 09:42:36',2,'tracking','page_interaction','GVCH đã truy cập:\n\"/trangchu\": {clicks: 0, timeSpent: 17.43s}\n\"/nhanviec\": {clicks: 1, timeSpent: 0s}'),(11,'2025-07-16 09:42:37',2,'tracking','page_interaction','GVCH đã truy cập:\n\"/trangchu\": {clicks: 0, timeSpent: 17.43s}\n\"/nhanviec\": {clicks: 0, timeSpent: 0.62s}\n\"/progress\": {clicks: 1, timeSpent: 0s}'),(12,'2025-07-16 09:42:37',2,'tracking','page_interaction','GVCH đã truy cập:\n\"/trangchu\": {clicks: 0, timeSpent: 17.43s}\n\"/nhanviec\": {clicks: 0, timeSpent: 0.62s}\n\"/progress\": {clicks: 0, timeSpent: 0.49s}\n\"/lichday\": {clicks: 1, timeSpent: 0s}'),(13,'2025-07-16 09:42:38',2,'tracking','page_interaction','GVCH đã truy cập:\n\"/trangchu\": {clicks: 0, timeSpent: 17.43s}\n\"/nhanviec\": {clicks: 0, timeSpent: 0.62s}\n\"/progress\": {clicks: 0, timeSpent: 0.49s}\n\"/lichday\": {clicks: 0, timeSpent: 0.58s}\n\"/menu\": {clicks: 1, timeSpent: 0s}'),(14,'2025-07-16 09:42:39',2,'tracking','page_interaction','GVCH đã truy cập:\n\"/trangchu\": {clicks: 1, timeSpent: 17.43s}\n\"/nhanviec\": {clicks: 0, timeSpent: 0.62s}\n\"/progress\": {clicks: 0, timeSpent: 0.49s}\n\"/lichday\": {clicks: 0, timeSpent: 0.58s}\n\"/menu\": {clicks: 0, timeSpent: 0.62s}'),(15,'2025-07-16 09:44:46',2,'tracking','page_interaction','GVCH đã truy cập:\n\"/trangchu\": {clicks: 1, timeSpent: 127.69s}'),(16,'2025-07-16 09:44:56',2,'tracking','page_interaction','GVCH đã truy cập:\n\"/trangchu\": {clicks: 0, timeSpent: 9.52s}\n\"/nhanviec\": {clicks: 1, timeSpent: 0s}'),(17,'2025-07-16 09:44:57',2,'tracking','page_interaction','GVCH đã truy cập:\n\"/trangchu\": {clicks: 0, timeSpent: 9.52s}\n\"/nhanviec\": {clicks: 0, timeSpent: 1.56s}\n\"/progress\": {clicks: 1, timeSpent: 0s}'),(18,'2025-07-16 09:45:05',2,'tracking','page_interaction','GVCH đã truy cập:\n\"/progress\": {clicks: 0, timeSpent: 7.23s}\n\"/lichday\": {clicks: 1, timeSpent: 0s}'),(19,'2025-07-16 09:45:11',2,'tracking','page_interaction','GVCH đã truy cập:\n\"/lichday\": {clicks: 0, timeSpent: 5.95s}\n\"/trangchu\": {clicks: 1, timeSpent: 0s}'),(20,'2025-07-16 09:45:18',2,'tracking','page_interaction','GVCH đã truy cập:\n\"/trangchu\": {clicks: 0, timeSpent: 7.6s}\n\"/menu\": {clicks: 1, timeSpent: 0s}'),(21,'2025-07-16 09:47:52',2,'tracking','page_interaction','Người dùng đã truy cập:\n\"/menu\": {clicks: 0, timeSpent: 4.51s}\n\"/trangchu\": {clicks: 1, timeSpent: 0.13s}'),(22,'2025-07-16 09:47:57',2,'tracking','page_interaction','GVCH đã truy cập:\n\"/trangchu\": {clicks: 0, timeSpent: 5.53s}\n\"/nhanviec\": {clicks: 1, timeSpent: 0s}'),(23,'2025-07-16 09:47:58',2,'tracking','page_interaction','GVCH đã truy cập:\n\"/trangchu\": {clicks: 0, timeSpent: 5.53s}\n\"/nhanviec\": {clicks: 0, timeSpent: 0.88s}\n\"/progress\": {clicks: 1, timeSpent: 0s}'),(24,'2025-07-16 09:48:03',2,'tracking','page_interaction','GVCH đã truy cập:\n\"/progress\": {clicks: 0, timeSpent: 5.11s}\n\"/lichday\": {clicks: 1, timeSpent: 0s}'),(25,'2025-07-16 09:48:06',2,'tracking','page_interaction','GVCH đã truy cập:\n\"/lichday\": {clicks: 0, timeSpent: 3.07s}\n\"/menu\": {clicks: 1, timeSpent: 0s}'),(26,'2025-07-16 09:48:23',2,'tracking','page_interaction','GVCH đã truy cập:\n\"/menu\": {clicks: 0, timeSpent: 12.04s}\n\"/trangchu\": {clicks: 1, timeSpent: 0s}'),(27,'2025-07-16 09:48:25',2,'tracking','page_interaction','GVCH đã truy cập:\n\"/menu\": {clicks: 0, timeSpent: 12.04s}\n\"/trangchu\": {clicks: 0, timeSpent: 1.93s}\n\"/nhanviec\": {clicks: 1, timeSpent: 0s}'),(28,'2025-07-16 09:48:26',2,'tracking','page_interaction','GVCH đã truy cập:\n\"/nhanviec\": {clicks: 0, timeSpent: 0.61s}\n\"/progress\": {clicks: 1, timeSpent: 0s}'),(29,'2025-07-16 10:04:25',2,'tracking','page_interaction','GVCH đã truy cập:\n\"/progress\": {clicks: 0, timeSpent: 1.35s}\n\"/trangchu\": {clicks: 1, timeSpent: 0s}'),(30,'2025-07-16 10:08:18',2,'tracking','page_interaction','Người dùng đã truy cập:\n\"/trangchu\": {clicks: 5, timeSpent: 0.08s}\n\"/nhanviec\": {clicks: 1, timeSpent: 0s}\n\"/lichday\": {clicks: 1, timeSpent: 0s}\n\"/progress\": {clicks: 1, timeSpent: 0s}'),(31,'2025-07-16 10:08:20',2,'tracking','page_interaction','GVCH đã truy cập:\n\"/trangchu\": {clicks: 5, timeSpent: 2.17s}\n\"/nhanviec\": {clicks: 1, timeSpent: 0s}\n\"/lichday\": {clicks: 1, timeSpent: 0s}\n\"/progress\": {clicks: 1, timeSpent: 0s}'),(32,'2025-07-16 10:10:06',2,'tracking','page_interaction','GVCH đã truy cập:\n\"/trangchu\": {clicks: 1, timeSpent: 106.48s}'),(33,'2025-07-16 10:10:12',2,'tracking','page_interaction','GVCH đã truy cập:\n\"/trangchu\": {clicks: 0, timeSpent: 5.11s}\n\"/nhanviec\": {clicks: 1, timeSpent: 0s}'),(34,'2025-07-16 10:10:32',2,'tracking','page_interaction','GVCH đã truy cập:\n\"/nhanviec\": {clicks: 0, timeSpent: 20.33s}\n\"/trangchu\": {clicks: 1, timeSpent: 0s}'),(35,'2025-07-16 10:10:34',2,'tracking','page_interaction','GVCH đã truy cập:\n\"/nhanviec\": {clicks: 0, timeSpent: 20.33s}\n\"/trangchu\": {clicks: 0, timeSpent: 1.61s}\n\"/progress\": {clicks: 1, timeSpent: 0s}'),(36,'2025-07-16 10:10:35',2,'tracking','page_interaction','GVCH đã truy cập:\n\"/progress\": {clicks: 0, timeSpent: 1.37s}\n\"/lichday\": {clicks: 1, timeSpent: 0s}'),(37,'2025-07-16 10:11:08',2,'tracking','page_interaction','GVCH đã truy cập:\n\"/lichday\": {clicks: 0, timeSpent: 32.55s}'),(38,'2025-07-16 10:12:39',2,'tracking','page_interaction','GVCH đã truy cập:\n\"/trangchu\": {clicks: 1, timeSpent: 0s}'),(39,'2025-07-16 10:12:39',2,'tracking','page_interaction','GVCH đã truy cập:\n\"/trangchu\": {clicks: 1, timeSpent: 0.11s}'),(40,'2025-07-16 10:12:40',2,'tracking','page_interaction','Người dùng đã truy cập:\n\"/trangchu\": {clicks: 0, timeSpent: 1.46s}\n\"/menu\": {clicks: 1, timeSpent: 0s}'),(41,'2025-07-16 10:12:57',2,'tracking','page_interaction','Người dùng đã truy cập:\n\"/menu\": {clicks: 0, timeSpent: 2.36s}\n\"/trangchu\": {clicks: 1, timeSpent: 0.13s}'),(42,'2025-07-16 10:13:19',2,'tracking','page_interaction','GVCH đã truy cập:\n\"/trangchu\": {clicks: 0, timeSpent: 21.88s}\n\"/nhanviec\": {clicks: 1, timeSpent: 0s}'),(43,'2025-07-16 10:13:19',2,'tracking','page_interaction','GVCH đã truy cập:\n\"/trangchu\": {clicks: 0, timeSpent: 21.88s}\n\"/nhanviec\": {clicks: 0, timeSpent: 0.43s}\n\"/progress\": {clicks: 1, timeSpent: 0s}'),(44,'2025-07-16 10:13:20',2,'tracking','page_interaction','GVCH đã truy cập:\n\"/trangchu\": {clicks: 0, timeSpent: 21.88s}\n\"/nhanviec\": {clicks: 0, timeSpent: 0.43s}\n\"/progress\": {clicks: 0, timeSpent: 0.71s}\n\"/lichday\": {clicks: 1, timeSpent: 0s}'),(45,'2025-07-16 10:13:21',2,'tracking','page_interaction','GVCH đã truy cập:\n\"/trangchu\": {clicks: 0, timeSpent: 21.88s}\n\"/nhanviec\": {clicks: 0, timeSpent: 0.43s}\n\"/progress\": {clicks: 0, timeSpent: 0.71s}\n\"/lichday\": {clicks: 0, timeSpent: 0.73s}\n\"/menu\": {clicks: 1, timeSpent: 0s}'),(46,'2025-07-16 10:13:37',2,'tracking','page_interaction','GVCH đã truy cập:\n\"/menu\": {clicks: 0, timeSpent: 16.55s}\n\"/trangchu\": {clicks: 1, timeSpent: 0s}'),(47,'2025-07-16 10:13:42',2,'tracking','page_interaction','GVCH đã truy cập:\n\"/trangchu\": {clicks: 0, timeSpent: 4.98s}\n\"/trangchu/xemsukien_gv\": {clicks: 1, timeSpent: 0s}'),(48,'2025-07-16 10:13:46',2,'tracking','page_interaction','GVCH đã truy cập:\n\"/trangchu/xemsukien_gv\": {clicks: 0, timeSpent: 3.85s}\n\"/trangchu\": {clicks: 1, timeSpent: 0s}'),(49,'2025-07-16 10:13:47',2,'tracking','page_interaction','GVCH đã truy cập:\n\"/trangchu/xemsukien_gv\": {clicks: 0, timeSpent: 3.85s}\n\"/trangchu\": {clicks: 0, timeSpent: 0.67s}\n\"/trangchu/kpi\": {clicks: 1, timeSpent: 0s}'),(50,'2025-07-16 10:14:06',2,'tracking','page_interaction','GVCH đã truy cập:\n\"/trangchu/kpi\": {clicks: 0, timeSpent: 19.49s}\n\"/trangchu\": {clicks: 1, timeSpent: 0s}'),(51,'2025-07-16 10:14:08',2,'tracking','page_interaction','GVCH đã truy cập:\n\"/trangchu/kpi\": {clicks: 0, timeSpent: 19.49s}\n\"/trangchu\": {clicks: 0, timeSpent: 2.15s}\n\"/trangchu/tinhhinhGD\": {clicks: 1, timeSpent: 0s}'),(52,'2025-07-16 10:14:12',2,'tracking','page_interaction','GVCH đã truy cập:\n\"/trangchu/tinhhinhGD\": {clicks: 0, timeSpent: 3.17s}\n\"/trangchu\": {clicks: 1, timeSpent: 0s}'),(53,'2025-07-16 10:15:22',2,'tracking','page_interaction','GVCH đã truy cập:\n\"/trangchu\": {clicks: 0, timeSpent: 70.97s}'),(54,'2025-07-16 10:19:01',2,'tracking','page_interaction','Người dùng đã truy cập:\n\"/trangchu\": {clicks: 3, timeSpent: 0.14s}\n\"/nhanviec\": {clicks: 1, timeSpent: 0s}\n\"/lichday\": {clicks: 1, timeSpent: 0s}'),(55,'2025-07-16 10:19:04',2,'tracking','page_interaction','GVCH đã truy cập:\n\"/trangchu\": {clicks: 2, timeSpent: 2.25s}\n\"/nhanviec\": {clicks: 1, timeSpent: 0s}\n\"/lichday\": {clicks: 1, timeSpent: 0s}\n\"/menu\": {clicks: 1, timeSpent: 0s}'),(56,'2025-07-16 10:19:13',2,'tracking','page_interaction','GVCH đã truy cập:\n\"/menu\": {clicks: 0, timeSpent: 9.76s}\n\"/nhanviec\": {clicks: 1, timeSpent: 0s}'),(57,'2025-07-16 10:19:16',2,'tracking','page_interaction','GVCH đã truy cập:\n\"/nhanviec\": {clicks: 0, timeSpent: 2.58s}\n\"/progress\": {clicks: 1, timeSpent: 0s}'),(58,'2025-07-16 10:19:23',2,'tracking','page_interaction','GVCH đã truy cập:\n\"/progress\": {clicks: 0, timeSpent: 6.71s}\n\"/lichday\": {clicks: 1, timeSpent: 0s}'),(59,'2025-07-16 10:19:26',2,'tracking','page_interaction','GVCH đã truy cập:\n\"/lichday\": {clicks: 0, timeSpent: 3.33s}'),(60,'2025-07-16 10:19:40',2,'tracking','page_interaction','GVCH đã truy cập:\n\"/lichday\": {clicks: 0, timeSpent: 1.05s}\n\"/trangchu\": {clicks: 1, timeSpent: 0s}'),(61,'2025-07-16 10:19:41',2,'tracking','page_interaction','GVCH đã truy cập:\n\"/lichday\": {clicks: 0, timeSpent: 1.05s}\n\"/trangchu\": {clicks: 0, timeSpent: 0.98s}\n\"/nhanviec\": {clicks: 1, timeSpent: 0s}'),(62,'2025-07-16 10:19:41',2,'tracking','page_interaction','GVCH đã truy cập:\n\"/lichday\": {clicks: 0, timeSpent: 1.05s}\n\"/trangchu\": {clicks: 0, timeSpent: 0.98s}\n\"/nhanviec\": {clicks: 0, timeSpent: 0.58s}\n\"/progress\": {clicks: 1, timeSpent: 0s}'),(63,'2025-07-16 10:19:42',2,'tracking','page_interaction','GVCH đã truy cập:\n\"/lichday\": {clicks: 1, timeSpent: 1.05s}\n\"/trangchu\": {clicks: 0, timeSpent: 0.98s}\n\"/nhanviec\": {clicks: 0, timeSpent: 0.58s}\n\"/progress\": {clicks: 0, timeSpent: 0.54s}'),(64,'2025-07-16 10:20:22',2,'tracking','page_interaction','GVCH đã truy cập:\n\"/lichday\": {clicks: 0, timeSpent: 40.48s}\n\"/trangchu\": {clicks: 1, timeSpent: 0s}'),(65,'2025-07-16 10:21:17',2,'tracking','page_interaction','GVCH đã truy cập:\n\"/trangchu\": {clicks: 0, timeSpent: 54.7s}'),(66,'2025-07-16 10:21:42',2,'tracking','page_interaction','GVCH đã truy cập:\n\"/trangchu\": {clicks: 1, timeSpent: 0s}'),(67,'2025-07-16 10:21:42',2,'tracking','page_interaction','GVCH đã truy cập:\n\"/trangchu\": {clicks: 1, timeSpent: 0.07s}'),(68,'2025-07-16 10:21:46',2,'tracking','page_interaction','Người dùng đã truy cập:\n\"/trangchu\": {clicks: 0, timeSpent: 1.14s}\n\"/menu\": {clicks: 1, timeSpent: 0s}'),(69,'2025-07-16 10:21:46',2,'tracking','page_interaction','Người dùng đã truy cập:\n\"/trangchu\": {clicks: 0, timeSpent: 1.14s}\n\"/menu\": {clicks: 1, timeSpent: 0.12s}'),(70,'2025-07-16 10:21:47',2,'tracking','page_interaction','GVCH đã truy cập:\n\"/trangchu\": {clicks: 1, timeSpent: 1.14s}\n\"/menu\": {clicks: 0, timeSpent: 1.15s}'),(71,'2025-07-16 10:21:50',2,'tracking','page_interaction','GVCH đã truy cập:\n\"/trangchu\": {clicks: 0, timeSpent: 2.96s}\n\"/nhanviec\": {clicks: 1, timeSpent: 0s}'),(72,'2025-07-16 10:22:03',2,'tracking','page_interaction','GVCH đã truy cập:\n\"/nhanviec\": {clicks: 0, timeSpent: 12.22s}\n\"/progress\": {clicks: 1, timeSpent: 0s}'),(73,'2025-07-16 10:25:38',1,'tracking','page_interaction','Người dùng đã truy cập:\n\"/menu\": {clicks: 0, timeSpent: 16.58s}\n\"/trangchu\": {clicks: 1, timeSpent: 0.39s}'),(74,'2025-07-16 10:25:44',1,'tracking','page_interaction','GVCH đã truy cập:\n\"/trangchu\": {clicks: 0, timeSpent: 5.35s}\n\"/trangchu/kpi\": {clicks: 1, timeSpent: 0s}'),(75,'2025-07-16 10:26:05',1,'tracking','page_interaction','GVCH đã truy cập:\n\"/trangchu/kpi\": {clicks: 0, timeSpent: 21.29s}\n\"/trangchu\": {clicks: 1, timeSpent: 0s}'),(76,'2025-07-16 10:26:06',1,'tracking','page_interaction','GVCH đã truy cập:\n\"/trangchu/kpi\": {clicks: 1, timeSpent: 21.29s}\n\"/trangchu\": {clicks: 0, timeSpent: 1.15s}'),(77,'2025-07-16 10:26:19',1,'tracking','page_interaction','GVCH đã truy cập:\n\"/trangchu/kpi\": {clicks: 0, timeSpent: 12.86s}\n\"/trangchu\": {clicks: 1, timeSpent: 0s}'),(78,'2025-07-16 10:26:20',1,'tracking','page_interaction','GVCH đã truy cập:\n\"/trangchu/kpi\": {clicks: 1, timeSpent: 12.86s}\n\"/trangchu\": {clicks: 0, timeSpent: 1.25s}'),(79,'2025-07-16 10:26:24',1,'tracking','page_interaction','GVCH đã truy cập:\n\"/trangchu/kpi\": {clicks: 0, timeSpent: 3.68s}'),(80,'2025-07-16 10:26:56',1,'tracking','page_interaction','GVCH đã truy cập:\n\"/trangchu\": {clicks: 1, timeSpent: 0s}'),(81,'2025-07-16 10:26:56',1,'tracking','page_interaction','GVCH đã truy cập:\n\"/trangchu\": {clicks: 1, timeSpent: 0.32s}'),(82,'2025-07-16 10:26:57',1,'tracking','page_interaction','Người dùng đã truy cập:\n\"/trangchu\": {clicks: 0, timeSpent: 1.2s}\n\"/trangchu/kpi\": {clicks: 1, timeSpent: 0s}'),(83,'2025-07-16 10:27:07',2,'tracking','page_interaction','GVCH đã truy cập:\n\"/progress\": {clicks: 0, timeSpent: 304.09s}'),(84,'2025-07-16 10:27:07',1,'tracking','page_interaction','Người dùng đã truy cập:\n\"/trangchu/kpi\": {clicks: 0, timeSpent: 9.52s}'),(85,'2025-07-16 10:27:07',2,'tracking','page_interaction','Người dùng đã truy cập:\n\"/progress\": {clicks: 0, timeSpent: 304.09s}'),(86,'2025-07-16 10:27:07',2,'tracking','page_interaction','Người dùng đã truy cập:\n\"/\": {clicks: 1, timeSpent: 0.05s}'),(87,'2025-07-16 10:27:07',2,'tracking','page_interaction','Người dùng đã truy cập:\n\"/\": {clicks: 2, timeSpent: 0.15s}\n\"/trangchu\": {clicks: 1, timeSpent: 0.05s}'),(88,'2025-07-16 10:27:07',1,'tracking','page_interaction','Người dùng đã truy cập:\n\"/trangchu/kpi\": {clicks: 0, timeSpent: 9.52s}'),(89,'2025-07-16 10:27:07',1,'tracking','page_interaction','Người dùng đã truy cập:\n\"/\": {clicks: 1, timeSpent: 0.16s}'),(90,'2025-07-16 10:27:09',1,'tracking','page_interaction','Người dùng đã truy cập:\n\"/\": {clicks: 2, timeSpent: 0.38s}\n\"/trangchu\": {clicks: 1, timeSpent: 0.15s}'),(91,'2025-07-16 10:27:16',1,'tracking','page_interaction','GVCH đã truy cập:\n\"/\": {clicks: 0, timeSpent: 8.72s}\n\"/trangchu/kpi\": {clicks: 1, timeSpent: 0s}'),(92,'2025-07-16 10:28:28',1,'tracking','page_interaction','GVCH đã truy cập:\n\"/trangchu/kpi\": {clicks: 0, timeSpent: 71.45s}\n\"/trangchu\": {clicks: 1, timeSpent: 0s}'),(93,'2025-07-16 10:28:29',1,'tracking','page_interaction','GVCH đã truy cập:\n\"/trangchu/kpi\": {clicks: 0, timeSpent: 71.45s}\n\"/trangchu\": {clicks: 0, timeSpent: 1.69s}\n\"/trangchu/chamcong\": {clicks: 1, timeSpent: 0s}'),(94,'2025-07-16 10:28:44',2,'tracking','page_interaction','GVCH đã truy cập:\n\"/\": {clicks: 0, timeSpent: 97.53s}\n\"/nhanviec\": {clicks: 1, timeSpent: 0s}'),(95,'2025-07-16 10:28:46',1,'tracking','page_interaction','GVCH đã truy cập:\n\"/trangchu/chamcong\": {clicks: 0, timeSpent: 16.23s}\n\"/nhanviec\": {clicks: 1, timeSpent: 0s}'),(96,'2025-07-16 10:28:50',2,'tracking','page_interaction','GVCH đã truy cập:\n\"/nhanviec\": {clicks: 0, timeSpent: 5.58s}'),(97,'2025-07-16 10:28:51',1,'tracking','page_interaction','GVCH đã truy cập:\n\"/nhanviec\": {clicks: 0, timeSpent: 5.49s}\n\"/nhanviec/ChiTietCongViec_HoanThanh\": {clicks: 1, timeSpent: 0s}'),(98,'2025-07-16 10:28:56',1,'tracking','page_interaction','GVCH đã truy cập:\n\"/nhanviec/ChiTietCongViec_HoanThanh\": {clicks: 0, timeSpent: 4.45s}\n\"/trangchu/chamcong\": {clicks: 1, timeSpent: 0s}'),(99,'2025-07-16 10:29:24',2,'tracking','page_interaction','GVCH đã truy cập:\n\"/nhanviec\": {clicks: 0, timeSpent: 8.43s}\n\"/progress\": {clicks: 1, timeSpent: 0s}'),(100,'2025-07-16 10:29:55',2,'tracking','page_interaction','GVCH đã truy cập:\n\"/progress\": {clicks: 0, timeSpent: 30.76s}\n\"/trangchu\": {clicks: 1, timeSpent: 0s}'),(101,'2025-07-16 10:34:59',2,'tracking','page_interaction','GVCH đã truy cập:\n\"/trangchu\": {clicks: 0, timeSpent: 304.27s}\n\"/trangchu/kpi\": {clicks: 1, timeSpent: 0s}'),(102,'2025-07-16 10:35:03',2,'tracking','page_interaction','GVCH đã truy cập:\n\"/trangchu/kpi\": {clicks: 0, timeSpent: 3.6s}\n\"/trangchu\": {clicks: 1, timeSpent: 0s}'),(103,'2025-07-16 10:35:07',2,'tracking','page_interaction','GVCH đã truy cập:\n\"/trangchu\": {clicks: 0, timeSpent: 4.32s}\n\"/menu\": {clicks: 1, timeSpent: 0s}'),(104,'2025-07-16 10:35:29',1,'tracking','page_interaction','Người dùng đã truy cập:\n\"/trangchu\": {clicks: 2, timeSpent: 0.13s}'),(105,'2025-07-16 10:35:36',1,'tracking','page_interaction','GVCH đã truy cập:\n\"/trangchu\": {clicks: 0, timeSpent: 6.69s}\n\"/trangchu/kpi\": {clicks: 1, timeSpent: 0s}'),(106,'2025-07-16 10:37:25',1,'tracking','page_interaction','GVCH đã truy cập:\n\"/trangchu/chamcong\": {clicks: 0, timeSpent: 508.92s}\n\"/trangchu\": {clicks: 1, timeSpent: 0s}'),(107,'2025-07-16 10:37:26',1,'tracking','page_interaction','GVCH đã truy cập:\n\"/trangchu/chamcong\": {clicks: 0, timeSpent: 508.92s}\n\"/trangchu\": {clicks: 0, timeSpent: 1.42s}\n\"/trangchu/kpi\": {clicks: 1, timeSpent: 0s}'),(108,'2025-07-16 10:37:40',1,'tracking','page_interaction','GVCH đã truy cập:\n\"/trangchu/kpi\": {clicks: 0, timeSpent: 13.68s}\n\"/trangchu\": {clicks: 1, timeSpent: 0s}'),(109,'2025-07-16 10:41:48',1,'tracking','page_interaction','GVCH đã truy cập:\n\"/trangchu\": {clicks: 0, timeSpent: 247.97s}\n\"/trangchu/kpi\": {clicks: 1, timeSpent: 0s}'),(110,'2025-07-16 10:41:58',1,'tracking','page_interaction','GVCH đã truy cập:\n\"/trangchu/kpi\": {clicks: 0, timeSpent: 10.34s}\n\"/trangchu\": {clicks: 1, timeSpent: 0s}'),(111,'2025-07-16 10:41:59',1,'tracking','page_interaction','GVCH đã truy cập:\n\"/trangchu/kpi\": {clicks: 1, timeSpent: 10.34s}\n\"/trangchu\": {clicks: 0, timeSpent: 0.98s}'),(112,'2025-07-16 10:44:43',1,'tracking','page_interaction','GVCH đã truy cập:\n\"/trangchu/kpi\": {clicks: 0, timeSpent: 546.96s}\n\"/menu\": {clicks: 1, timeSpent: 0s}'),(113,'2025-07-16 10:45:14',1,'tracking','page_interaction','Người dùng đã truy cập:\n\"/trangchu\": {clicks: 2, timeSpent: 0.13s}'),(114,'2025-07-16 10:46:12',1,'tracking','page_interaction','GVCH đã truy cập:\n\"/trangchu\": {clicks: 0, timeSpent: 50.94s}\n\"/trangchu/kpi\": {clicks: 1, timeSpent: 0s}'),(115,'2025-07-16 10:46:27',1,'tracking','page_interaction','GVCH đã truy cập:\n\"/trangchu/kpi\": {clicks: 0, timeSpent: 267.74s}'),(116,'2025-07-16 10:48:20',1,'tracking','page_interaction','GVCH đã truy cập:\n\"/trangchu/kpi\": {clicks: 0, timeSpent: 135.31s}'),(117,'2025-07-16 10:48:29',1,'tracking','page_interaction','Người dùng đã truy cập:\n\"/trangchu\": {clicks: 2, timeSpent: 0.14s}'),(118,'2025-07-16 10:48:31',1,'tracking','page_interaction','GVCH đã truy cập:\n\"/trangchu\": {clicks: 1, timeSpent: 1.13s}\n\"/trangchu/kpi\": {clicks: 1, timeSpent: 0s}'),(119,'2025-07-16 10:48:48',1,'tracking','page_interaction','GVCH đã truy cập:\n\"/trangchu/kpi\": {clicks: 0, timeSpent: 18.28s}\n\"/menu\": {clicks: 1, timeSpent: 0s}'),(120,'2025-07-16 10:48:49',1,'tracking','page_interaction','GVCH đã truy cập:\n\"/trangchu/kpi\": {clicks: 0, timeSpent: 18.28s}\n\"/menu\": {clicks: 0, timeSpent: 0.73s}\n\"/lichday\": {clicks: 1, timeSpent: 0s}'),(121,'2025-07-16 10:48:50',1,'tracking','page_interaction','GVCH đã truy cập:\n\"/trangchu/kpi\": {clicks: 0, timeSpent: 18.28s}\n\"/menu\": {clicks: 1, timeSpent: 0.73s}\n\"/lichday\": {clicks: 0, timeSpent: 0.64s}'),(122,'2025-07-16 10:48:51',1,'tracking','page_interaction','GVCH đã truy cập:\n\"/trangchu/kpi\": {clicks: 1, timeSpent: 18.28s}\n\"/menu\": {clicks: 0, timeSpent: 2.11s}\n\"/lichday\": {clicks: 0, timeSpent: 0.64s}'),(123,'2025-07-16 10:48:57',1,'tracking','page_interaction','GVCH đã truy cập:\n\"/trangchu\": {clicks: 0, timeSpent: 4.87s}\n\"/trangchu/chamcong\": {clicks: 1, timeSpent: 0s}'),(124,'2025-07-16 10:50:02',1,'tracking','page_interaction','Người dùng đã truy cập:\n\"/trangchu/chamcong\": {clicks: 0, timeSpent: 63.06s}\n\"/trangchu\": {clicks: 1, timeSpent: 0.14s}'),(125,'2025-07-16 10:50:13',1,'tracking','page_interaction','GVCH đã truy cập:\n\"/trangchu\": {clicks: 0, timeSpent: 11.53s}\n\"/trangchu/kpi\": {clicks: 1, timeSpent: 0s}'),(126,'2025-07-16 10:52:00',1,'tracking','page_interaction','GVCH đã truy cập:\n\"/trangchu/kpi\": {clicks: 0, timeSpent: 106.49s}\n\"/trangchu\": {clicks: 1, timeSpent: 0s}'),(127,'2025-07-16 10:54:30',1,'tracking','page_interaction','GVCH đã truy cập:\n\"/trangchu\": {clicks: 0, timeSpent: 150.35s}'),(128,'2025-07-16 10:54:31',1,'tracking','page_interaction','GVCH đã truy cập:\n\"/trangchu\": {clicks: 0, timeSpent: 301.32s}'),(129,'2025-07-16 15:54:55',1,'traking','tab_count','GVCH đã sử dụng các tab: index: 1 lần, 126.49 giây'),(130,'2025-07-16 15:54:58',1,'traking','tab_count','GVCH đã sử dụng các tab: index: 0 lần, 0.23 giây'),(131,'2025-07-16 15:55:56',1,'traking','tab_count','GVCH đã sử dụng các tab: index: 1 lần, 11.53 giây'),(132,'2025-07-16 15:55:57',1,'traking','tab_count','GVCH đã sử dụng các tab: index: 1 lần, 11.78 giây'),(133,'2025-07-16 16:12:32',1,'traking','tab_count','GVCH đã sử dụng các tab: index: 1 lần, 25.98 giây'),(134,'2025-07-16 16:12:35',1,'traking','tab_count','GVCH đã sử dụng các tab: index: 0 lần, 0.25 giây'),(135,'2025-07-16 16:12:41',1,'traking','tab_count','GVCH đã sử dụng các tab: index: 0 lần, 4.13 giây'),(136,'2025-07-16 16:12:44',1,'traking','tab_count','GVCH đã sử dụng các tab: index: 0 lần, 0.67 giây'),(137,'2025-07-16 16:12:51',1,'traking','tab_count','GVCH đã sử dụng các tab: index: 0 lần, 0.52 giây'),(138,'2025-07-16 16:12:58',1,'traking','tab_count','GVCH đã sử dụng các tab: index: 0 lần, 1.72 giây'),(139,'2025-07-16 16:13:41',1,'traking','tab_count','GVCH đã sử dụng các tab: index: 0 lần, 41.31 giây'),(140,'2025-07-16 16:14:28',1,'traking','tab_count','GVCH đã sử dụng các tab: index: 0 lần, 45.15 giây'),(141,'2025-07-16 16:16:37',1,'traking','tab_count','GVCH đã sử dụng các tab: index: 1 lần, 37.32 giây'),(142,'2025-07-16 16:16:39',1,'traking','tab_count','GVCH đã sử dụng các tab: index: 1 lần, 37.61 giây'),(143,'2025-07-16 16:20:33',1,'traking','tab_count','GVCH đã sử dụng các tab: index: 1 lần, 26.05 giây'),(144,'2025-07-16 16:20:36',1,'traking','tab_count','GVCH đã sử dụng các tab: index: 1 lần, 26.28 giây'),(145,'2025-07-16 16:22:49',1,'traking','tab_count','GVCH đã sử dụng các tab: index: 1 lần, 25.84 giây'),(146,'2025-07-16 16:24:19',1,'traking','tab_count','GVCH đã sử dụng các tab: index: 1 lần, 22.73 giây'),(147,'2025-07-16 16:24:31',1,'traking','tab_count','GVCH đã sử dụng các tab: index: 0 lần, 0.25 giây'),(148,'2025-07-18 14:17:38',1,'traking','tab_count','GVCH đã sử dụng các tab: index: 1 lần, 96.29 giây'),(149,'2025-07-18 14:18:22',1,'traking','tab_count','GVCH đã sử dụng các tab: index: 0 lần, 0.21 giây'),(150,'2025-07-18 14:18:47',1,'traking','tab_count','GVCH đã sử dụng các tab: index: 0 lần, 1.19 giây'),(151,'2025-07-18 14:18:51',1,'traking','tab_count','GVCH đã sử dụng các tab: index: 0 lần, 1.98 giây'),(152,'2025-07-18 14:19:42',1,'traking','tab_count','GVCH đã sử dụng các tab: index: 0 lần, 0.22 giây'),(153,'2025-07-18 14:19:49',1,'traking','tab_count','GVCH đã sử dụng các tab: index: 0 lần, 2.56 giây'),(154,'2025-07-18 14:33:04',1,'traking','tab_count','GVCH đã sử dụng các tab: index: 1 lần, 92.72 giây'),(155,'2025-07-18 14:33:08',1,'traking','tab_count','GVCH đã sử dụng các tab: index: 0 lần, 0.23 giây'),(156,'2025-07-18 15:14:57',1,'traking','tab_count','GVCH đã sử dụng các tab: index: 1 lần, 9.99 giây'),(157,'2025-07-18 15:14:59',1,'traking','tab_count','GVCH đã sử dụng các tab: index: 0 lần, 0.22 giây'),(158,'2025-07-18 15:15:21',1,'traking','tab_count','GVCH đã sử dụng các tab: index: 0 lần, 20.23 giây'),(159,'2025-07-18 15:15:28',1,'traking','tab_count','GVCH đã sử dụng các tab: index: 0 lần, 3.65 giây'),(160,'2025-07-22 11:48:05',1,'tracking','page_interaction','Người dùng đã truy cập:\n\"/\": {clicks: 1, timeSpent: 0.16s}'),(161,'2025-07-22 11:48:05',1,'tracking','page_interaction','Người dùng đã truy cập:\n\"/trangchu/kpi\": {clicks: 0, timeSpent: 1067.29s}'),(162,'2025-07-22 11:48:05',1,'tracking','page_interaction','Người dùng đã truy cập:\n\"/\": {clicks: 2, timeSpent: 0.38s}\n\"/trangchu\": {clicks: 1, timeSpent: 0.14s}'),(163,'2025-07-22 11:48:08',1,'tracking','page_interaction','GVCH đã truy cập:\n\"/\": {clicks: 1, timeSpent: 2.67s}\n\"/trangchu\": {clicks: 1, timeSpent: 0.14s}\n\"/trangchu/kpi\": {clicks: 1, timeSpent: 0s}'),(164,'2025-07-22 11:48:33',1,'tracking','page_interaction','GVCH đã truy cập:\n\"/trangchu/kpi\": {clicks: 0, timeSpent: 25.15s}\n\"/trangchu\": {clicks: 1, timeSpent: 0s}'),(165,'2025-07-22 11:48:34',1,'tracking','page_interaction','GVCH đã truy cập:\n\"/trangchu/kpi\": {clicks: 1, timeSpent: 25.15s}\n\"/trangchu\": {clicks: 0, timeSpent: 0.99s}'),(166,'2025-07-22 11:49:05',1,'tracking','page_interaction','GVCH đã truy cập:\n\"/trangchu/kpi\": {clicks: 0, timeSpent: 31.47s}\n\"/trangchu\": {clicks: 1, timeSpent: 0s}'),(167,'2025-07-22 11:49:07',1,'tracking','page_interaction','GVCH đã truy cập:\n\"/trangchu/kpi\": {clicks: 1, timeSpent: 31.47s}\n\"/trangchu\": {clicks: 0, timeSpent: 1.26s}'),(168,'2025-07-22 11:49:23',1,'tracking','page_interaction','GVCH đã truy cập:\n\"/trangchu/kpi\": {clicks: 0, timeSpent: 16.2s}'),(169,'2025-07-23 14:19:53',141,'tracking','page_interaction','Người dùng đã truy cập:\n\"/trangchu\": {clicks: 2, timeSpent: 0.34s}'),(170,'2025-07-23 14:19:57',141,'tracking','page_interaction','Nhân viên đã truy cập:\n\"/trangchu\": {clicks: 0, timeSpent: 3.78s}\n\"/trangchu/kpi\": {clicks: 1, timeSpent: 0s}'),(171,'2025-07-23 14:21:10',141,'tracking','page_interaction','Nhân viên đã truy cập:\n\"/trangchu/kpi\": {clicks: 0, timeSpent: 73.03s}\n\"/menu\": {clicks: 1, timeSpent: 0s}'),(172,'2025-07-23 14:21:25',1,'tracking','page_interaction','Người dùng đã truy cập:\n\"/trangchu\": {clicks: 2, timeSpent: 0.35s}'),(173,'2025-07-23 14:21:27',1,'tracking','page_interaction','GVCH đã truy cập:\n\"/trangchu\": {clicks: 1, timeSpent: 1.81s}\n\"/trangchu/kpi\": {clicks: 1, timeSpent: 0s}'),(174,'2025-07-23 14:22:47',1,'tracking','page_interaction','GVCH đã truy cập:\n\"/trangchu/kpi\": {clicks: 0, timeSpent: 80.45s}\n\"/lichday\": {clicks: 1, timeSpent: 0s}'),(175,'2025-07-23 14:22:48',1,'tracking','page_interaction','GVCH đã truy cập:\n\"/trangchu/kpi\": {clicks: 0, timeSpent: 80.45s}\n\"/lichday\": {clicks: 0, timeSpent: 1.29s}\n\"/nhanviec\": {clicks: 1, timeSpent: 0s}'),(176,'2025-07-23 14:22:50',1,'tracking','page_interaction','GVCH đã truy cập:\n\"/trangchu/kpi\": {clicks: 1, timeSpent: 80.45s}\n\"/lichday\": {clicks: 0, timeSpent: 1.29s}\n\"/nhanviec\": {clicks: 0, timeSpent: 1.1s}'),(177,'2025-07-23 14:22:52',1,'tracking','page_interaction','GVCH đã truy cập:\n\"/trangchu/kpi\": {clicks: 0, timeSpent: 2.96s}\n\"/trangchu\": {clicks: 1, timeSpent: 0s}'),(178,'2025-07-23 14:22:56',1,'tracking','page_interaction','GVCH đã truy cập:\n\"/trangchu\": {clicks: 0, timeSpent: 3.48s}\n\"/menu\": {clicks: 1, timeSpent: 0s}'),(179,'2025-07-23 14:22:57',1,'tracking','page_interaction','GVCH đã truy cập:\n\"/trangchu\": {clicks: 0, timeSpent: 3.48s}\n\"/menu\": {clicks: 0, timeSpent: 1.35s}\n\"/menu/thongtin\": {clicks: 1, timeSpent: 0s}'),(180,'2025-07-23 14:23:09',1,'tracking','page_interaction','GVCH đã truy cập:\n\"/menu/thongtin\": {clicks: 0, timeSpent: 11.88s}\n\"/menu\": {clicks: 1, timeSpent: 0s}'),(181,'2025-07-23 14:23:11',1,'tracking','page_interaction','GVCH đã truy cập:\n\"/menu/thongtin\": {clicks: 0, timeSpent: 11.88s}\n\"/menu\": {clicks: 0, timeSpent: 1.63s}\n\"/menu/xemsukien\": {clicks: 1, timeSpent: 0s}'),(182,'2025-07-23 14:23:13',1,'tracking','page_interaction','GVCH đã truy cập:\n\"/menu/xemsukien\": {clicks: 0, timeSpent: 2.07s}\n\"/menu\": {clicks: 1, timeSpent: 0s}'),(183,'2025-07-23 14:23:14',1,'tracking','page_interaction','GVCH đã truy cập:\n\"/menu\": {clicks: 0, timeSpent: 1.17s}\n\"/trangchu\": {clicks: 1, timeSpent: 0s}'),(184,'2025-07-23 14:23:15',1,'tracking','page_interaction','GVCH đã truy cập:\n\"/menu\": {clicks: 0, timeSpent: 1.17s}\n\"/trangchu\": {clicks: 0, timeSpent: 0.82s}'),(185,'2025-07-28 14:21:58',1,'tracking','page_interaction','Người dùng đã truy cập:\n\"/\": {clicks: 1, timeSpent: 0.05s}'),(186,'2025-07-28 14:21:57',1,'tracking','page_interaction','Người dùng đã truy cập:\n\"/\": {clicks: 2, timeSpent: 0.05s}\n\"/trangchu\": {clicks: 1, timeSpent: 0.05s}'),(187,'2025-07-28 14:21:57',1,'tracking','page_interaction','Người dùng đã truy cập:\n\"/\": {clicks: 2, timeSpent: 0.12s}\n\"/trangchu\": {clicks: 1, timeSpent: 0.05s}'),(188,'2025-07-28 14:22:02',1,'tracking','page_interaction','GVCH đã truy cập:\n\"/\": {clicks: 1, timeSpent: 3.15s}\n\"/trangchu\": {clicks: 1, timeSpent: 0.05s}\n\"/trangchu/tinhhinhGD\": {clicks: 1, timeSpent: 0s}'),(189,'2025-07-28 14:22:07',1,'tracking','page_interaction','GVCH đã truy cập:\n\"/trangchu/tinhhinhGD\": {clicks: 0, timeSpent: 7.2s}\n\"/lichday\": {clicks: 1, timeSpent: 0s}'),(190,'2025-07-28 14:23:00',1,'tracking','page_interaction','GVCH đã truy cập:\n\"/lichday\": {clicks: 0, timeSpent: 53.34s}'),(191,'2025-07-28 15:49:11',142,'tracking','page_interaction','Nhân viên đã truy cập:\n\"/\": {clicks: 1, timeSpent: 1.05s}\n\"/trangchu\": {clicks: 1, timeSpent: 0.04s}\n\"/menu\": {clicks: 1, timeSpent: 0s}'),(192,'2025-07-28 15:49:09',142,'tracking','page_interaction','Người dùng đã truy cập:\n\"/\": {clicks: 2, timeSpent: 0.04s}\n\"/trangchu\": {clicks: 1, timeSpent: 0.04s}'),(193,'2025-07-28 15:49:09',142,'tracking','page_interaction','Người dùng đã truy cập:\n\"/\": {clicks: 1, timeSpent: 0.04s}'),(194,'2025-07-28 15:49:10',142,'tracking','page_interaction','Người dùng đã truy cập:\n\"/\": {clicks: 2, timeSpent: 0.1s}\n\"/trangchu\": {clicks: 1, timeSpent: 0.04s}'),(195,'2025-07-28 15:49:15',142,'tracking','page_interaction','Nhân viên đã truy cập:\n\"/\": {clicks: 1, timeSpent: 1.05s}\n\"/trangchu\": {clicks: 1, timeSpent: 0.04s}\n\"/menu\": {clicks: 0, timeSpent: 1.58s}\n\"/menu/thongtin\": {clicks: 1, timeSpent: 0s}'),(196,'2025-07-28 15:49:54',142,'tracking','page_interaction','Nhân viên đã truy cập:\n\"/menu/thongtin\": {clicks: 0, timeSpent: 43.28s}'),(197,'2025-07-28 15:49:55',142,'tracking','page_interaction','Người dùng đã truy cập:\n\"/menu/thongtin\": {clicks: 0, timeSpent: 43.28s}\n\"/trangchu\": {clicks: 1, timeSpent: 0.12s}'),(198,'2025-07-28 15:52:37',142,'tracking','page_interaction','Nhân viên đã truy cập:\n\"/trangchu\": {clicks: 0, timeSpent: 161.93s}\n\"/menu\": {clicks: 1, timeSpent: 0s}'),(199,'2025-07-28 15:52:38',142,'tracking','page_interaction','Nhân viên đã truy cập:\n\"/trangchu\": {clicks: 0, timeSpent: 161.93s}\n\"/menu\": {clicks: 0, timeSpent: 0.93s}\n\"/menu/thongtin\": {clicks: 1, timeSpent: 0s}'),(200,'2025-07-28 15:54:11',142,'tracking','page_interaction','Nhân viên đã truy cập:\n\"/menu/thongtin\": {clicks: 0, timeSpent: 92.25s}\n\"/menu\": {clicks: 1, timeSpent: 0s}'),(201,'2025-07-28 15:54:12',142,'tracking','page_interaction','Nhân viên đã truy cập:\n\"/menu/thongtin\": {clicks: 1, timeSpent: 92.25s}\n\"/menu\": {clicks: 0, timeSpent: 1.5s}'),(202,'2025-07-28 15:55:11',142,'tracking','page_interaction','Nhân viên đã truy cập:\n\"/menu/thongtin\": {clicks: 0, timeSpent: 59.09s}\n\"/trangchu\": {clicks: 1, timeSpent: 0s}'),(203,'2025-07-28 15:55:13',142,'tracking','page_interaction','Nhân viên đã truy cập:\n\"/menu/thongtin\": {clicks: 0, timeSpent: 59.09s}\n\"/trangchu\": {clicks: 0, timeSpent: 2.04s}\n\"/trangchu/kpi\": {clicks: 1, timeSpent: 0s}'),(204,'2025-07-28 15:55:38',142,'tracking','page_interaction','Nhân viên đã truy cập:\n\"/trangchu/kpi\": {clicks: 0, timeSpent: 24.55s}\n\"/menu/thongtin\": {clicks: 1, timeSpent: 0s}'),(205,'2025-07-28 15:55:40',142,'tracking','page_interaction','Nhân viên đã truy cập:\n\"/menu/thongtin\": {clicks: 0, timeSpent: 2.3s}\n\"/menu\": {clicks: 1, timeSpent: 0s}'),(206,'2025-07-28 15:55:58',1,'tracking','page_interaction','Người dùng đã truy cập:\n\"/trangchu\": {clicks: 2, timeSpent: 0.1s}'),(207,'2025-07-28 15:56:02',1,'tracking','page_interaction','GVCH đã truy cập:\n\"/trangchu\": {clicks: 0, timeSpent: 4.28s}\n\"/trangchu/chamcong\": {clicks: 1, timeSpent: 0s}'),(208,'2025-07-28 15:56:03',1,'tracking','page_interaction','GVCH đã truy cập:\n\"/trangchu\": {clicks: 1, timeSpent: 4.28s}\n\"/trangchu/chamcong\": {clicks: 0, timeSpent: 1.42s}'),(209,'2025-07-28 15:56:05',1,'tracking','page_interaction','GVCH đã truy cập:\n\"/trangchu\": {clicks: 0, timeSpent: 1.22s}\n\"/trangchu/kpi\": {clicks: 1, timeSpent: 0s}'),(210,'2025-07-28 15:56:19',1,'tracking','page_interaction','GVCH đã truy cập:\n\"/trangchu/kpi\": {clicks: 0, timeSpent: 14.22s}\n\"/trangchu\": {clicks: 1, timeSpent: 0s}'),(211,'2025-07-28 15:56:20',1,'tracking','page_interaction','GVCH đã truy cập:\n\"/trangchu/kpi\": {clicks: 1, timeSpent: 14.22s}\n\"/trangchu\": {clicks: 0, timeSpent: 1.24s}'),(212,'2025-07-28 15:57:27',1,'tracking','page_interaction','GVCH đã truy cập:\n\"/trangchu/kpi\": {clicks: 0, timeSpent: 66.95s}\n\"/trangchu\": {clicks: 1, timeSpent: 0s}'),(213,'2025-07-28 15:57:29',1,'tracking','page_interaction','GVCH đã truy cập:\n\"/trangchu/kpi\": {clicks: 1, timeSpent: 66.95s}\n\"/trangchu\": {clicks: 0, timeSpent: 1.98s}'),(214,'2025-07-28 15:58:27',1,'tracking','page_interaction','GVCH đã truy cập:\n\"/trangchu/kpi\": {clicks: 0, timeSpent: 57.75s}\n\"/menu\": {clicks: 1, timeSpent: 0s}'),(215,'2025-07-28 15:58:28',1,'tracking','page_interaction','GVCH đã truy cập:\n\"/trangchu/kpi\": {clicks: 0, timeSpent: 57.75s}\n\"/menu\": {clicks: 0, timeSpent: 1.5s}\n\"/menu/thongtin\": {clicks: 1, timeSpent: 0s}'),(216,'2025-07-28 15:58:52',1,'tracking','page_interaction','GVCH đã truy cập:\n\"/menu/thongtin\": {clicks: 0, timeSpent: 24.22s}\n\"/trangchu/kpi\": {clicks: 1, timeSpent: 0s}'),(217,'2025-07-28 15:58:54',1,'tracking','page_interaction','GVCH đã truy cập:\n\"/menu/thongtin\": {clicks: 0, timeSpent: 24.22s}\n\"/trangchu/kpi\": {clicks: 0, timeSpent: 1.96s}\n\"/trangchu\": {clicks: 1, timeSpent: 0s}'),(218,'2025-07-28 15:58:57',1,'tracking','page_interaction','GVCH đã truy cập:\n\"/trangchu\": {clicks: 0, timeSpent: 2.12s}\n\"/trangchu/xemnckh\": {clicks: 1, timeSpent: 0s}'),(219,'2025-07-28 15:59:54',1,'tracking','page_interaction','GVCH đã truy cập:\n\"/trangchu/xemnckh\": {clicks: 0, timeSpent: 57.84s}\n\"/trangchu\": {clicks: 1, timeSpent: 0s}'),(220,'2025-07-28 15:59:58',1,'tracking','page_interaction','GVCH đã truy cập:\n\"/trangchu\": {clicks: 0, timeSpent: 3.17s}\n\"/menu/thongtin\": {clicks: 1, timeSpent: 0s}'),(221,'2025-07-28 16:02:03',1,'tracking','page_interaction','GVCH đã truy cập:\n\"/menu/thongtin\": {clicks: 0, timeSpent: 125.85s}\n\"/menu\": {clicks: 1, timeSpent: 0s}'),(222,'2025-07-28 16:02:05',1,'tracking','page_interaction','GVCH đã truy cập:\n\"/menu/thongtin\": {clicks: 0, timeSpent: 125.85s}\n\"/menu\": {clicks: 0, timeSpent: 1.49s}\n\"/trangchu\": {clicks: 1, timeSpent: 0s}'),(223,'2025-07-28 16:02:06',1,'tracking','page_interaction','GVCH đã truy cập:\n\"/lichday\": {clicks: 0, timeSpent: 0.42s}\n\"/trangchu\": {clicks: 1, timeSpent: 0s}'),(224,'2025-07-28 16:02:08',1,'tracking','page_interaction','GVCH đã truy cập:\n\"/trangchu\": {clicks: 0, timeSpent: 1.83s}\n\"/trangchu/xemsukien_gv\": {clicks: 1, timeSpent: 0s}'),(225,'2025-07-28 16:02:12',1,'tracking','page_interaction','GVCH đã truy cập:\n\"/trangchu/xemsukien_gv\": {clicks: 0, timeSpent: 4.27s}\n\"/trangchu\": {clicks: 1, timeSpent: 0s}'),(226,'2025-07-28 16:02:12',1,'tracking','page_interaction','GVCH đã truy cập:\n\"/trangchu/xemsukien_gv\": {clicks: 0, timeSpent: 4.27s}\n\"/trangchu\": {clicks: 0, timeSpent: 0.27s}\n\"/trangchu/kpi\": {clicks: 1, timeSpent: 0s}'),(227,'2025-07-28 16:02:37',1,'tracking','page_interaction','GVCH đã truy cập:\n\"/trangchu/kpi\": {clicks: 0, timeSpent: 24.44s}\n\"/trangchu\": {clicks: 1, timeSpent: 0s}'),(228,'2025-07-28 16:02:40',1,'tracking','page_interaction','GVCH đã truy cập:\n\"/trangchu/kpi\": {clicks: 0, timeSpent: 24.44s}\n\"/trangchu\": {clicks: 0, timeSpent: 2.51s}\n\"/lichday\": {clicks: 1, timeSpent: 0s}'),(229,'2025-07-28 16:02:46',1,'tracking','page_interaction','GVCH đã truy cập:\n\"/lichday\": {clicks: 0, timeSpent: 5.88s}\n\"/nhanviec\": {clicks: 1, timeSpent: 0s}'),(230,'2025-07-28 16:02:49',1,'tracking','page_interaction','GVCH đã truy cập:\n\"/nhanviec\": {clicks: 0, timeSpent: 3.3s}\n\"/menu\": {clicks: 1, timeSpent: 0s}'),(231,'2025-07-28 16:03:02',1,'tracking','page_interaction','GVCH đã truy cập:\n\"/menu\": {clicks: 0, timeSpent: 13.68s}\n\"/menu/thongtin\": {clicks: 1, timeSpent: 0s}'),(232,'2025-07-28 16:04:55',1,'tracking','page_interaction','GVCH đã truy cập:\n\"/menu/thongtin\": {clicks: 0, timeSpent: 112.96s}'),(233,'2025-07-28 16:06:02',1,'tracking','page_interaction','Người dùng đã truy cập:\n\"/menu/thongtin\": {clicks: 0, timeSpent: 112.96s}\n\"/trangchu\": {clicks: 1, timeSpent: 0.12s}'),(234,'2025-07-28 16:06:02',1,'tracking','page_interaction','GVCH đã truy cập:\n\"/menu/thongtin\": {clicks: 0, timeSpent: 112.96s}\n\"/trangchu\": {clicks: 0, timeSpent: 1.01s}\n\"/menu\": {clicks: 1, timeSpent: 0s}'),(235,'2025-07-28 16:06:04',1,'tracking','page_interaction','GVCH đã truy cập:\n\"/menu/thongtin\": {clicks: 1, timeSpent: 112.96s}\n\"/trangchu\": {clicks: 0, timeSpent: 1.01s}\n\"/menu\": {clicks: 0, timeSpent: 1.21s}'),(236,'2025-07-28 16:06:40',1,'tracking','page_interaction','GVCH đã truy cập:\n\"/menu/thongtin\": {clicks: 0, timeSpent: 36.22s}\n\"/menu\": {clicks: 1, timeSpent: 0s}'),(237,'2025-07-28 16:06:41',1,'tracking','page_interaction','GVCH đã truy cập:\n\"/menu/thongtin\": {clicks: 0, timeSpent: 36.22s}\n\"/menu\": {clicks: 0, timeSpent: 1.42s}\n\"/trangchu\": {clicks: 1, timeSpent: 0s}'),(238,'2025-07-28 16:06:44',1,'tracking','page_interaction','GVCH đã truy cập:\n\"/trangchu\": {clicks: 0, timeSpent: 3.06s}\n\"/chatbot\": {clicks: 1, timeSpent: 0s}'),(239,'2025-07-28 16:06:57',1,'tracking','page_interaction','GVCH đã truy cập:\n\"/chatbot\": {clicks: 0, timeSpent: 12.42s}\n\"/trangchu\": {clicks: 1, timeSpent: 0s}'),(240,'2025-07-28 16:07:05',1,'tracking','page_interaction','GVCH đã truy cập:\n\"/trangchu\": {clicks: 0, timeSpent: 7.89s}\n\"/nhanviec\": {clicks: 1, timeSpent: 0s}'),(241,'2025-07-28 16:07:05',1,'tracking','page_interaction','GVCH đã truy cập:\n\"/trangchu\": {clicks: 0, timeSpent: 7.89s}\n\"/nhanviec\": {clicks: 0, timeSpent: 0.8s}\n\"/lichday\": {clicks: 1, timeSpent: 0s}'),(242,'2025-07-28 16:07:08',1,'tracking','page_interaction','GVCH đã truy cập:\n\"/lichday\": {clicks: 0, timeSpent: 2.55s}\n\"/menu\": {clicks: 1, timeSpent: 0s}'),(243,'2025-07-28 16:07:24',1,'tracking','page_interaction','GVCH đã truy cập:\n\"/menu\": {clicks: 0, timeSpent: 16.4s}\n\"/trangchu\": {clicks: 1, timeSpent: 0s}'),(244,'2025-07-28 16:07:25',1,'tracking','page_interaction','GVCH đã truy cập:\n\"/menu\": {clicks: 1, timeSpent: 16.4s}\n\"/trangchu\": {clicks: 0, timeSpent: 0.5s}'),(245,'2025-07-28 16:10:44',15,'tracking','page_interaction','Người dùng đã truy cập:\n\"/\": {clicks: 1, timeSpent: 0.04s}'),(246,'2025-07-28 16:10:44',15,'tracking','page_interaction','Người dùng đã truy cập:\n\"/\": {clicks: 2, timeSpent: 0.1s}\n\"/trangchu\": {clicks: 1, timeSpent: 0.04s}'),(247,'2025-07-28 16:10:44',15,'tracking','page_interaction','GVCH đã truy cập:\n\"/\": {clicks: 0, timeSpent: 0.63s}\n\"/trangchu/xemnckh\": {clicks: 1, timeSpent: 0s}'),(248,'2025-07-28 16:15:55',15,'tracking','page_interaction','GVCH đã truy cập:\n\"/trangchu/xemnckh\": {clicks: 0, timeSpent: 311.05s}\n\"/trangchu/ChiTietNCKH\": {clicks: 1, timeSpent: 0s}'),(249,'2025-07-28 16:16:06',15,'tracking','page_interaction','GVCH đã truy cập:\n\"/trangchu/ChiTietNCKH\": {clicks: 0, timeSpent: 10.93s}\n\"/trangchu/xemnckh\": {clicks: 1, timeSpent: 0s}'),(250,'2025-07-28 16:16:34',15,'tracking','page_interaction','GVCH đã truy cập:\n\"/trangchu/xemnckh\": {clicks: 0, timeSpent: 27.3s}\n\"/trangchu\": {clicks: 1, timeSpent: 0s}'),(251,'2025-07-28 16:16:39',15,'tracking','page_interaction','GVCH đã truy cập:\n\"/trangchu\": {clicks: 0, timeSpent: 5.17s}\n\"/menu\": {clicks: 1, timeSpent: 0s}'),(252,'2025-07-28 16:16:49',15,'tracking','page_interaction','GVCH đã truy cập:\n\"/menu\": {clicks: 0, timeSpent: 10s}\n\"/trangchu\": {clicks: 1, timeSpent: 0s}'),(253,'2025-07-28 16:16:51',15,'tracking','page_interaction','GVCH đã truy cập:\n\"/menu\": {clicks: 1, timeSpent: 10s}\n\"/trangchu\": {clicks: 0, timeSpent: 2.13s}'),(254,'2025-07-28 16:18:06',1,'tracking','page_interaction','Người dùng đã truy cập:\n\"/trangchu\": {clicks: 2, timeSpent: 0.1s}'),(255,'2025-07-28 16:18:08',1,'tracking','page_interaction','GVCH đã truy cập:\n\"/trangchu\": {clicks: 1, timeSpent: 1.88s}\n\"/nhanviec\": {clicks: 1, timeSpent: 0s}'),(256,'2025-07-28 16:18:09',1,'tracking','page_interaction','GVCH đã truy cập:\n\"/lichday\": {clicks: 0, timeSpent: 0.87s}\n\"/menu\": {clicks: 1, timeSpent: 0s}'),(257,'2025-07-28 16:18:37',1,'tracking','page_interaction','GVCH đã truy cập:\n\"/menu\": {clicks: 0, timeSpent: 27.92s}\n\"/lichday\": {clicks: 1, timeSpent: 0s}'),(258,'2025-07-28 16:18:37',1,'tracking','page_interaction','GVCH đã truy cập:\n\"/menu\": {clicks: 0, timeSpent: 27.92s}\n\"/lichday\": {clicks: 0, timeSpent: 0.42s}'),(259,'2025-07-28 16:18:40',1,'tracking','page_interaction','GVCH đã truy cập:\n\"/lichday\": {clicks: 0, timeSpent: 2.66s}'),(260,'2025-07-28 16:38:00',142,'tracking','page_interaction','Người dùng đã truy cập:\n\"/\": {clicks: 2, timeSpent: 0.04s}\n\"/trangchu\": {clicks: 1, timeSpent: 0.04s}'),(261,'2025-07-28 16:38:00',142,'tracking','page_interaction','Người dùng đã truy cập:\n\"/\": {clicks: 2, timeSpent: 0.11s}\n\"/trangchu\": {clicks: 1, timeSpent: 0.04s}'),(262,'2025-07-28 16:38:00',142,'tracking','page_interaction','Người dùng đã truy cập:\n\"/\": {clicks: 1, timeSpent: 0.04s}'),(263,'2025-07-28 16:38:01',142,'tracking','page_interaction','Nhân viên đã truy cập:\n\"/\": {clicks: 1, timeSpent: 1.07s}\n\"/trangchu\": {clicks: 1, timeSpent: 0.04s}\n\"/menu\": {clicks: 1, timeSpent: 0s}'),(264,'2025-07-28 16:38:02',142,'tracking','page_interaction','Nhân viên đã truy cập:\n\"/\": {clicks: 1, timeSpent: 1.07s}\n\"/trangchu\": {clicks: 1, timeSpent: 0.04s}\n\"/menu\": {clicks: 0, timeSpent: 1.23s}\n\"/menu/thongtin\": {clicks: 1, timeSpent: 0s}'),(265,'2025-07-29 07:28:42',1,'tracking','page_interaction','Người dùng đã truy cập:\n\"/trangchu\": {clicks: 2, timeSpent: 0.39s}'),(266,'2025-07-29 07:28:48',1,'tracking','page_interaction','GVCH đã truy cập:\n\"/trangchu\": {clicks: 0, timeSpent: 5.87s}\n\"/menu\": {clicks: 1, timeSpent: 0s}'),(267,'2025-07-29 07:40:19',142,'tracking','page_interaction','Người dùng đã truy cập:\n\"/\": {clicks: 2, timeSpent: 0.04s}\n\"/trangchu\": {clicks: 1, timeSpent: 0.06s}'),(268,'2025-07-29 07:40:19',142,'tracking','page_interaction','Người dùng đã truy cập:\n\"/\": {clicks: 2, timeSpent: 0.1s}\n\"/trangchu\": {clicks: 1, timeSpent: 0.06s}'),(269,'2025-07-29 07:40:19',142,'tracking','page_interaction','Người dùng đã truy cập:\n\"/\": {clicks: 1, timeSpent: 0.04s}'),(270,'2025-07-29 07:40:22',142,'tracking','page_interaction','Nhân viên đã truy cập:\n\"/\": {clicks: 0, timeSpent: 3.82s}\n\"/trangchu/chamcong\": {clicks: 1, timeSpent: 0s}'),(271,'2025-07-29 07:43:19',142,'tracking','page_interaction','Nhân viên đã truy cập:\n\"/trangchu/chamcong\": {clicks: 0, timeSpent: 176.86s}'),(272,'2025-07-29 07:43:20',142,'tracking','page_interaction','Nhân viên đã truy cập:\n\"/trangchu/chamcong\": {clicks: 0, timeSpent: 354.54s}'),(273,'2025-07-29 07:50:33',1,'tracking','page_interaction','Người dùng đã truy cập:\n\"/trangchu\": {clicks: 2, timeSpent: 0.41s}'),(274,'2025-07-29 07:57:10',142,'tracking','page_interaction','Nhân viên đã truy cập:\n\"/trangchu/chamcong\": {clicks: 0, timeSpent: 801.82s}'),(275,'2025-07-29 07:57:11',142,'tracking','page_interaction','Nhân viên đã truy cập:\n\"/trangchu/chamcong\": {clicks: 0, timeSpent: 1604.65s}'),(276,'2025-07-29 07:58:24',142,'tracking','page_interaction','Người dùng đã truy cập:\n\"/trangchu/chamcong\": {clicks: 0, timeSpent: 1604.65s}\n\"/trangchu\": {clicks: 1, timeSpent: 0.12s}'),(277,'2025-07-29 07:58:27',142,'tracking','page_interaction','Nhân viên đã truy cập:\n\"/trangchu\": {clicks: 0, timeSpent: 2.61s}\n\"/trangchu/chamcong\": {clicks: 1, timeSpent: 0s}'),(278,'2025-07-29 08:07:09',142,'tracking','page_interaction','Nhân viên đã truy cập:\n\"/trangchu/chamcong\": {clicks: 0, timeSpent: 522.16s}'),(279,'2025-07-29 08:07:10',142,'tracking','page_interaction','Nhân viên đã truy cập:\n\"/trangchu/chamcong\": {clicks: 0, timeSpent: 1045.12s}'),(280,'2025-07-29 08:13:04',142,'tracking','page_interaction','Người dùng đã truy cập:\n\"/trangchu\": {clicks: 2, timeSpent: 0.12s}'),(281,'2025-07-29 08:13:05',142,'tracking','page_interaction','Nhân viên đã truy cập:\n\"/trangchu\": {clicks: 1, timeSpent: 1.26s}\n\"/trangchu/chamcong\": {clicks: 1, timeSpent: 0s}'),(282,'2025-07-29 08:13:14',142,'tracking','page_interaction','Nhân viên đã truy cập:\n\"/trangchu/chamcong\": {clicks: 0, timeSpent: 9.07s}'),(283,'2025-07-29 08:13:15',142,'tracking','page_interaction','Nhân viên đã truy cập:\n\"/trangchu/chamcong\": {clicks: 0, timeSpent: 18.94s}'),(284,'2025-07-29 08:14:15',142,'tracking','page_interaction','Nhân viên đã truy cập:\n\"/trangchu/chamcong\": {clicks: 0, timeSpent: 24.71s}'),(285,'2025-07-29 08:14:16',142,'tracking','page_interaction','Nhân viên đã truy cập:\n\"/trangchu/chamcong\": {clicks: 0, timeSpent: 50.23s}'),(286,'2025-07-29 08:16:29',142,'tracking','page_interaction','Nhân viên đã truy cập:\n\"/trangchu/chamcong\": {clicks: 0, timeSpent: 102.58s}'),(287,'2025-07-29 08:16:30',142,'tracking','page_interaction','Nhân viên đã truy cập:\n\"/trangchu/chamcong\": {clicks: 0, timeSpent: 205.98s}'),(288,'2025-07-29 08:20:50',142,'tracking','page_interaction','Người dùng đã truy cập:\n\"/trangchu\": {clicks: 2, timeSpent: 0.1s}'),(289,'2025-07-29 08:20:52',142,'tracking','page_interaction','Nhân viên đã truy cập:\n\"/trangchu\": {clicks: 1, timeSpent: 1.91s}\n\"/trangchu/chamcong\": {clicks: 1, timeSpent: 0s}'),(290,'2025-07-29 08:21:02',142,'tracking','page_interaction','Nhân viên đã truy cập:\n\"/trangchu/chamcong\": {clicks: 0, timeSpent: 9.54s}'),(291,'2025-07-29 08:21:02',142,'tracking','page_interaction','Nhân viên đã truy cập:\n\"/trangchu/chamcong\": {clicks: 0, timeSpent: 19.88s}'),(292,'2025-07-29 08:23:40',142,'tracking','page_interaction','Nhân viên đã truy cập:\n\"/trangchu/chamcong\": {clicks: 0, timeSpent: 151.01s}'),(293,'2025-07-29 08:23:41',142,'tracking','page_interaction','Nhân viên đã truy cập:\n\"/trangchu/chamcong\": {clicks: 0, timeSpent: 302.86s}'),(294,'2025-07-29 08:26:02',142,'tracking','page_interaction','Nhân viên đã truy cập:\n\"/trangchu/chamcong\": {clicks: 0, timeSpent: 115.78s}'),(295,'2025-07-29 08:26:17',142,'tracking','page_interaction','Người dùng đã truy cập:\n\"/trangchu\": {clicks: 2, timeSpent: 0.11s}'),(296,'2025-07-29 08:26:19',142,'tracking','page_interaction','Nhân viên đã truy cập:\n\"/trangchu\": {clicks: 1, timeSpent: 1.64s}\n\"/trangchu/chamcong\": {clicks: 1, timeSpent: 0s}'),(297,'2025-07-29 08:26:27',142,'tracking','page_interaction','Nhân viên đã truy cập:\n\"/trangchu/chamcong\": {clicks: 0, timeSpent: 7.83s}'),(298,'2025-07-29 08:26:27',142,'tracking','page_interaction','Nhân viên đã truy cập:\n\"/trangchu/chamcong\": {clicks: 0, timeSpent: 16.48s}'),(299,'2025-07-29 08:31:56',142,'tracking','page_interaction','Nhân viên đã truy cập:\n\"/trangchu/chamcong\": {clicks: 0, timeSpent: 292.15s}'),(300,'2025-07-29 08:31:57',142,'tracking','page_interaction','Người dùng đã truy cập:\n\"/trangchu/chamcong\": {clicks: 0, timeSpent: 292.15s}\n\"/trangchu\": {clicks: 1, timeSpent: 0.11s}'),(301,'2025-07-29 08:33:44',142,'tracking','page_interaction','Nhân viên đã truy cập:\n\"/trangchu\": {clicks: 0, timeSpent: 107.51s}\n\"/trangchu/chamcong\": {clicks: 1, timeSpent: 0s}'),(302,'2025-07-29 08:33:52',142,'tracking','page_interaction','Nhân viên đã truy cập:\n\"/trangchu/chamcong\": {clicks: 0, timeSpent: 8.17s}'),(303,'2025-07-29 08:33:53',142,'tracking','page_interaction','Nhân viên đã truy cập:\n\"/trangchu/chamcong\": {clicks: 0, timeSpent: 17.16s}'),(304,'2025-07-29 08:39:14',142,'tracking','page_interaction','Nhân viên đã truy cập:\n\"/trangchu/chamcong\": {clicks: 0, timeSpent: 290.76s}'),(305,'2025-07-29 08:39:15',142,'tracking','page_interaction','Nhân viên đã truy cập:\n\"/trangchu/chamcong\": {clicks: 0, timeSpent: 582.58s}'),(306,'2025-07-29 08:40:01',142,'tracking','page_interaction','Người dùng đã truy cập:\n\"/trangchu/chamcong\": {clicks: 0, timeSpent: 582.58s}\n\"/trangchu\": {clicks: 1, timeSpent: 0.11s}'),(307,'2025-07-29 08:40:03',142,'tracking','page_interaction','Nhân viên đã truy cập:\n\"/trangchu/chamcong\": {clicks: 1, timeSpent: 582.58s}\n\"/trangchu\": {clicks: 0, timeSpent: 1.42s}'),(308,'2025-07-29 08:40:11',142,'tracking','page_interaction','Nhân viên đã truy cập:\n\"/trangchu/chamcong\": {clicks: 0, timeSpent: 8.4s}'),(309,'2025-07-29 08:40:12',142,'tracking','page_interaction','Nhân viên đã truy cập:\n\"/trangchu/chamcong\": {clicks: 0, timeSpent: 17.62s}'),(310,'2025-07-29 08:40:48',142,'tracking','page_interaction','Nhân viên đã truy cập:\n\"/trangchu/chamcong\": {clicks: 0, timeSpent: 7.17s}'),(311,'2025-07-29 08:40:49',142,'tracking','page_interaction','Nhân viên đã truy cập:\n\"/trangchu/chamcong\": {clicks: 0, timeSpent: 15.15s}'),(312,'2025-07-29 08:49:53',142,'tracking','page_interaction','Người dùng đã truy cập:\n\"/trangchu\": {clicks: 2, timeSpent: 0.09s}'),(313,'2025-07-29 08:49:54',142,'tracking','page_interaction','Nhân viên đã truy cập:\n\"/trangchu\": {clicks: 1, timeSpent: 1.22s}\n\"/menu\": {clicks: 1, timeSpent: 0s}'),(314,'2025-07-29 08:50:19',143,'tracking','page_interaction','Người dùng đã truy cập:\n\"/trangchu\": {clicks: 2, timeSpent: 0.1s}'),(315,'2025-07-29 08:50:22',143,'tracking','page_interaction','Nhân viên đã truy cập:\n\"/trangchu\": {clicks: 0, timeSpent: 3.21s}\n\"/trangchu/chamcong\": {clicks: 1, timeSpent: 0s}'),(316,'2025-07-29 08:52:55',143,'tracking','page_interaction','Nhân viên đã truy cập:\n\"/trangchu/chamcong\": {clicks: 0, timeSpent: 152.52s}'),(317,'2025-07-29 08:52:55',143,'tracking','page_interaction','Nhân viên đã truy cập:\n\"/trangchu/chamcong\": {clicks: 0, timeSpent: 305.85s}'),(318,'2025-07-29 08:55:20',143,'tracking','page_interaction','Nhân viên đã truy cập:\n\"/trangchu/chamcong\": {clicks: 0, timeSpent: 132.66s}'),(319,'2025-07-29 08:55:21',143,'tracking','page_interaction','Nhân viên đã truy cập:\n\"/trangchu/chamcong\": {clicks: 0, timeSpent: 266.11s}'),(320,'2025-07-29 08:57:53',143,'tracking','page_interaction','Nhân viên đã truy cập:\n\"/trangchu/chamcong\": {clicks: 0, timeSpent: 139.85s}'),(321,'2025-07-29 08:57:53',143,'tracking','page_interaction','Nhân viên đã truy cập:\n\"/trangchu/chamcong\": {clicks: 0, timeSpent: 280.51s}'),(322,'2025-07-29 08:58:18',143,'tracking','page_interaction','Nhân viên đã truy cập:\n\"/trangchu/chamcong\": {clicks: 0, timeSpent: 1.32s}'),(323,'2025-07-29 08:58:19',143,'tracking','page_interaction','Nhân viên đã truy cập:\n\"/trangchu/chamcong\": {clicks: 0, timeSpent: 3.45s}'),(324,'2025-07-29 09:02:37',143,'tracking','page_interaction','Nhân viên đã truy cập:\n\"/trangchu/chamcong\": {clicks: 0, timeSpent: 234.91s}'),(325,'2025-07-29 09:02:38',143,'tracking','page_interaction','Nhân viên đã truy cập:\n\"/trangchu/chamcong\": {clicks: 0, timeSpent: 470.63s}'),(326,'2025-07-29 09:04:56',143,'tracking','page_interaction','Nhân viên đã truy cập:\n\"/trangchu/chamcong\": {clicks: 0, timeSpent: 111.37s}'),(327,'2025-07-29 09:04:57',143,'tracking','page_interaction','Nhân viên đã truy cập:\n\"/trangchu/chamcong\": {clicks: 0, timeSpent: 223.54s}'),(328,'2025-07-29 09:06:24',143,'tracking','page_interaction','Nhân viên đã truy cập:\n\"/trangchu/chamcong\": {clicks: 0, timeSpent: 70.32s}'),(329,'2025-07-29 09:06:24',143,'tracking','page_interaction','Nhân viên đã truy cập:\n\"/trangchu/chamcong\": {clicks: 0, timeSpent: 141.24s}'),(330,'2025-07-29 09:08:28',142,'tracking','page_interaction','Người dùng đã truy cập:\n\"/trangchu\": {clicks: 2, timeSpent: 0.09s}'),(331,'2025-07-29 09:08:58',142,'tracking','page_interaction','Nhân viên đã truy cập:\n\"/trangchu\": {clicks: 0, timeSpent: 30.11s}\n\"/trangchu/chamcong\": {clicks: 1, timeSpent: 0s}'),(332,'2025-07-29 09:09:06',142,'tracking','page_interaction','Nhân viên đã truy cập:\n\"/trangchu/chamcong\": {clicks: 0, timeSpent: 7.63s}'),(333,'2025-07-29 09:09:06',142,'tracking','page_interaction','Nhân viên đã truy cập:\n\"/trangchu/chamcong\": {clicks: 0, timeSpent: 16.07s}'),(334,'2025-07-29 09:13:16',142,'tracking','page_interaction','Nhân viên đã truy cập:\n\"/trangchu/chamcong\": {clicks: 0, timeSpent: 222.73s}\n\"/nhanviec\": {clicks: 1, timeSpent: 0s}'),(335,'2025-07-29 09:13:18',142,'tracking','page_interaction','Nhân viên đã truy cập:\n\"/trangchu/chamcong\": {clicks: 1, timeSpent: 222.73s}\n\"/nhanviec\": {clicks: 0, timeSpent: 1.26s}'),(336,'2025-07-29 09:13:19',142,'tracking','page_interaction','Nhân viên đã truy cập:\n\"/trangchu/chamcong\": {clicks: 0, timeSpent: 223.8s}\n\"/nhanviec\": {clicks: 0, timeSpent: 1.26s}\n\"/menu\": {clicks: 1, timeSpent: 0s}'),(337,'2025-07-29 09:13:24',142,'tracking','page_interaction','Nhân viên đã truy cập:\n\"/menu\": {clicks: 0, timeSpent: 4.96s}'),(338,'2025-07-29 09:13:25',142,'tracking','page_interaction','Nhân viên đã truy cập:\n\"/menu\": {clicks: 0, timeSpent: 10.81s}'),(339,'2025-07-29 09:13:42',142,'tracking','page_interaction','Người dùng đã truy cập:\n\"/menu\": {clicks: 0, timeSpent: 10.81s}\n\"/trangchu\": {clicks: 1, timeSpent: 0.12s}'),(340,'2025-07-29 09:13:54',142,'tracking','page_interaction','Nhân viên đã truy cập:\n\"/trangchu\": {clicks: 0, timeSpent: 11.93s}\n\"/trangchu/chamcong\": {clicks: 1, timeSpent: 0s}'),(341,'2025-07-29 09:14:02',142,'tracking','page_interaction','Nhân viên đã truy cập:\n\"/trangchu/chamcong\": {clicks: 0, timeSpent: 7.61s}'),(342,'2025-07-29 09:14:02',142,'tracking','page_interaction','Nhân viên đã truy cập:\n\"/trangchu/chamcong\": {clicks: 0, timeSpent: 16.03s}'),(343,'2025-07-29 09:16:28',142,'tracking','page_interaction','Người dùng đã truy cập:\n\"/trangchu\": {clicks: 2, timeSpent: 0.1s}'),(344,'2025-07-29 09:16:29',142,'tracking','page_interaction','Nhân viên đã truy cập:\n\"/trangchu\": {clicks: 1, timeSpent: 1.47s}\n\"/trangchu/chamcong\": {clicks: 1, timeSpent: 0s}'),(345,'2025-07-29 09:16:37',142,'tracking','page_interaction','Nhân viên đã truy cập:\n\"/trangchu/chamcong\": {clicks: 0, timeSpent: 7.46s}'),(346,'2025-07-29 09:16:38',142,'tracking','page_interaction','Nhân viên đã truy cập:\n\"/trangchu/chamcong\": {clicks: 0, timeSpent: 15.72s}'),(347,'2025-07-29 09:21:32',142,'tracking','page_interaction','Nhân viên đã truy cập:\n\"/trangchu/chamcong\": {clicks: 0, timeSpent: 257.87s}\n\"/nhanviec\": {clicks: 1, timeSpent: 0s}'),(348,'2025-07-29 09:21:33',142,'tracking','page_interaction','Nhân viên đã truy cập:\n\"/trangchu/chamcong\": {clicks: 0, timeSpent: 257.87s}\n\"/nhanviec\": {clicks: 0, timeSpent: 0.92s}'),(349,'2025-07-29 09:21:34',142,'tracking','page_interaction','Nhân viên đã truy cập:\n\"/trangchu/chamcong\": {clicks: 0, timeSpent: 257.87s}\n\"/nhanviec\": {clicks: 0, timeSpent: 2.87s}'),(350,'2025-07-29 09:21:46',142,'tracking','page_interaction','Người dùng đã truy cập:\n\"/trangchu/chamcong\": {clicks: 0, timeSpent: 257.87s}\n\"/nhanviec\": {clicks: 0, timeSpent: 2.87s}\n\"/trangchu\": {clicks: 1, timeSpent: 0.11s}'),(351,'2025-07-29 09:21:49',142,'tracking','page_interaction','Nhân viên đã truy cập:\n\"/trangchu\": {clicks: 0, timeSpent: 2.3s}\n\"/trangchu/chamcong\": {clicks: 1, timeSpent: 0s}'),(352,'2025-07-29 09:28:33',142,'tracking','page_interaction','Nhân viên đã truy cập:\n\"/trangchu/chamcong\": {clicks: 0, timeSpent: 404.26s}'),(353,'2025-07-29 09:28:34',142,'tracking','page_interaction','Nhân viên đã truy cập:\n\"/trangchu/chamcong\": {clicks: 0, timeSpent: 809.34s}'),(354,'2025-07-29 09:38:21',142,'tracking','page_interaction','Nhân viên đã truy cập:\n\"/trangchu/chamcong\": {clicks: 0, timeSpent: 581.5s}'),(355,'2025-07-29 09:38:22',142,'tracking','page_interaction','Nhân viên đã truy cập:\n\"/trangchu/chamcong\": {clicks: 0, timeSpent: 1163.8s}'),(356,'2025-07-29 09:40:54',142,'tracking','page_interaction','Người dùng đã truy cập:\n\"/trangchu\": {clicks: 2, timeSpent: 0.1s}'),(357,'2025-07-29 09:41:02',142,'tracking','page_interaction','Nhân viên đã truy cập:\n\"/trangchu\": {clicks: 0, timeSpent: 7.59s}\n\"/trangchu/chamcong\": {clicks: 1, timeSpent: 0s}'),(358,'2025-07-29 09:41:10',142,'tracking','page_interaction','Nhân viên đã truy cập:\n\"/trangchu/chamcong\": {clicks: 0, timeSpent: 8.31s}'),(359,'2025-07-29 09:41:11',142,'tracking','page_interaction','Nhân viên đã truy cập:\n\"/trangchu/chamcong\": {clicks: 0, timeSpent: 17.43s}'),(360,'2025-07-29 09:47:03',142,'tracking','page_interaction','Nhân viên đã truy cập:\n\"/trangchu/chamcong\": {clicks: 0, timeSpent: 318.07s}'),(361,'2025-07-29 09:47:03',142,'tracking','page_interaction','Nhân viên đã truy cập:\n\"/trangchu/chamcong\": {clicks: 0, timeSpent: 318.07s}\n\"/nhanviec\": {clicks: 1, timeSpent: 0s}'),(362,'2025-07-29 09:47:05',142,'tracking','page_interaction','Nhân viên đã truy cập:\n\"/trangchu/chamcong\": {clicks: 0, timeSpent: 318.07s}\n\"/nhanviec\": {clicks: 0, timeSpent: 1.32s}\n\"/menu\": {clicks: 1, timeSpent: 0s}'),(363,'2025-07-29 09:47:05',142,'tracking','page_interaction','Nhân viên đã truy cập:\n\"/trangchu/chamcong\": {clicks: 0, timeSpent: 318.07s}\n\"/nhanviec\": {clicks: 0, timeSpent: 1.32s}\n\"/menu\": {clicks: 0, timeSpent: 0.67s}'),(364,'2025-07-29 09:47:14',142,'tracking','page_interaction','Người dùng đã truy cập:\n\"/trangchu\": {clicks: 2, timeSpent: 0.12s}'),(365,'2025-07-29 09:47:41',142,'tracking','page_interaction','Nhân viên đã truy cập:\n\"/trangchu\": {clicks: 0, timeSpent: 26.46s}\n\"/nhanviec\": {clicks: 1, timeSpent: 0s}'),(366,'2025-07-29 09:47:41',142,'tracking','page_interaction','Nhân viên đã truy cập:\n\"/trangchu\": {clicks: 1, timeSpent: 26.46s}\n\"/nhanviec\": {clicks: 0, timeSpent: 0.69s}'),(367,'2025-07-29 09:47:42',142,'tracking','page_interaction','Nhân viên đã truy cập:\n\"/trangchu\": {clicks: 0, timeSpent: 27.2s}\n\"/nhanviec\": {clicks: 0, timeSpent: 0.69s}\n\"/trangchu/chamcong\": {clicks: 1, timeSpent: 0s}'),(368,'2025-07-29 09:47:50',142,'tracking','page_interaction','Nhân viên đã truy cập:\n\"/trangchu/chamcong\": {clicks: 0, timeSpent: 7.72s}'),(369,'2025-07-29 09:47:50',142,'tracking','page_interaction','Nhân viên đã truy cập:\n\"/trangchu/chamcong\": {clicks: 0, timeSpent: 16.25s}'),(370,'2025-07-29 09:50:49',142,'tracking','page_interaction','Nhân viên đã truy cập:\n\"/trangchu/chamcong\": {clicks: 0, timeSpent: 121.55s}\n\"/menu\": {clicks: 1, timeSpent: 0s}'),(371,'2025-07-29 09:51:00',142,'tracking','page_interaction','Người dùng đã truy cập:\n\"/trangchu\": {clicks: 2, timeSpent: 0.1s}'),(372,'2025-07-29 09:51:02',142,'tracking','page_interaction','Nhân viên đã truy cập:\n\"/trangchu\": {clicks: 1, timeSpent: 1.72s}\n\"/trangchu/chamcong\": {clicks: 1, timeSpent: 0s}'),(373,'2025-07-29 09:55:53',142,'tracking','page_interaction','Nhân viên đã truy cập:\n\"/trangchu/chamcong\": {clicks: 0, timeSpent: 290.13s}'),(374,'2025-07-29 09:55:54',142,'tracking','page_interaction','Nhân viên đã truy cập:\n\"/trangchu/chamcong\": {clicks: 0, timeSpent: 581.08s}'),(375,'2025-07-29 09:58:07',142,'tracking','page_interaction','Nhân viên đã truy cập:\n\"/trangchu/chamcong\": {clicks: 0, timeSpent: 126.68s}\n\"/trangchu\": {clicks: 1, timeSpent: 0s}'),(376,'2025-07-29 09:58:08',142,'tracking','page_interaction','Nhân viên đã truy cập:\n\"/trangchu/chamcong\": {clicks: 0, timeSpent: 126.68s}\n\"/trangchu\": {clicks: 0, timeSpent: 1.19s}\n\"/menu\": {clicks: 1, timeSpent: 0s}'),(377,'2025-07-29 09:58:11',142,'tracking','page_interaction','Nhân viên đã truy cập:\n\"/menu\": {clicks: 0, timeSpent: 2.33s}'),(378,'2025-07-29 09:58:13',142,'tracking','page_interaction','Nhân viên đã truy cập:\n\"/trangchu\": {clicks: 1, timeSpent: 0s}'),(379,'2025-07-29 09:58:14',142,'tracking','page_interaction','Nhân viên đã truy cập:\n\"/trangchu\": {clicks: 0, timeSpent: 1.08s}\n\"/trangchu/chamcong\": {clicks: 1, timeSpent: 0s}'),(380,'2025-07-29 10:00:40',142,'tracking','page_interaction','Nhân viên đã truy cập:\n\"/trangchu/chamcong\": {clicks: 0, timeSpent: 9.91s}'),(381,'2025-07-29 10:00:40',142,'tracking','page_interaction','Nhân viên đã truy cập:\n\"/trangchu/chamcong\": {clicks: 0, timeSpent: 20.62s}'),(382,'2025-07-29 10:00:48',142,'tracking','page_interaction','Nhân viên đã truy cập:\n\"/trangchu/chamcong\": {clicks: 0, timeSpent: 1.56s}'),(383,'2025-07-29 10:00:48',142,'tracking','page_interaction','Nhân viên đã truy cập:\n\"/trangchu/chamcong\": {clicks: 0, timeSpent: 3.93s}'),(384,'2025-07-29 10:00:53',142,'tracking','page_interaction','Nhân viên đã truy cập:\n\"/trangchu/chamcong\": {clicks: 0, timeSpent: 1.25s}'),(385,'2025-07-29 10:00:54',142,'tracking','page_interaction','Nhân viên đã truy cập:\n\"/trangchu/chamcong\": {clicks: 0, timeSpent: 3.29s}'),(386,'2025-07-29 10:03:57',1,'tracking','page_interaction','Người dùng đã truy cập:\n\"/trangchu\": {clicks: 2, timeSpent: 0.11s}'),(387,'2025-07-29 10:03:58',1,'tracking','page_interaction','GVCH đã truy cập:\n\"/trangchu\": {clicks: 1, timeSpent: 1.24s}\n\"/trangchu/chamcong\": {clicks: 1, timeSpent: 0s}'),(388,'2025-07-29 10:04:15',1,'tracking','page_interaction','GVCH đã truy cập:\n\"/trangchu/chamcong\": {clicks: 0, timeSpent: 17.56s}'),(389,'2025-07-29 10:04:17',1,'tracking','page_interaction','GVCH đã truy cập:\n\"/trangchu/chamcong\": {clicks: 0, timeSpent: 36.68s}'),(390,'2025-07-29 10:04:30',1,'tracking','page_interaction','GVCH đã truy cập:\n\"/trangchu/chamcong\": {clicks: 0, timeSpent: 7.49s}'),(391,'2025-07-29 10:04:31',1,'tracking','page_interaction','GVCH đã truy cập:\n\"/trangchu/chamcong\": {clicks: 0, timeSpent: 15.78s}'),(392,'2025-07-29 10:09:11',1,'tracking','page_interaction','GVCH đã truy cập:\n\"/trangchu/chamcong\": {clicks: 0, timeSpent: 264.35s}\n\"/trangchu\": {clicks: 1, timeSpent: 0s}'),(393,'2025-07-29 10:09:17',1,'tracking','page_interaction','GVCH đã truy cập:\n\"/trangchu\": {clicks: 0, timeSpent: 5.59s}\n\"/nhanviec\": {clicks: 1, timeSpent: 0s}'),(394,'2025-07-29 10:09:18',1,'tracking','page_interaction','GVCH đã truy cập:\n\"/trangchu\": {clicks: 0, timeSpent: 5.59s}\n\"/nhanviec\": {clicks: 0, timeSpent: 1.12s}\n\"/lichday\": {clicks: 1, timeSpent: 0s}'),(395,'2025-07-29 10:09:22',1,'tracking','page_interaction','GVCH đã truy cập:\n\"/lichday\": {clicks: 0, timeSpent: 3.7s}\n\"/menu\": {clicks: 1, timeSpent: 0s}'),(396,'2025-07-29 10:09:25',1,'tracking','page_interaction','GVCH đã truy cập:\n\"/menu\": {clicks: 0, timeSpent: 2.83s}\n\"/menu/xemsukien\": {clicks: 1, timeSpent: 0s}'),(397,'2025-07-29 10:09:27',1,'tracking','page_interaction','GVCH đã truy cập:\n\"/menu/xemsukien\": {clicks: 0, timeSpent: 2.66s}\n\"/menu\": {clicks: 1, timeSpent: 0s}'),(398,'2025-07-29 10:09:29',1,'tracking','page_interaction','GVCH đã truy cập:\n\"/menu/xemsukien\": {clicks: 0, timeSpent: 2.66s}\n\"/menu\": {clicks: 0, timeSpent: 2.04s}\n\"/lichday\": {clicks: 1, timeSpent: 0s}'),(399,'2025-07-29 10:09:30',1,'tracking','page_interaction','GVCH đã truy cập:\n\"/lichday\": {clicks: 0, timeSpent: 0.63s}\n\"/nhanviec\": {clicks: 1, timeSpent: 0s}'),(400,'2025-07-29 10:09:31',1,'tracking','page_interaction','GVCH đã truy cập:\n\"/lichday\": {clicks: 0, timeSpent: 0.63s}\n\"/nhanviec\": {clicks: 0, timeSpent: 0.86s}\n\"/trangchu\": {clicks: 1, timeSpent: 0s}'),(401,'2025-07-29 10:09:32',1,'tracking','page_interaction','GVCH đã truy cập:\n\"/trangchu\": {clicks: 0, timeSpent: 0.86s}\n\"/nhanviec\": {clicks: 1, timeSpent: 0s}'),(402,'2025-07-29 10:09:36',1,'tracking','page_interaction','GVCH đã truy cập:\n\"/nhanviec\": {clicks: 0, timeSpent: 3.71s}\n\"/trangchu\": {clicks: 1, timeSpent: 0s}'),(403,'2025-07-29 10:09:42',1,'tracking','page_interaction','GVCH đã truy cập:\n\"/trangchu\": {clicks: 0, timeSpent: 6.85s}\n\"/trangchu/xemnckh\": {clicks: 1, timeSpent: 0s}'),(404,'2025-07-29 10:09:47',1,'tracking','page_interaction','GVCH đã truy cập:\n\"/trangchu/xemnckh\": {clicks: 0, timeSpent: 4.3s}\n\"/trangchu\": {clicks: 1, timeSpent: 0s}'),(405,'2025-07-29 10:09:48',1,'tracking','page_interaction','GVCH đã truy cập:\n\"/trangchu/xemnckh\": {clicks: 0, timeSpent: 4.3s}\n\"/trangchu\": {clicks: 0, timeSpent: 1.26s}\n\"/nhanviec\": {clicks: 1, timeSpent: 0s}'),(406,'2025-07-29 10:09:51',1,'tracking','page_interaction','GVCH đã truy cập:\n\"/nhanviec\": {clicks: 0, timeSpent: 2.79s}\n\"/lichday\": {clicks: 1, timeSpent: 0s}'),(407,'2025-07-29 10:10:08',1,'tracking','page_interaction','GVCH đã truy cập:\n\"/lichday\": {clicks: 0, timeSpent: 17.22s}\n\"/trangchu\": {clicks: 1, timeSpent: 0s}'),(408,'2025-07-29 10:10:09',1,'tracking','page_interaction','GVCH đã truy cập:\n\"/lichday\": {clicks: 1, timeSpent: 17.22s}\n\"/trangchu\": {clicks: 0, timeSpent: 1.24s}'),(409,'2025-07-29 10:10:10',1,'tracking','page_interaction','GVCH đã truy cập:\n\"/lichday\": {clicks: 0, timeSpent: 17.85s}\n\"/trangchu\": {clicks: 0, timeSpent: 1.24s}\n\"/menu\": {clicks: 1, timeSpent: 0s}'),(410,'2025-07-29 10:10:13',1,'tracking','page_interaction','GVCH đã truy cập:\n\"/menu\": {clicks: 0, timeSpent: 3.51s}\n\"/menu/thongtin\": {clicks: 1, timeSpent: 0s}'),(411,'2025-07-29 10:10:20',1,'tracking','page_interaction','GVCH đã truy cập:\n\"/menu/thongtin\": {clicks: 0, timeSpent: 6.35s}\n\"/menu\": {clicks: 1, timeSpent: 0s}'),(412,'2025-07-29 10:10:45',1,'tracking','page_interaction','Người dùng đã truy cập:\n\"/trangchu\": {clicks: 2, timeSpent: 0.11s}'),(413,'2025-07-29 10:10:47',1,'tracking','page_interaction','GVCH đã truy cập:\n\"/trangchu\": {clicks: 1, timeSpent: 2.09s}\n\"/menu\": {clicks: 1, timeSpent: 0s}'),(414,'2025-07-29 10:10:52',1,'tracking','page_interaction','GVCH đã truy cập:\n\"/menu\": {clicks: 0, timeSpent: 5.3s}\n\"/trangchu\": {clicks: 1, timeSpent: 0s}'),(415,'2025-07-29 10:10:52',1,'tracking','page_interaction','GVCH đã truy cập:\n\"/menu\": {clicks: 0, timeSpent: 5.3s}\n\"/trangchu\": {clicks: 0, timeSpent: 0.09s}'),(416,'2025-07-29 10:10:53',1,'tracking','page_interaction','GVCH đã truy cập:\n\"/menu\": {clicks: 0, timeSpent: 5.3s}\n\"/trangchu\": {clicks: 0, timeSpent: 1.11s}'),(417,'2025-07-29 15:51:47',9,'tracking','page_interaction','Người dùng đã truy cập:\n\"/trangchu\": {clicks: 2, timeSpent: 0.53s}'),(418,'2025-07-29 15:52:06',1,'tracking','page_interaction','Người dùng đã truy cập:\n\"/trangchu\": {clicks: 2, timeSpent: 0.39s}'),(419,'2025-07-29 15:52:09',1,'tracking','page_interaction','GVCH đã truy cập:\n\"/trangchu\": {clicks: 0, timeSpent: 3.77s}\n\"/menu\": {clicks: 1, timeSpent: 0s}'),(420,'2025-07-29 15:52:31',9,'tracking','page_interaction','Viện Trưởng đã truy cập:\n\"/trangchu\": {clicks: 0, timeSpent: 43.15s}\n\"/trangchu/xemnckh\": {clicks: 1, timeSpent: 0s}'),(421,'2025-07-29 15:52:42',9,'tracking','page_interaction','Viện Trưởng đã truy cập:\n\"/trangchu/xemnckh\": {clicks: 0, timeSpent: 11.13s}\n\"/trangchu/nhapNCKH\": {clicks: 1, timeSpent: 0s}'),(422,'2025-07-29 15:53:51',146,'tracking','page_interaction','Người dùng đã truy cập:\n\"/trangchu\": {clicks: 2, timeSpent: 0.38s}'),(423,'2025-07-29 15:54:00',146,'tracking','page_interaction','Nhân viên đã truy cập:\n\"/trangchu\": {clicks: 0, timeSpent: 8.22s}\n\"/trangchu/xemsukien_gv\": {clicks: 1, timeSpent: 0s}'),(424,'2025-07-29 15:54:10',146,'tracking','page_interaction','Nhân viên đã truy cập:\n\"/trangchu/xemsukien_gv\": {clicks: 0, timeSpent: 9.83s}\n\"/trangchu\": {clicks: 1, timeSpent: 0s}'),(425,'2025-07-29 15:54:15',146,'tracking','page_interaction','Nhân viên đã truy cập:\n\"/trangchu\": {clicks: 0, timeSpent: 5.44s}\n\"/trangchu/tinhhinhGD\": {clicks: 1, timeSpent: 0s}'),(426,'2025-07-29 15:54:19',146,'tracking','page_interaction','Nhân viên đã truy cập:\n\"/trangchu/tinhhinhGD\": {clicks: 0, timeSpent: 3.54s}\n\"/trangchu\": {clicks: 1, timeSpent: 0s}'),(427,'2025-07-29 15:54:22',146,'tracking','page_interaction','Nhân viên đã truy cập:\n\"/trangchu\": {clicks: 0, timeSpent: 3.91s}\n\"/menu\": {clicks: 1, timeSpent: 0s}'),(428,'2025-07-29 15:54:24',146,'tracking','page_interaction','Nhân viên đã truy cập:\n\"/trangchu\": {clicks: 0, timeSpent: 3.91s}\n\"/menu\": {clicks: 0, timeSpent: 1.82s}\n\"/menu/thongtin\": {clicks: 1, timeSpent: 0s}'),(429,'2025-07-29 15:54:44',146,'tracking','page_interaction','Nhân viên đã truy cập:\n\"/menu/thongtin\": {clicks: 0, timeSpent: 19.86s}\n\"/nhanviec\": {clicks: 1, timeSpent: 0s}'),(430,'2025-07-29 15:54:48',146,'tracking','page_interaction','Nhân viên đã truy cập:\n\"/nhanviec\": {clicks: 0, timeSpent: 4.02s}\n\"/trangchu\": {clicks: 1, timeSpent: 0s}'),(431,'2025-07-29 15:55:01',146,'tracking','page_interaction','Nhân viên đã truy cập:\n\"/trangchu\": {clicks: 0, timeSpent: 12.87s}\n\"/trangchu/kpi\": {clicks: 1, timeSpent: 0s}'),(432,'2025-07-29 15:55:08',146,'tracking','page_interaction','Nhân viên đã truy cập:\n\"/trangchu/kpi\": {clicks: 0, timeSpent: 7.17s}\n\"/trangchu\": {clicks: 1, timeSpent: 0s}'),(433,'2025-07-29 15:56:00',146,'tracking','page_interaction','Nhân viên đã truy cập:\n\"/trangchu\": {clicks: 0, timeSpent: 52.25s}\n\"/trangchu/xemsukien_gv\": {clicks: 1, timeSpent: 0s}'),(434,'2025-07-29 15:56:08',146,'tracking','page_interaction','Nhân viên đã truy cập:\n\"/trangchu/xemsukien_gv\": {clicks: 0, timeSpent: 6.71s}\n\"/trangchu\": {clicks: 1, timeSpent: 0s}'),(435,'2025-07-29 15:56:14',146,'tracking','page_interaction','Nhân viên đã truy cập:\n\"/trangchu\": {clicks: 0, timeSpent: 7.29s}\n\"/trangchu/xemsukien_gv\": {clicks: 1, timeSpent: 0s}'),(436,'2025-07-29 15:56:18',146,'tracking','page_interaction','Nhân viên đã truy cập:\n\"/trangchu/xemsukien_gv\": {clicks: 0, timeSpent: 3.57s}\n\"/trangchu/nhapsukien\": {clicks: 1, timeSpent: 0s}'),(437,'2025-07-29 15:56:32',146,'tracking','page_interaction','Nhân viên đã truy cập:\n\"/trangchu/nhapsukien\": {clicks: 0, timeSpent: 14.16s}\n\"/trangchu/xemsukien_gv\": {clicks: 1, timeSpent: 0s}'),(438,'2025-07-29 16:04:40',146,'tracking','page_interaction','Nhân viên đã truy cập:\n\"/trangchu/xemsukien_gv\": {clicks: 0, timeSpent: 487.76s}\n\"/menu/thongtin\": {clicks: 1, timeSpent: 0s}'),(439,'2025-07-29 16:04:41',146,'tracking','page_interaction','Nhân viên đã truy cập:\n\"/trangchu/xemsukien_gv\": {clicks: 0, timeSpent: 487.76s}\n\"/menu/thongtin\": {clicks: 0, timeSpent: 0.63s}\n\"/menu\": {clicks: 1, timeSpent: 0s}'),(440,'2025-07-29 16:04:43',146,'tracking','page_interaction','Nhân viên đã truy cập:\n\"/trangchu/xemsukien_gv\": {clicks: 0, timeSpent: 487.76s}\n\"/menu/thongtin\": {clicks: 1, timeSpent: 0.63s}\n\"/menu\": {clicks: 0, timeSpent: 1.87s}'),(441,'2025-07-29 16:06:53',9,'tracking','page_interaction','Viện Trưởng đã truy cập:\n\"/trangchu/nhapNCKH\": {clicks: 0, timeSpent: 851.38s}'),(442,'2025-07-29 16:06:54',9,'tracking','page_interaction','Người dùng đã truy cập:\n\"/trangchu/nhapNCKH\": {clicks: 0, timeSpent: 851.38s}'),(443,'2025-07-29 16:06:54',9,'tracking','page_interaction','Người dùng đã truy cập:\n\"/\": {clicks: 1, timeSpent: 0.2s}'),(444,'2025-07-29 16:06:55',9,'tracking','page_interaction','Người dùng đã truy cập:\n\"/\": {clicks: 2, timeSpent: 0.52s}\n\"/trangchu\": {clicks: 1, timeSpent: 0.19s}'),(445,'2025-07-29 16:06:57',9,'tracking','page_interaction','Viện Trưởng đã truy cập:\n\"/\": {clicks: 1, timeSpent: 3.07s}\n\"/trangchu\": {clicks: 1, timeSpent: 0.19s}\n\"/trangchu/xemnckh\": {clicks: 1, timeSpent: 0s}'),(446,'2025-07-29 16:07:01',9,'tracking','page_interaction','Viện Trưởng đã truy cập:\n\"/trangchu/xemnckh\": {clicks: 0, timeSpent: 3.69s}\n\"/trangchu/nhapNCKH\": {clicks: 1, timeSpent: 0s}'),(447,'2025-07-29 16:07:20',146,'tracking','page_interaction','Nhân viên đã truy cập:\n\"/menu/thongtin\": {clicks: 0, timeSpent: 156.99s}\n\"/menu\": {clicks: 1, timeSpent: 0s}'),(448,'2025-07-29 16:07:22',9,'tracking','page_interaction','Viện Trưởng đã truy cập:\n\"/trangchu/nhapNCKH\": {clicks: 0, timeSpent: 19.67s}'),(449,'2025-07-29 16:07:49',1,'tracking','page_interaction','Người dùng đã truy cập:\n\"/trangchu\": {clicks: 2, timeSpent: 0.37s}'),(450,'2025-07-29 16:07:52',1,'tracking','page_interaction','GVCH đã truy cập:\n\"/trangchu\": {clicks: 1, timeSpent: 3.67s}\n\"/menu\": {clicks: 1, timeSpent: 0s}'),(451,'2025-07-29 16:07:53',1,'tracking','page_interaction','GVCH đã truy cập:\n\"/menu\": {clicks: 0, timeSpent: 1.32s}\n\"/menu/thongtin\": {clicks: 1, timeSpent: 0s}'),(452,'2025-07-29 16:15:44',9,'tracking','page_interaction','Viện Trưởng đã truy cập:\n\"/trangchu/nhapNCKH\": {clicks: 0, timeSpent: 484.38s}'),(453,'2025-07-29 16:15:45',9,'tracking','page_interaction','Người dùng đã truy cập:\n\"/\": {clicks: 1, timeSpent: 0.2s}'),(454,'2025-07-29 16:15:45',9,'tracking','page_interaction','Người dùng đã truy cập:\n\"/trangchu/nhapNCKH\": {clicks: 0, timeSpent: 484.38s}'),(455,'2025-07-29 16:15:46',9,'tracking','page_interaction','Người dùng đã truy cập:\n\"/\": {clicks: 2, timeSpent: 0.51s}\n\"/trangchu\": {clicks: 1, timeSpent: 0.18s}'),(456,'2025-07-29 16:15:48',9,'tracking','page_interaction','Viện Trưởng đã truy cập:\n\"/\": {clicks: 1, timeSpent: 2.78s}\n\"/trangchu\": {clicks: 1, timeSpent: 0.18s}\n\"/trangchu/xemnckh\": {clicks: 1, timeSpent: 0s}'),(457,'2025-07-29 16:16:17',9,'tracking','page_interaction','Viện Trưởng đã truy cập:\n\"/trangchu/xemnckh\": {clicks: 0, timeSpent: 28.63s}\n\"/trangchu\": {clicks: 1, timeSpent: 0s}'),(458,'2025-07-29 16:16:52',9,'tracking','page_interaction','Viện Trưởng đã truy cập:\n\"/trangchu\": {clicks: 0, timeSpent: 35.4s}\n\"/trangchu/xemnckh\": {clicks: 1, timeSpent: 0s}'),(459,'2025-07-29 16:17:06',9,'tracking','page_interaction','Viện Trưởng đã truy cập:\n\"/trangchu/xemnckh\": {clicks: 0, timeSpent: 14.56s}\n\"/menu\": {clicks: 1, timeSpent: 0s}'),(460,'2025-07-29 16:17:21',9,'tracking','page_interaction','Người dùng đã truy cập:\n\"/trangchu\": {clicks: 2, timeSpent: 0.63s}'),(461,'2025-07-29 16:17:24',9,'tracking','page_interaction','Viện Trưởng đã truy cập:\n\"/trangchu\": {clicks: 1, timeSpent: 2.83s}\n\"/trangchu/xemnckh\": {clicks: 1, timeSpent: 0s}'),(462,'2025-07-29 16:18:27',9,'tracking','page_interaction','Viện Trưởng đã truy cập:\n\"/trangchu/xemnckh\": {clicks: 0, timeSpent: 58.81s}'),(463,'2025-07-29 16:19:35',1,'tracking','page_interaction','GVCH đã truy cập:\n\"/menu/thongtin\": {clicks: 0, timeSpent: 702.29s}\n\"/trangchu\": {clicks: 1, timeSpent: 0s}'),(464,'2025-07-29 16:19:37',1,'tracking','page_interaction','GVCH đã truy cập:\n\"/menu/thongtin\": {clicks: 0, timeSpent: 702.29s}\n\"/trangchu\": {clicks: 0, timeSpent: 1.8s}\n\"/trangchu/xemsukien_gv\": {clicks: 1, timeSpent: 0s}'),(465,'2025-07-29 16:19:48',1,'tracking','page_interaction','GVCH đã truy cập:\n\"/trangchu/xemsukien_gv\": {clicks: 0, timeSpent: 10.98s}\n\"/menu/thongtin\": {clicks: 1, timeSpent: 0s}'),(466,'2025-07-29 16:19:54',1,'tracking','page_interaction','GVCH đã truy cập:\n\"/menu/thongtin\": {clicks: 0, timeSpent: 5.45s}\n\"/menu\": {clicks: 1, timeSpent: 0s}'),(467,'2025-07-29 16:19:55',1,'tracking','page_interaction','GVCH đã truy cập:\n\"/menu/thongtin\": {clicks: 1, timeSpent: 5.45s}\n\"/menu\": {clicks: 0, timeSpent: 1.77s}'),(468,'2025-07-29 16:19:59',1,'tracking','page_interaction','GVCH đã truy cập:\n\"/menu/thongtin\": {clicks: 0, timeSpent: 2.68s}\n\"/menu\": {clicks: 1, timeSpent: 0s}'),(469,'2025-07-29 16:20:00',1,'tracking','page_interaction','GVCH đã truy cập:\n\"/menu/thongtin\": {clicks: 0, timeSpent: 2.68s}\n\"/menu\": {clicks: 0, timeSpent: 1.82s}\n\"/menu/xemsukien\": {clicks: 1, timeSpent: 0s}'),(470,'2025-07-29 16:20:12',1,'tracking','page_interaction','GVCH đã truy cập:\n\"/menu/xemsukien\": {clicks: 0, timeSpent: 11.18s}\n\"/menu\": {clicks: 1, timeSpent: 0s}'),(471,'2025-07-29 16:20:36',1,'tracking','page_interaction','GVCH đã truy cập:\n\"/trangchu/xemsukien_gv\": {clicks: 0, timeSpent: 19.38s}\n\"/menu\": {clicks: 1, timeSpent: 0s}'),(472,'2025-07-29 16:20:58',146,'tracking','page_interaction','Người dùng đã truy cập:\n\"/trangchu\": {clicks: 2, timeSpent: 0.36s}'),(473,'2025-07-29 16:20:59',146,'tracking','page_interaction','Nhân viên đã truy cập:\n\"/trangchu\": {clicks: 1, timeSpent: 3.42s}\n\"/trangchu/xemsukien_gv\": {clicks: 1, timeSpent: 0s}'),(474,'2025-07-29 16:21:09',146,'tracking','page_interaction','Nhân viên đã truy cập:\n\"/trangchu/xemsukien_gv\": {clicks: 0, timeSpent: 10.09s}\n\"/trangchu\": {clicks: 1, timeSpent: 0s}'),(475,'2025-07-29 16:21:12',146,'tracking','page_interaction','Nhân viên đã truy cập:\n\"/trangchu/xemsukien_gv\": {clicks: 0, timeSpent: 10.09s}\n\"/trangchu\": {clicks: 0, timeSpent: 2.39s}\n\"/menu\": {clicks: 1, timeSpent: 0s}'),(476,'2025-07-29 16:21:32',1,'tracking','page_interaction','Người dùng đã truy cập:\n\"/trangchu\": {clicks: 2, timeSpent: 0.4s}'),(477,'2025-07-29 16:21:41',1,'tracking','page_interaction','GVCH đã truy cập:\n\"/trangchu\": {clicks: 0, timeSpent: 9.01s}\n\"/trangchu/xemsukien_gv\": {clicks: 1, timeSpent: 0s}'),(478,'2025-07-29 16:21:46',1,'tracking','page_interaction','GVCH đã truy cập:\n\"/trangchu/xemsukien_gv\": {clicks: 0, timeSpent: 4.55s}\n\"/trangchu/nhapsukien\": {clicks: 1, timeSpent: 0s}'),(479,'2025-07-29 16:22:57',1,'tracking','page_interaction','GVCH đã truy cập:\n\"/trangchu/nhapsukien\": {clicks: 0, timeSpent: 71.88s}'),(480,'2025-07-29 16:24:56',9,'tracking','page_interaction','Viện Trưởng đã truy cập:\n\"/trangchu/nhapNCKH\": {clicks: 1, timeSpent: 0s}'),(481,'2025-07-29 16:25:14',9,'tracking','page_interaction','Viện Trưởng đã truy cập:\n\"/trangchu/nhapNCKH\": {clicks: 0, timeSpent: 1.64s}'),(482,'2025-07-29 16:25:32',9,'tracking','page_interaction','Viện Trưởng đã truy cập:\n\"/trangchu/xemnckh\": {clicks: 1, timeSpent: 0s}'),(483,'2025-07-29 16:26:24',9,'tracking','page_interaction','Viện Trưởng đã truy cập:\n\"/trangchu/xemnckh\": {clicks: 0, timeSpent: 1.38s}\n\"/trangchu/nhapNCKH\": {clicks: 1, timeSpent: 0s}'),(484,'2025-07-29 16:26:36',9,'tracking','page_interaction','Viện Trưởng đã truy cập:\n\"/trangchu/nhapNCKH\": {clicks: 0, timeSpent: 4.39s}'),(485,'2025-07-29 16:26:46',9,'tracking','page_interaction','Viện Trưởng đã truy cập:\n\"/trangchu/nhapNCKH\": {clicks: 0, timeSpent: 0.3s}'),(486,'2025-07-29 16:27:02',9,'tracking','page_interaction','Viện Trưởng đã truy cập:\n\"/menu\": {clicks: 1, timeSpent: 0s}'),(487,'2025-07-29 16:33:09',9,'tracking','page_interaction','Người dùng đã truy cập:\n\"/trangchu\": {clicks: 2, timeSpent: 0.62s}'),(488,'2025-07-29 16:33:17',9,'tracking','page_interaction','Viện Trưởng đã truy cập:\n\"/trangchu\": {clicks: 0, timeSpent: 8.06s}\n\"/trangchu/xemnckh\": {clicks: 1, timeSpent: 0s}'),(489,'2025-07-29 16:33:24',9,'tracking','page_interaction','Viện Trưởng đã truy cập:\n\"/trangchu/xemnckh\": {clicks: 0, timeSpent: 6.76s}\n\"/trangchu/ChiTietNCKH\": {clicks: 1, timeSpent: 0s}'),(490,'2025-07-29 16:33:30',9,'tracking','page_interaction','Viện Trưởng đã truy cập:\n\"/trangchu/ChiTietNCKH\": {clicks: 0, timeSpent: 6.33s}\n\"/menu\": {clicks: 1, timeSpent: 0s}'),(491,'2025-07-29 16:34:07',9,'tracking','page_interaction','Người dùng đã truy cập:\n\"/trangchu\": {clicks: 2, timeSpent: 0.65s}'),(492,'2025-07-29 16:34:58',9,'tracking','page_interaction','Viện Trưởng đã truy cập:\n\"/trangchu\": {clicks: 0, timeSpent: 50.66s}'),(493,'2025-07-29 16:34:59',9,'tracking','page_interaction','Người dùng đã truy cập:\n\"/trangchu\": {clicks: 0, timeSpent: 50.66s}'),(494,'2025-07-29 16:34:59',9,'tracking','page_interaction','Người dùng đã truy cập:\n\"/\": {clicks: 1, timeSpent: 0.21s}'),(495,'2025-07-29 16:35:01',9,'tracking','page_interaction','Người dùng đã truy cập:\n\"/\": {clicks: 2, timeSpent: 0.53s}\n\"/trangchu\": {clicks: 1, timeSpent: 0.2s}'),(496,'2025-07-29 16:35:22',9,'tracking','page_interaction','Viện Trưởng đã truy cập:\n\"/\": {clicks: 0, timeSpent: 22.51s}\n\"/nhanviec/task\": {clicks: 1, timeSpent: 0s}'),(497,'2025-07-29 16:35:35',9,'tracking','page_interaction','Viện Trưởng đã truy cập:\n\"/nhanviec/task\": {clicks: 0, timeSpent: 13.34s}\n\"/trangchu\": {clicks: 1, timeSpent: 0s}'),(498,'2025-07-29 16:35:44',9,'tracking','page_interaction','Viện Trưởng đã truy cập:\n\"/trangchu\": {clicks: 0, timeSpent: 8.27s}\n\"/progress\": {clicks: 1, timeSpent: 0s}'),(499,'2025-07-29 16:35:45',9,'tracking','page_interaction','Viện Trưởng đã truy cập:\n\"/trangchu\": {clicks: 1, timeSpent: 8.27s}\n\"/progress\": {clicks: 0, timeSpent: 1.41s}'),(500,'2025-07-29 16:35:47',9,'tracking','page_interaction','Viện Trưởng đã truy cập:\n\"/trangchu\": {clicks: 0, timeSpent: 2.04s}\n\"/trangchu/xemnckh\": {clicks: 1, timeSpent: 0s}'),(501,'2025-07-29 16:35:54',9,'tracking','page_interaction','Viện Trưởng đã truy cập:\n\"/trangchu/xemnckh\": {clicks: 0, timeSpent: 6.98s}\n\"/trangchu/ChiTietNCKH\": {clicks: 1, timeSpent: 0s}'),(502,'2025-07-29 16:36:00',9,'tracking','page_interaction','Viện Trưởng đã truy cập:\n\"/trangchu/ChiTietNCKH\": {clicks: 0, timeSpent: 5.4s}\n\"/trangchu\": {clicks: 1, timeSpent: 0s}'),(503,'2025-07-29 16:36:01',9,'tracking','page_interaction','Viện Trưởng đã truy cập:\n\"/trangchu/ChiTietNCKH\": {clicks: 0, timeSpent: 5.4s}\n\"/trangchu\": {clicks: 0, timeSpent: 2.1s}\n\"/trangchu/xemnckh\": {clicks: 1, timeSpent: 0s}'),(504,'2025-07-29 16:36:09',9,'tracking','page_interaction','Viện Trưởng đã truy cập:\n\"/trangchu/xemnckh\": {clicks: 0, timeSpent: 7.21s}\n\"/trangchu/nhapNCKH\": {clicks: 1, timeSpent: 0s}'),(505,'2025-07-29 16:36:30',9,'tracking','page_interaction','Viện Trưởng đã truy cập:\n\"/trangchu/nhapNCKH\": {clicks: 0, timeSpent: 20.94s}'),(506,'2025-07-29 16:36:57',9,'tracking','page_interaction','Viện Trưởng đã truy cập:\n\"/trangchu/xemnckh\": {clicks: 1, timeSpent: 0s}'),(507,'2025-07-29 16:36:59',9,'tracking','page_interaction','Viện Trưởng đã truy cập:\n\"/trangchu/xemnckh\": {clicks: 0, timeSpent: 2.01s}\n\"/trangchu\": {clicks: 1, timeSpent: 0s}'),(508,'2025-07-29 16:37:01',9,'tracking','page_interaction','Viện Trưởng đã truy cập:\n\"/trangchu\": {clicks: 0, timeSpent: 2.55s}\n\"/trangchu/xemnckh\": {clicks: 1, timeSpent: 0s}'),(509,'2025-07-29 16:37:28',9,'tracking','page_interaction','Viện Trưởng đã truy cập:\n\"/trangchu/xemnckh\": {clicks: 0, timeSpent: 26.23s}\n\"/trangchu\": {clicks: 1, timeSpent: 0s}'),(510,'2025-07-29 16:37:32',9,'tracking','page_interaction','Viện Trưởng đã truy cập:\n\"/trangchu\": {clicks: 0, timeSpent: 4.33s}\n\"/menu\": {clicks: 1, timeSpent: 0s}'),(511,'2025-07-29 16:40:56',9,'tracking','page_interaction','Viện Trưởng đã truy cập:\n\"/menu\": {clicks: 0, timeSpent: 204.34s}\n\"/menu/thongtin\": {clicks: 1, timeSpent: 0s}'),(512,'2025-07-29 16:41:00',9,'tracking','page_interaction','Viện Trưởng đã truy cập:\n\"/menu/thongtin\": {clicks: 0, timeSpent: 4.16s}\n\"/menu\": {clicks: 1, timeSpent: 0s}'),(513,'2025-07-30 07:20:24',1,'tracking','page_interaction','Người dùng đã truy cập:\n\"/trangchu\": {clicks: 2, timeSpent: 0.1s}'),(514,'2025-07-30 07:20:27',1,'tracking','page_interaction','GVCH đã truy cập:\n\"/trangchu\": {clicks: 0, timeSpent: 2.8s}\n\"/trangchu/xemnckh\": {clicks: 1, timeSpent: 0s}'),(515,'2025-07-30 07:22:00',1,'tracking','page_interaction','GVCH đã truy cập:\n\"/trangchu/xemnckh\": {clicks: 0, timeSpent: 92.4s}\n\"/nhanviec\": {clicks: 1, timeSpent: 0s}'),(516,'2025-07-30 07:22:03',1,'tracking','page_interaction','GVCH đã truy cập:\n\"/nhanviec\": {clicks: 0, timeSpent: 3.08s}\n\"/trangchu/xemnckh\": {clicks: 1, timeSpent: 0s}'),(517,'2025-07-30 07:22:20',1,'tracking','page_interaction','GVCH đã truy cập:\n\"/trangchu/xemnckh\": {clicks: 0, timeSpent: 17.35s}\n\"/trangchu\": {clicks: 1, timeSpent: 0s}'),(518,'2025-07-30 07:22:22',1,'tracking','page_interaction','GVCH đã truy cập:\n\"/trangchu/xemnckh\": {clicks: 0, timeSpent: 17.35s}\n\"/trangchu\": {clicks: 0, timeSpent: 1.99s}\n\"/trangchu/kpi\": {clicks: 1, timeSpent: 0s}'),(519,'2025-07-30 07:23:56',1,'tracking','page_interaction','GVCH đã truy cập:\n\"/trangchu/kpi\": {clicks: 0, timeSpent: 94.47s}\n\"/trangchu\": {clicks: 1, timeSpent: 0s}'),(520,'2025-07-30 07:23:57',1,'tracking','page_interaction','GVCH đã truy cập:\n\"/trangchu/kpi\": {clicks: 0, timeSpent: 94.47s}\n\"/trangchu\": {clicks: 0, timeSpent: 0.6s}\n\"/trangchu/tinhhinhGD\": {clicks: 1, timeSpent: 0s}'),(521,'2025-07-30 07:23:58',1,'tracking','page_interaction','GVCH đã truy cập:\n\"/trangchu/kpi\": {clicks: 0, timeSpent: 94.47s}\n\"/trangchu\": {clicks: 1, timeSpent: 0.6s}\n\"/trangchu/tinhhinhGD\": {clicks: 0, timeSpent: 1.15s}'),(522,'2025-07-30 07:23:59',1,'tracking','page_interaction','GVCH đã truy cập:\n\"/trangchu\": {clicks: 0, timeSpent: 0.63s}\n\"/trangchu/xemsukien_gv\": {clicks: 1, timeSpent: 0s}'),(523,'2025-07-30 07:24:05',1,'tracking','page_interaction','GVCH đã truy cập:\n\"/trangchu/xemsukien_gv\": {clicks: 0, timeSpent: 6.69s}\n\"/trangchu\": {clicks: 1, timeSpent: 0s}'),(524,'2025-07-30 07:24:09',1,'tracking','page_interaction','GVCH đã truy cập:\n\"/trangchu\": {clicks: 0, timeSpent: 3.66s}\n\"/nhanviec\": {clicks: 1, timeSpent: 0s}'),(525,'2025-07-30 07:24:10',1,'tracking','page_interaction','GVCH đã truy cập:\n\"/trangchu\": {clicks: 0, timeSpent: 3.66s}\n\"/nhanviec\": {clicks: 0, timeSpent: 1.02s}\n\"/lichday\": {clicks: 1, timeSpent: 0s}'),(526,'2025-07-30 07:24:11',1,'tracking','page_interaction','GVCH đã truy cập:\n\"/trangchu\": {clicks: 0, timeSpent: 3.66s}\n\"/nhanviec\": {clicks: 0, timeSpent: 1.02s}\n\"/lichday\": {clicks: 0, timeSpent: 1.23s}\n\"/menu\": {clicks: 1, timeSpent: 0s}'),(527,'2025-07-30 07:24:13',1,'tracking','page_interaction','GVCH đã truy cập:\n\"/menu\": {clicks: 0, timeSpent: 1.55s}\n\"/trangchu\": {clicks: 1, timeSpent: 0s}'),(528,'2025-07-30 07:24:14',1,'tracking','page_interaction','GVCH đã truy cập:\n\"/trangchu\": {clicks: 0, timeSpent: 0.86s}\n\"/trangchu/xemnckh\": {clicks: 1, timeSpent: 0s}'),(529,'2025-07-30 07:24:19',1,'tracking','page_interaction','GVCH đã truy cập:\n\"/trangchu/xemnckh\": {clicks: 0, timeSpent: 5.66s}\n\"/trangchu\": {clicks: 1, timeSpent: 0s}'),(530,'2025-07-30 07:24:59',1,'tracking','page_interaction','GVCH đã truy cập:\n\"/trangchu\": {clicks: 0, timeSpent: 39.36s}\n\"/trangchu/xemnckh\": {clicks: 1, timeSpent: 0s}'),(531,'2025-07-30 07:25:00',1,'tracking','page_interaction','GVCH đã truy cập:\n\"/trangchu\": {clicks: 0, timeSpent: 39.36s}\n\"/trangchu/xemnckh\": {clicks: 0, timeSpent: 0.93s}'),(532,'2025-07-30 07:25:01',1,'tracking','page_interaction','GVCH đã truy cập:\n\"/trangchu/xemnckh\": {clicks: 0, timeSpent: 2.47s}'),(533,'2025-07-30 07:25:15',1,'tracking','page_interaction','Người dùng đã truy cập:\n\"/trangchu/xemnckh\": {clicks: 0, timeSpent: 2.47s}\n\"/trangchu\": {clicks: 1, timeSpent: 0.11s}'),(534,'2025-07-30 07:25:25',1,'tracking','page_interaction','GVCH đã truy cập:\n\"/trangchu\": {clicks: 0, timeSpent: 9.96s}\n\"/menu\": {clicks: 1, timeSpent: 0s}'),(535,'2025-07-30 07:25:38',1,'tracking','page_interaction','GVCH đã truy cập:\n\"/menu\": {clicks: 0, timeSpent: 12.97s}\n\"/trangchu\": {clicks: 1, timeSpent: 0s}'),(536,'2025-07-30 07:25:38',1,'tracking','page_interaction','GVCH đã truy cập:\n\"/menu\": {clicks: 0, timeSpent: 12.97s}\n\"/trangchu\": {clicks: 0, timeSpent: 0.56s}\n\"/trangchu/xemnckh\": {clicks: 1, timeSpent: 0s}'),(537,'2025-07-30 07:26:27',1,'tracking','page_interaction','GVCH đã truy cập:\n\"/trangchu/xemnckh\": {clicks: 0, timeSpent: 48.43s}');
/*!40000 ALTER TABLE `log` ENABLE KEYS */;
UNLOCK TABLES;

--
-- Table structure for table `nhom_yeu_thich`
--

DROP TABLE IF EXISTS `nhom_yeu_thich`;
/*!40101 SET @saved_cs_client     = @@character_set_client */;
/*!50503 SET character_set_client = utf8mb4 */;
CREATE TABLE `nhom_yeu_thich` (
  `ma_nhom_yeu_thich` int NOT NULL AUTO_INCREMENT,
  `ngay_tao` date NOT NULL,
  `ma_vien_chuc_tao` int DEFAULT NULL,
  `ten_nhom` varchar(100) CHARACTER SET utf8mb4 COLLATE utf8mb4_0900_ai_ci NOT NULL,
  PRIMARY KEY (`ma_nhom_yeu_thich`),
  KEY `ma_giang_vien_tao` (`ma_vien_chuc_tao`),
  CONSTRAINT `nhom_yeu_thich_ibfk_1` FOREIGN KEY (`ma_vien_chuc_tao`) REFERENCES `vien_chuc` (`ma_tai_khoan`) ON DELETE CASCADE ON UPDATE CASCADE
) ENGINE=InnoDB AUTO_INCREMENT=5 DEFAULT CHARSET=utf8mb4 COLLATE=utf8mb4_0900_ai_ci;
/*!40101 SET character_set_client = @saved_cs_client */;

--
-- Dumping data for table `nhom_yeu_thich`
--

LOCK TABLES `nhom_yeu_thich` WRITE;
/*!40000 ALTER TABLE `nhom_yeu_thich` DISABLE KEYS */;
INSERT INTO `nhom_yeu_thich` VALUES (4,'2025-06-25',9,'Nhóm yêu thích');
/*!40000 ALTER TABLE `nhom_yeu_thich` ENABLE KEYS */;
UNLOCK TABLES;

--
-- Table structure for table `su_kien`
--

DROP TABLE IF EXISTS `su_kien`;
/*!40101 SET @saved_cs_client     = @@character_set_client */;
/*!50503 SET character_set_client = utf8mb4 */;
CREATE TABLE `su_kien` (
  `ma_su_kien` int NOT NULL AUTO_INCREMENT,
  `loai_su_kien` enum('trong_truong','ngoai_truong') NOT NULL DEFAULT 'ngoai_truong',
  `ma_vien_chuc` int DEFAULT NULL,
  `ten_su_kien` varchar(255) NOT NULL,
  `dia_diem` varchar(255) DEFAULT NULL,
  `ngay_mo_dang_ki` datetime DEFAULT NULL,
  `ngay_ket_thuc_dang_ki` datetime DEFAULT NULL,
  `ngay_dien_ra` datetime DEFAULT NULL,
  `thoi_gian` varchar(100) DEFAULT NULL,
  `don_vi_chu_tri` varchar(255) DEFAULT NULL,
  `banner` varchar(255) DEFAULT NULL,
  `ghi_chu` varchar(255) DEFAULT NULL,
  `trang_thai` enum('Sắp diễn ra','Đang diễn ra','Đã kết thúc','Đã tham gia') DEFAULT NULL,
  `created_at` datetime DEFAULT CURRENT_TIMESTAMP,
  `updated_at` datetime DEFAULT CURRENT_TIMESTAMP ON UPDATE CURRENT_TIMESTAMP,
  PRIMARY KEY (`ma_su_kien`),
  KEY `ma_vien_chuc` (`ma_vien_chuc`),
  KEY `don_vi_chu_tri` (`don_vi_chu_tri`),
  CONSTRAINT `su_kien_ibfk_3` FOREIGN KEY (`ma_vien_chuc`) REFERENCES `vien_chuc` (`ma_tai_khoan`) ON DELETE CASCADE ON UPDATE CASCADE
) ENGINE=InnoDB AUTO_INCREMENT=10 DEFAULT CHARSET=utf8mb4 COLLATE=utf8mb4_0900_ai_ci;
/*!40101 SET character_set_client = @saved_cs_client */;

--
-- Dumping data for table `su_kien`
--

LOCK TABLES `su_kien` WRITE;
/*!40000 ALTER TABLE `su_kien` DISABLE KEYS */;
INSERT INTO `su_kien` VALUES (1,'trong_truong',1,'Hội thảo AI 2025','Hội trường lớn','2025-07-29 08:00:00','2025-08-10 17:00:00','2025-08-15 09:00:00','08:00 - 11:30','Khoa CNTT','https://drive.google.com/uc?id=1HybKJeUBEET6LB0Wt0vPSnGsArSau_Bi','Mặc áo đồng phục','Sắp diễn ra','2025-07-29 16:32:31','2025-07-29 16:32:31'),(2,'trong_truong',9,'Hội thảo AI 2025','Hội trường lớn','2025-08-01 08:00:00','2025-08-10 17:00:00','2025-08-15 09:00:00','08:00 - 11:30','Khoa CNTT',NULL,'Mặc áo đồng phục','Sắp diễn ra','2025-08-04 13:20:46','2025-08-04 13:20:46'),(3,'trong_truong',9,'Hội thảo AI 2025','Hội trường lớn','2025-08-01 08:00:00','2025-08-10 17:00:00','2025-08-15 09:00:00','08:00 - 11:30','Khoa CNTT',NULL,'Mặc áo đồng phục','Sắp diễn ra','2025-08-04 13:23:20','2025-08-04 13:23:20'),(4,'trong_truong',9,'Hội thảo AI 2025','Hội trường lớn','2025-08-01 08:00:00','2025-08-10 17:00:00','2025-08-15 09:00:00','08:00 - 11:30','Khoa CNTT',NULL,'Mặc áo đồng phục','Sắp diễn ra','2025-08-04 13:43:36','2025-08-04 13:43:36'),(5,'trong_truong',9,'Hội thảo AI 2025','Hội trường lớn','2025-08-01 08:00:00','2025-08-10 17:00:00','2025-08-15 09:00:00','08:00 - 11:30','Khoa CNTT',NULL,'Mặc áo đồng phục','Sắp diễn ra','2025-08-04 13:44:07','2025-08-04 13:44:07'),(6,'trong_truong',9,'Hội thảo AI 2025','Hội trường lớn','2025-08-01 08:00:00','2025-08-10 17:00:00','2025-08-15 09:00:00','08:00 - 11:30','Khoa CNTT',NULL,'Mặc áo đồng phục','Sắp diễn ra','2025-08-04 13:45:34','2025-08-04 13:45:34'),(7,'trong_truong',9,'Hội thảo AI 2025','Hội trường lớn','2025-08-01 08:00:00','2025-08-10 17:00:00','2025-08-15 09:00:00','08:00 - 11:30','Khoa CNTT',NULL,'Mặc áo đồng phục','Sắp diễn ra','2025-08-04 13:58:48','2025-08-04 13:58:48'),(8,'trong_truong',9,'Hội thảo AI 2025','Hội trường lớn','2025-08-01 08:00:00','2025-08-10 17:00:00','2025-08-15 09:00:00','08:00 - 11:30','Khoa CNTT',NULL,'Mặc áo đồng phục','Sắp diễn ra','2025-08-04 13:59:36','2025-08-04 13:59:36'),(9,'trong_truong',9,'Hội thảo AI 2025','Hội trường lớn','2025-08-01 08:00:00','2025-08-10 17:00:00','2025-08-15 09:00:00','08:00 - 11:30','Khoa CNTT',NULL,'Mặc áo đồng phục','Sắp diễn ra','2025-08-04 14:12:06','2025-08-04 14:12:06');
/*!40000 ALTER TABLE `su_kien` ENABLE KEYS */;
UNLOCK TABLES;

--
-- Table structure for table `su_kien_tham_gia`
--

DROP TABLE IF EXISTS `su_kien_tham_gia`;
/*!40101 SET @saved_cs_client     = @@character_set_client */;
/*!50503 SET character_set_client = utf8mb4 */;
CREATE TABLE `su_kien_tham_gia` (
  `id` int NOT NULL AUTO_INCREMENT,
  `ma_su_kien` int NOT NULL,
  `ma_vien_chuc` int NOT NULL,
  `trang_thai` enum('da_dang_ky','da_tham_gia','huy') DEFAULT 'da_dang_ky',
  `hinh_thuc` enum('tu_phat','dang_ki_truoc','khac') DEFAULT 'dang_ki_truoc',
  `thoi_gian_dang_ky` datetime DEFAULT CURRENT_TIMESTAMP,
  `thoi_gian_tham_gia` datetime DEFAULT NULL,
  `ghi_chu` varchar(255) DEFAULT NULL,
  PRIMARY KEY (`id`),
  KEY `ma_su_kien` (`ma_su_kien`),
  KEY `ma_vien_chuc` (`ma_vien_chuc`),
  CONSTRAINT `sk_tham_gia_fk_sukien` FOREIGN KEY (`ma_su_kien`) REFERENCES `su_kien` (`ma_su_kien`) ON DELETE CASCADE,
  CONSTRAINT `su_kien_tham_gia_ibfk_1` FOREIGN KEY (`ma_vien_chuc`) REFERENCES `vien_chuc` (`ma_tai_khoan`) ON DELETE CASCADE ON UPDATE CASCADE
) ENGINE=InnoDB AUTO_INCREMENT=10 DEFAULT CHARSET=utf8mb4 COLLATE=utf8mb4_0900_ai_ci;
/*!40101 SET character_set_client = @saved_cs_client */;

--
-- Dumping data for table `su_kien_tham_gia`
--

LOCK TABLES `su_kien_tham_gia` WRITE;
/*!40000 ALTER TABLE `su_kien_tham_gia` DISABLE KEYS */;
INSERT INTO `su_kien_tham_gia` VALUES (9,2,9,'da_dang_ky','dang_ki_truoc','2025-08-04 16:10:26',NULL,NULL);
/*!40000 ALTER TABLE `su_kien_tham_gia` ENABLE KEYS */;
UNLOCK TABLES;

--
-- Table structure for table `thong_bao_fcm`
--

DROP TABLE IF EXISTS `thong_bao_fcm`;
/*!40101 SET @saved_cs_client     = @@character_set_client */;
/*!50503 SET character_set_client = utf8mb4 */;
CREATE TABLE `thong_bao_fcm` (
  `id` bigint unsigned NOT NULL AUTO_INCREMENT,
  `ma_tai_khoan` int NOT NULL,
  `tieu_de` varchar(255) NOT NULL,
  `noi_dung` text NOT NULL,
  `payload` json DEFAULT NULL,
  `loai` varchar(100) DEFAULT NULL,
  `route` varchar(63) DEFAULT NULL,
  `trang_thai` enum('cho_gui','da_gui','that_bai') DEFAULT 'cho_gui',
  `da_xem` tinyint(1) DEFAULT '0',
  `thoi_gian_xem` datetime DEFAULT NULL,
  `so_lan_gui` int DEFAULT '0',
  `thoi_gian_gui` datetime DEFAULT NULL,
  `loi_gui` text,
  `created_at` datetime DEFAULT CURRENT_TIMESTAMP,
  `updated_at` datetime DEFAULT CURRENT_TIMESTAMP ON UPDATE CURRENT_TIMESTAMP,
  PRIMARY KEY (`id`)
) ENGINE=InnoDB AUTO_INCREMENT=3 DEFAULT CHARSET=utf8mb4 COLLATE=utf8mb4_0900_ai_ci;
/*!40101 SET character_set_client = @saved_cs_client */;

--
-- Dumping data for table `thong_bao_fcm`
--

LOCK TABLES `thong_bao_fcm` WRITE;
/*!40000 ALTER TABLE `thong_bao_fcm` DISABLE KEYS */;
INSERT INTO `thong_bao_fcm` VALUES (1,141,'? Công việc mới được giao','string | Hạn: 2025-08-05','{\"mo_ta\": \"string\", \"muc_do\": \"Khẩn Cấp\", \"tien_do\": \"0\", \"tieu_de\": \"string\", \"ngay_tao\": \"2025-08-04\", \"trang_thai\": \"Chờ tiếp nhận\", \"ma_cong_viec\": \"111\", \"ngay_hoan_thanh\": \"None\", \"ma_vien_chuc_tao\": \"9\", \"ngay_hoan_thanh_du_kien\": \"2025-08-05\", \"ho_va_ten_chiu_trach_nhiem\": \"Không rõ\", \"ma_vien_chuc_chiu_trach_nhiem\": \"141\"}','cong_viec_moi','/trangchu/chitietsukien_gv?id=9','da_gui',1,'2025-08-04 16:20:48',1,'2025-08-04 07:45:49',NULL,'2025-08-04 07:45:50','2025-08-04 16:24:23'),(2,142,'? Công việc mới được giao','string | Hạn: 2025-08-05','{\"mo_ta\": \"string\", \"muc_do\": \"Khẩn Cấp\", \"tien_do\": \"0\", \"tieu_de\": \"string\", \"ngay_tao\": \"2025-08-04\", \"trang_thai\": \"Chờ tiếp nhận\", \"ma_cong_viec\": \"111\", \"ngay_hoan_thanh\": \"None\", \"ma_vien_chuc_tao\": \"9\", \"ngay_hoan_thanh_du_kien\": \"2025-08-05\", \"ho_va_ten_chiu_trach_nhiem\": \"Không rõ\", \"ma_vien_chuc_chiu_trach_nhiem\": \"141\"}','cong_viec_moi',NULL,'that_bai',0,NULL,1,'2025-08-04 07:45:50','The registration token is not a valid FCM registration token','2025-08-04 07:45:50','2025-08-04 07:45:50');
/*!40000 ALTER TABLE `thong_bao_fcm` ENABLE KEYS */;
UNLOCK TABLES;

--
-- Table structure for table `thuoc_tinh_hd_nckh`
--

DROP TABLE IF EXISTS `thuoc_tinh_hd_nckh`;
/*!40101 SET @saved_cs_client     = @@character_set_client */;
/*!50503 SET character_set_client = utf8mb4 */;
CREATE TABLE `thuoc_tinh_hd_nckh` (
  `ma_thuoc_tinh` int NOT NULL AUTO_INCREMENT,
  `ten_thuoc_tinh` varchar(255) NOT NULL,
  `ma_loai_hd` int NOT NULL,
  `ma_field` varchar(50) NOT NULL,
  `kieu_du_lieu` varchar(20) NOT NULL DEFAULT 'TEXT',
  `is_bat_buoc` tinyint(1) NOT NULL DEFAULT '0',
  `ghi_chu` varchar(255) DEFAULT NULL,
  PRIMARY KEY (`ma_thuoc_tinh`),
  KEY `ma_loai_hd` (`ma_loai_hd`),
  CONSTRAINT `thuoc_tinh_hd_nckh_ibfk_1` FOREIGN KEY (`ma_loai_hd`) REFERENCES `loai_hd_nckh` (`ma_loai_hd`)
) ENGINE=InnoDB AUTO_INCREMENT=51 DEFAULT CHARSET=utf8mb4 COLLATE=utf8mb4_0900_ai_ci;
/*!40101 SET character_set_client = @saved_cs_client */;

--
-- Dumping data for table `thuoc_tinh_hd_nckh`
--

LOCK TABLES `thuoc_tinh_hd_nckh` WRITE;
/*!40000 ALTER TABLE `thuoc_tinh_hd_nckh` DISABLE KEYS */;
INSERT INTO `thuoc_tinh_hd_nckh` VALUES (1,'Tên đề tài/dự án',1,'ten_de_tai','TEXT',0,NULL),(2,'Quyết định giao, mã số, cấp quản lý',1,'qd_giao_ma_so','TEXT',1,NULL),(3,'Số tháng thực hiện',1,'so_thang','INT',0,NULL),(4,'Kinh phí',1,'kinh_phi','FLOAT',0,'đơn vị triệu đồng'),(5,'Chủ nhiệm & người tham gia',1,'chu_nhiem_tham_gia','TEXT',1,NULL),(6,'Quyết định nghiệm thu',1,'qd_nghiem_thu','TEXT',1,NULL),(7,'Kết quả nghiệm thu',1,'ket_qua_nghiem_thu','TEXT',0,NULL),(8,'Quy giờ chuẩn',1,'quy_gio_chuan','FLOAT',0,NULL),(9,'Họ và tên người hướng dẫn',2,'ten_nguoi_huong_dan','TEXT',1,NULL),(10,'Tên người được hướng dẫn',2,'ten_nguoi_duoc_huong_dan','TEXT',0,NULL),(11,'Đề tài hướng dẫn ',2,'de_tai_huong_dan','TEXT',0,'(khóa luận, luận văn, luận án)'),(12,'Tháng, năm tốt nghiệp',2,'thoi_diem_tot_nghiep','DATE',1,NULL),(13,'Loại đề tài ',2,'loai_de_tai','TEXT',1,'(KL, LV, LA)'),(14,'Thời gian hướng dẫn ',2,'thoi_gian_huong_dan','INT',0,'(số tháng)'),(15,'Quy giờ chuẩn',2,'quy_gio_chuan','FLOAT',0,NULL),(16,'Tên sách đã xuất bản',3,'ten_sach','TEXT',1,NULL),(17,'Chỉ số ISBN',3,'isbn','TEXT',1,NULL),(18,'Nhà xuất bản',3,'nha_xuat_ban','TEXT',0,NULL),(19,'Năm xuất bản',3,'nam_xuat_ban','YEAR',0,NULL),(20,'Chủ biên / đồng tác giả, số trang',3,'chu_bien_so_trang','TEXT',1,NULL),(21,'Quy giờ chuẩn',3,'quy_gio_chuan','FLOAT',0,NULL),(22,'Tên bài báo/ Tên tạp chí và số phát hành',4,'ten_bai_bao','TEXT',1,NULL),(23,'Tác giả chính/ Đồng tác giả',4,'tac_gia','TEXT',1,NULL),(24,'Chỉ số ISSN/Scopus',4,'chi_so','TEXT',1,NULL),(25,'Chỉ số IF/Điểm công trình',4,'diem_cong_trinh','FLOAT',0,NULL),(26,'Quy giờ chuẩn',4,'quy_gio_chuan','FLOAT',0,NULL),(27,'Tên giải thưởng',5,'ten_giai_thuong','TEXT',1,NULL),(28,'Nội dung giải thưởng',5,'noi_dung','TEXT',0,NULL),(29,'Người được cấp',5,'nguoi_duoc_cap','TEXT',0,NULL),(30,'Năm và nơi cấp',5,'nam_noi_cap','TEXT',0,NULL),(31,'Tên bằng chứng nhận',6,'ten_bang','TEXT',1,NULL),(32,'Sản phẩm của đề tài / dự án',6,'san_pham_ma_so','TEXT',0,'(mã số)'),(33,'Số hiệu',6,'so_hieu','TEXT',0,NULL),(34,'Năm và nơi cấp',6,'nam_noi_cap','TEXT',0,NULL),(35,'Tác giả / Đồng tác giả',6,'tac_gia','TEXT',1,NULL),(36,'Ghi chú',6,'ghi_chu','TEXT',0,NULL),(37,'Tên công nghệ / giải pháp đã chuyển giao',7,'ten_cong_nghe','TEXT',1,NULL),(38,'Hình thức, quy mô, địa chỉ áp dụng',7,'quy_mo_ap_dung','TEXT',0,NULL),(39,'Tháng năm chuyển giao',7,'thoi_diem_chuyen_giao','DATE',0,NULL),(40,'Sản phẩm của đề tài / dự án',7,'san_pham_ma_so','TEXT',0,'(mã số)'),(41,'Họ và tên người nhận xét',8,'nguoi_nhan_xet','TEXT',1,NULL),(42,'Tên chuyên đề, bài báo khoa học đã thực hiện nhận xét',8,'ten_chuyen_de','TEXT',0,NULL),(43,'Nơi thực hiện',8,'noi_thuc_hien','TEXT',0,NULL),(44,'Tháng, năm hoàn thành',8,'thoi_gian_hoan_thanh','DATE',1,NULL),(45,'Quy giờ chuẩn',8,'quy_gio_chuan','FLOAT',0,NULL),(46,'Người chủ trì nội dung tọa đàm',9,'chu_tri','TEXT',1,NULL),(47,'Nơi tổ chức thực hiện tọa đàm',9,'noi_to_chuc','TEXT',0,NULL),(48,'Chủ đề tọa đàm',9,'chu_de_toa_dam','TEXT',0,NULL),(49,'Tháng, năm thực hiện',9,'thoi_gian_thuc_hien','DATE',1,NULL),(50,'Quy giờ chuẩn',9,'quy_gio_chuan','FLOAT',0,NULL);
/*!40000 ALTER TABLE `thuoc_tinh_hd_nckh` ENABLE KEYS */;
UNLOCK TABLES;

--
-- Table structure for table `tien_do`
--

DROP TABLE IF EXISTS `tien_do`;
/*!40101 SET @saved_cs_client     = @@character_set_client */;
/*!50503 SET character_set_client = utf8mb4 */;
CREATE TABLE `tien_do` (
  `ma_tien_do` int NOT NULL AUTO_INCREMENT,
  `noi_dung` text NOT NULL,
  `tien_do` decimal(5,2) NOT NULL,
  `ma_giao_viec` int NOT NULL,
  `ngay_bao_cao` date NOT NULL,
  PRIMARY KEY (`ma_tien_do`),
  KEY `fk_tiendo_giaoviec` (`ma_giao_viec`),
  CONSTRAINT `fk_tiendo_giaoviec` FOREIGN KEY (`ma_giao_viec`) REFERENCES `giao_viec` (`ma_giao_viec`) ON DELETE CASCADE,
  CONSTRAINT `tien_do_chk_1` CHECK ((`tien_do` between 0 and 100))
) ENGINE=InnoDB AUTO_INCREMENT=23 DEFAULT CHARSET=utf8mb4 COLLATE=utf8mb4_0900_ai_ci;
/*!40101 SET character_set_client = @saved_cs_client */;

--
-- Dumping data for table `tien_do`
--

LOCK TABLES `tien_do` WRITE;
/*!40000 ALTER TABLE `tien_do` DISABLE KEYS */;
INSERT INTO `tien_do` VALUES (22,'string',100.00,130,'2025-08-04');
/*!40000 ALTER TABLE `tien_do` ENABLE KEYS */;
UNLOCK TABLES;

--
-- Table structure for table `vien_chuc`
--

DROP TABLE IF EXISTS `vien_chuc`;
/*!40101 SET @saved_cs_client     = @@character_set_client */;
/*!50503 SET character_set_client = utf8mb4 */;
CREATE TABLE `vien_chuc` (
  `ma_tai_khoan` int NOT NULL AUTO_INCREMENT,
  `ma_vien_chuc` varchar(20) CHARACTER SET utf8mb4 COLLATE utf8mb4_0900_ai_ci NOT NULL,
  `ho_va_ten` varchar(255) CHARACTER SET utf8mb4 COLLATE utf8mb4_0900_ai_ci DEFAULT NULL,
  `ma_don_vi` int DEFAULT NULL,
  `chuc_danh` varchar(63) DEFAULT NULL,
  PRIMARY KEY (`ma_vien_chuc`),
  UNIQUE KEY `ma_tai_khoan` (`ma_tai_khoan`)
) ENGINE=InnoDB AUTO_INCREMENT=147 DEFAULT CHARSET=utf8mb4 COLLATE=utf8mb4_0900_ai_ci;
/*!40101 SET character_set_client = @saved_cs_client */;

--
-- Dumping data for table `vien_chuc`
--

LOCK TABLES `vien_chuc` WRITE;
/*!40000 ALTER TABLE `vien_chuc` DISABLE KEYS */;
INSERT INTO `vien_chuc` VALUES (3,'2026','Nguyễn Hữu Tuấn',5,'Nhân viên'),(140,'5620','Đào Văn Hiếu',5,'Nhân viên'),(19,'90082','Nguyễn Thị Trúc Đào',NULL,NULL),(20,'90088','Nguyễn Hoàng Phúc',NULL,NULL),(21,'90097','Võ Phúc Anh',NULL,NULL),(22,'90171','Phạm Trần Quang Hưng',NULL,NULL),(10,'90173','Nguyễn Trường Nhu',2,'GVCH'),(11,'90253','Nông Nguyễn Minh Thúy',1,'Nhân viên'),(12,'90270','Võ Vương Phúc',1,'Nhân viên'),(23,'90298','Lê Ngọc Phương',NULL,NULL),(13,'90317','Nguyễn Khánh Tùng',1,'Nhân viên'),(14,'90359','Đỗ Thanh Nguyên',5,'Nhân viên'),(24,'90439','Nguyễn Thúy Phượng',NULL,NULL),(25,'90507','Trần Nhật Minh',NULL,NULL),(15,'90514','Huỳnh Quang Đức',1,'GVCH'),(26,'90523','Trần Thị Vân Anh',NULL,NULL),(27,'90538','Lê Thanh Tân',NULL,NULL),(28,'90547','Nguyễn Minh Thiện',NULL,NULL),(29,'90556','Lương Thị Băng Tâm',NULL,NULL),(30,'90570','Nguyễn Quốc Thệ',NULL,NULL),(31,'90623','Trần Văn Đoàn',NULL,NULL),(32,'90628','Lê Huy Soạn',NULL,NULL),(33,'90629','Châu Vĩnh Nghiêm',NULL,NULL),(34,'90638','Nguyễn Thị Thanh Nhàn',NULL,NULL),(35,'90648','Đỗ Ngọc Khuê',NULL,NULL),(36,'90655','Lê Thị Hải Đường',NULL,NULL),(37,'90661','Dương Thị Lan Đài',NULL,NULL),(38,'90685','Nguyễn Ngọc Tuấn',NULL,NULL),(39,'90686','Nguyễn Ngọc Thiên Kim',NULL,NULL),(40,'90696','Nguyễn Thị Thanh Lịch',NULL,NULL),(41,'90701','Nguyễn Văn Thành',NULL,NULL),(42,'90718','Quách Mộng Tường',NULL,NULL),(43,'90725','Nguyễn Thị Thu Nguyệt',NULL,NULL),(44,'90726','Hà Thị Kim Loan',NULL,NULL),(45,'90727','Na Jong Keun',NULL,NULL),(46,'90729','Đinh Thị Thanh Hương',4,'GVCH'),(47,'90733','Nguyễn Thị Hoàng Dung',NULL,NULL),(48,'90735','Phạm Cao Văn',NULL,NULL),(49,'90747','Lê Văn Út',NULL,NULL),(50,'90761','Nguyễn Xuân Bản',NULL,NULL),(51,'90766','Nguyễn Kim Khánh',NULL,NULL),(52,'90767','Võ Trọng Cang',1,'GVCH'),(53,'90769','Nguyễn Hoàng Anh',NULL,NULL),(54,'90780','Trần Nguyễn Thanh Bình',NULL,NULL),(55,'90782','Nguyễn Anh Tuấn',NULL,NULL),(56,'90783','Vũ Đức Quý',NULL,NULL),(57,'90784','Võ Minh Phúc',NULL,NULL),(58,'90786','Lưu Duy Chân',NULL,NULL),(59,'90790','Nguyễn Thị Quỳnh Nga',NULL,NULL),(60,'90791','Phùng Thị Bích Trâm',NULL,NULL),(61,'90794','Nguyễn Thanh Kỳ',NULL,NULL),(62,'90798','Nguyễn Trung Tín',NULL,'Nhân viên'),(63,'90800','Dương Ngọc Huyền',NULL,NULL),(64,'90801','Nguyễn Quang Minh',NULL,NULL),(65,'90803','Hồ Ngọc Giàu',1,'GVCH'),(1,'90822','Dương Anh Tuấn',1,'GVCH'),(66,'90824','Hà Văn Anh Khoa',NULL,NULL),(67,'90849','Stanislav Rizevsky',NULL,NULL),(68,'90867','Lê Duy Hùng',1,'GVCH'),(16,'90872','Nguyễn Quân',1,'Nhân viên'),(69,'90886','Trần Minh Tuấn',NULL,NULL),(70,'90905','Cáp Thị Bích',NULL,NULL),(17,'90928','Nguyễn Hồ Hải',1,'Phó trưởng bộ môn'),(71,'90935','Nguyễn Thị Trang',NULL,NULL),(72,'90941','Lê Bảo Linh',NULL,NULL),(73,'90956','Vũ Lê Hà',NULL,NULL),(74,'90957','Vũ Tiến Đạt',NULL,NULL),(75,'90968','Võ Lê Quỳnh Lam',NULL,NULL),(76,'90972','Đỗ Công Ngọc',NULL,NULL),(77,'90973','Nguyễn Trương Thanh Thảo',NULL,NULL),(78,'90975','Mang Tấn Hải',NULL,NULL),(79,'90983','Hồ Thị Xuân Nhi',NULL,NULL),(80,'90985','Nguyễn Văn Giáp',NULL,NULL),(81,'90986','Nguyễn Đăng Hiệp Phố',NULL,NULL),(82,'90991','Quách Ái Đức',NULL,NULL),(83,'90993','Trần Thị Huệ',NULL,NULL),(84,'90996','Nguyễn Đức Thanh Trúc',NULL,NULL),(85,'90999','Nguyễn Đạt Thịnh',NULL,NULL),(86,'91003','Nguyễn Thị Phương Thư',NULL,NULL),(87,'91004','Lê Quốc Tuấn',NULL,NULL),(88,'91009','Lê Thị Hương',NULL,NULL),(89,'91010','Trần Thị Thu Sương',NULL,NULL),(90,'91019','Nguyễn Vũ Linh',NULL,NULL),(91,'91025','Trần Nguyên Anh Kiệt',NULL,NULL),(92,'91033','Nguyễn Trần Cảnh',NULL,NULL),(18,'91044','Nguyễn Thị Ngọc Mai',1,'Nhân viên'),(93,'91046','Lê Thị Thanh Tâm',NULL,NULL),(94,'91047','Ngô Thị Phương Dung',NULL,NULL),(95,'91048','Lê Tấn Quan',NULL,NULL),(96,'91061','Đỗ Trí Nhựt',NULL,NULL),(97,'91062','Ngô Bá Hưng',1,'GVCH'),(98,'91065','Nguyễn Tấn Nhựt',NULL,NULL),(99,'91071','Trần Thịnh Mạnh Đức',NULL,NULL),(100,'91072','Lê Anh Tuấn',NULL,NULL),(101,'91073','Dương Quang Sinh',NULL,NULL),(102,'91077','Hồ Hữu Huy',NULL,NULL),(103,'91078','Vũ Đức Bình',NULL,NULL),(104,'91079','Nguyễn Sinh Công',NULL,NULL),(105,'91081','Nguyễn Công Thanh Dung',NULL,NULL),(106,'91082','Nguyễn Thị Nhung',NULL,NULL),(107,'91083','Trương Hoàng Trương',NULL,NULL),(108,'91084','Nguyễn Thành Nhơn',NULL,NULL),(109,'91085','Nguyễn Thị Huỳnh Như',NULL,NULL),(110,'91086','Hồ Duy Vĩnh',NULL,NULL),(111,'91087','Hoàng Sỹ Minh Tuấn',NULL,NULL),(112,'91090','Trần Ngọc Duyệt',NULL,NULL),(113,'91091','Nguyễn Trí Quốc',NULL,NULL),(114,'91092','Mai Thị Hằng',NULL,NULL),(115,'AV015','Đỗ Lân',NULL,NULL),(116,'AV055','Lê Ái Phú',NULL,NULL),(2,'DC098','Nguyễn Hữu Quyền',1,'GVCH'),(117,'DC154','Lê Thành Long',1,'Nhân viên'),(118,'DC195','Trần Xuân Thuyết',NULL,NULL),(119,'DC204','Phạm Kim Dung',NULL,NULL),(120,'DC226','Lê Thị Ngọc Điểm',NULL,NULL),(121,'DC227','Đào Thị Thùy Linh',NULL,NULL),(4,'DT010','Nguyễn Trần An Tuấn',2,'GVCH'),(5,'DT033','Nguyễn Thị Thu Sương',2,'Nhân viên'),(6,'DT036','Trần Nguyễn Nhật Phương',2,'GVCH'),(7,'DT037','Hồ Thanh Tuấn',2,'GVCH'),(8,'DT056','Nguyễn Quang Chung',2,'Phó trưởng bộ môn'),(122,'GD001','Trần Phú Vinh',NULL,NULL),(123,'LK011','Hồ Thị Mộng Thu',NULL,NULL),(9,'LT001','Nguyễn Thanh Sơn',5,'Viện Trưởng'),(124,'LT033','Trương Văn Anh',NULL,NULL),(125,'LT038','Nguyễn Ngọc Thảo',NULL,NULL),(126,'LT041','Bùi Đại Nghĩa',NULL,NULL),(127,'NV003','Nguyễn Ngọc Chiến',NULL,NULL),(141,'NVCDS01','Nguyễn Hoàng Nhật Tân',5,'Nhân viên'),(142,'NVCDS02','Lê Đức Tài',5,'Nhân viên'),(143,'NVCDS03','Nguyễn Hợp Phố',5,'Nhân viên'),(144,'NVCDS04','Nguyễn Thị Ngọc Yến',5,'Nhân viên'),(145,'NVCDS05','Trần Đăng Trị',5,'Nhân viên'),(146,'NVCDS06','Trần Lê Ngọc Khanh',5,'Nhân viên'),(128,'QP011','Doãn Xuân Phi',NULL,NULL),(129,'QT050','Nguyễn Thanh Hùng',NULL,NULL),(130,'SH012','Hoàng Ngọc Cương',NULL,NULL),(131,'SH088','Khấu Hoàng Kim Giao',NULL,NULL),(132,'TH047','Nguyễn Hoàng Phong',NULL,NULL),(133,'TR030','Nguyễn Quý Biên',NULL,NULL),(134,'TR042','Võ Xuân Phong',NULL,NULL),(135,'XD067','Lê Thanh Loan',NULL,NULL),(136,'XD071','Hoàng Quốc Thanh',NULL,NULL),(137,'XD082','Trịnh Văn Thưởng',NULL,NULL),(138,'XD090','Nguyễn Huy Vững',NULL,NULL),(139,'XH018','Dương Hiền Hạnh',NULL,NULL);
/*!40000 ALTER TABLE `vien_chuc` ENABLE KEYS */;
UNLOCK TABLES;
/*!40103 SET TIME_ZONE=@OLD_TIME_ZONE */;

/*!40101 SET SQL_MODE=@OLD_SQL_MODE */;
/*!40014 SET FOREIGN_KEY_CHECKS=@OLD_FOREIGN_KEY_CHECKS */;
/*!40014 SET UNIQUE_CHECKS=@OLD_UNIQUE_CHECKS */;
/*!40101 SET CHARACTER_SET_CLIENT=@OLD_CHARACTER_SET_CLIENT */;
/*!40101 SET CHARACTER_SET_RESULTS=@OLD_CHARACTER_SET_RESULTS */;
/*!40101 SET COLLATION_CONNECTION=@OLD_COLLATION_CONNECTION */;
/*!40111 SET SQL_NOTES=@OLD_SQL_NOTES */;

-- Dump completed on 2025-08-04 16:31:16
