-- MySQL dump 10.13  Distrib 8.0.40, for Win64 (x86_64)
--
-- Host: localhost    Database: bdu_qlhddt
-- ------------------------------------------------------
-- Server version	8.0.40

/*!40101 SET @OLD_CHARACTER_SET_CLIENT=@@CHARACTER_SET_CLIENT */;
/*!40101 SET @OLD_CHARACTER_SET_RESULTS=@@CHARACTER_SET_RESULTS */;
/*!40101 SET @OLD_COLLATION_CONNECTION=@@COLLATION_CONNECTION */;
/*!50503 SET NAMES utf8 */;
/*!40103 SET @OLD_TIME_ZONE=@@TIME_ZONE */;
/*!40103 SET TIME_ZONE='+00:00' */;
/*!40014 SET @OLD_UNIQUE_CHECKS=@@UNIQUE_CHECKS, UNIQUE_CHECKS=0 */;
/*!40014 SET @OLD_FOREIGN_KEY_CHECKS=@@FOREIGN_KEY_CHECKS, FOREIGN_KEY_CHECKS=0 */;
/*!40101 SET @OLD_SQL_MODE=@@SQL_MODE, SQL_MODE='NO_AUTO_VALUE_ON_ZERO' */;
/*!40111 SET @OLD_SQL_NOTES=@@SQL_NOTES, SQL_NOTES=0 */;

--
-- Table structure for table `dim_danh_muc_hoat_dong`
--

DROP TABLE IF EXISTS `dim_danh_muc_hoat_dong`;
/*!40101 SET @saved_cs_client     = @@character_set_client */;
/*!50503 SET character_set_client = utf8mb4 */;
CREATE TABLE `dim_danh_muc_hoat_dong` (
  `ma_dmhd` int NOT NULL AUTO_INCREMENT,
  `ten_danh_muc` varchar(255) NOT NULL,
  PRIMARY KEY (`ma_dmhd`)
) ENGINE=InnoDB AUTO_INCREMENT=8 DEFAULT CHARSET=utf8mb4 COLLATE=utf8mb4_0900_ai_ci;
/*!40101 SET character_set_client = @saved_cs_client */;

--
-- Dumping data for table `dim_danh_muc_hoat_dong`
--

LOCK TABLES `dim_danh_muc_hoat_dong` WRITE;
/*!40000 ALTER TABLE `dim_danh_muc_hoat_dong` DISABLE KEYS */;
INSERT INTO `dim_danh_muc_hoat_dong` VALUES (1,'Hồ sơ văn bản'),(2,'Hoạt động - Chu kỳ năm học'),(3,'Hoạt động - Chu kỳ học kỳ'),(4,'Hoạt động - Chu kỳ tháng');
/*!40000 ALTER TABLE `dim_danh_muc_hoat_dong` ENABLE KEYS */;
UNLOCK TABLES;

--
-- Table structure for table `dim_hoat_dong`
--

DROP TABLE IF EXISTS `dim_hoat_dong`;
/*!40101 SET @saved_cs_client     = @@character_set_client */;
/*!50503 SET character_set_client = utf8mb4 */;
CREATE TABLE `dim_hoat_dong` (
  `ma_hd` int NOT NULL AUTO_INCREMENT,
  `ma_dmhd` int NOT NULL,
  `ten_hoat_dong` varchar(255) NOT NULL,
  `ma_nkhk` int DEFAULT NULL,
  `ma_nganh` int DEFAULT NULL,
  `link` text,
  `parent_id` int DEFAULT NULL,
  PRIMARY KEY (`ma_hd`),
  KEY `ma_dmhd` (`ma_dmhd`),
  KEY `fk_hd_nkhk` (`ma_nkhk`),
  KEY `fk_hd_nganh` (`ma_nganh`),
  KEY `parent_id` (`parent_id`),
  CONSTRAINT `dim_hoat_dong_ibfk_1` FOREIGN KEY (`ma_dmhd`) REFERENCES `dim_danh_muc_hoat_dong` (`ma_dmhd`) ON DELETE CASCADE ON UPDATE CASCADE,
  CONSTRAINT `dim_hoat_dong_ibfk_2` FOREIGN KEY (`parent_id`) REFERENCES `dim_hoat_dong` (`ma_hd`) ON DELETE CASCADE ON UPDATE CASCADE,
  CONSTRAINT `fk_hd_nganh` FOREIGN KEY (`ma_nganh`) REFERENCES `nganh` (`ma_nganh`) ON DELETE CASCADE ON UPDATE CASCADE,
  CONSTRAINT `fk_hd_nkhk` FOREIGN KEY (`ma_nkhk`) REFERENCES `dim_nkhk` (`id`) ON DELETE CASCADE ON UPDATE CASCADE
) ENGINE=InnoDB AUTO_INCREMENT=1802 DEFAULT CHARSET=utf8mb4 COLLATE=utf8mb4_0900_ai_ci;
/*!40101 SET character_set_client = @saved_cs_client */;

--
-- Dumping data for table `dim_hoat_dong`
--

LOCK TABLES `dim_hoat_dong` WRITE;
/*!40000 ALTER TABLE `dim_hoat_dong` DISABLE KEYS */;
INSERT INTO `dim_hoat_dong` VALUES (135,1,'Chương trình đào tạo',NULL,1,'https://drive.google.com/drive/folders/1iMFoKagza5aDl1Mzp4gbtBNVkYNLJ07I',NULL),(136,1,'Nhân sự',NULL,1,'https://drive.google.com/drive/folders/1jLE-bisiuWGBEztEO0MwyBkdtgMPttqe',NULL),(137,1,'Cơ sở vật chất',NULL,1,'https://drive.google.com/drive/folders/11pNY0GFFdbHk-RXnXl5qsp2aGy2hsav8',NULL),(138,2,'Kế hoạch hoạt động hằng năm',NULL,1,'https://drive.google.com/drive/folders/1Mxui91RH_pCvOEM-afUM2ziYiRzeQ3wP',NULL),(139,2,'Kế hoạch mục tiêu chất lượng hằng năm',NULL,1,'https://drive.google.com/drive/folders/1rwUs6rUTJy_SV5qEtcjFCPdDFPOLwQr7',NULL),(140,2,'Báo cáo tổng kết hằng năm',NULL,1,'https://drive.google.com/drive/folders/1MwZ-2ZksKUNJRAHgdp7rSV22996bx7bs',NULL),(141,2,'Kế hoạch cải tiến chất lượng hằng năm',NULL,1,'https://drive.google.com/drive/folders/11ceDTqy4RG96vraHOsZnM3znaiF1rril',NULL),(142,2,'Báo cáo cải tiến chất lượng hằng năm',NULL,1,'https://drive.google.com/drive/folders/18VI2v0zAlJkbq5LwnOAO3ykyTSAh0AlC',NULL),(143,2,'Tổ chức các hội thảo khoa học, tọa đàm',NULL,1,'https://drive.google.com/drive/folders/1LgSdwiRR9UyjNvrezBW5lj-MG1fgpeY_',NULL),(144,2,'Kế hoạch hội thảo, tọa đàm',NULL,1,'https://drive.google.com/drive/folders/1gyBhTY1lkyJn_8r7qX7FOB7dYkY00t8u',143),(145,2,'Hình ảnh hội thảo, tọa đàm',NULL,1,'https://drive.google.com/drive/folders/1QnOW0mFCP_PXnoW9y45m5L_IgYfapFeT',143),(146,2,'Thư mời hội thảo, tọa đàm',NULL,1,'https://drive.google.com/drive/folders/13sTVEM8kKSpi0RW90biMmIZhPt23ZZjG',143),(147,2,'Kỷ yếu, bài viết',NULL,1,'https://drive.google.com/drive/folders/1rDRWd3dLPBUD0Oybu7T7IOYImH3lc4ZZ',143),(148,2,'Báo cáo tổng kết hội thảo, tọa đàm',NULL,1,'https://drive.google.com/drive/folders/1-z6i4gMMGiQFzTcRZdD3BW48XPUts9si',143),(149,2,'Tham dự hội thảo, tọa đàm',NULL,1,'https://drive.google.com/drive/folders/1yIOCuUHgajK4SQQiNiu80RrSa957D77t',NULL),(150,2,'Thư mời tham dự',NULL,1,'https://drive.google.com/drive/folders/1pGEWid2wI0ABvItsVvviSCW_vRhh7uqw',149),(151,2,'Kỷ yếu hội thảo',NULL,1,'https://drive.google.com/drive/folders/1e04G47gvJHISlPYB-0vmjfkKFc1Vubl4',149),(152,2,'Hình ảnh hội thảo',NULL,1,'https://drive.google.com/drive/folders/1C5KbIa2PDSEtCGClHZvi6VVYeT3HwG2v',149),(153,2,'Họp hội đồng khoa học Khoa',NULL,1,'https://drive.google.com/drive/folders/1vSkociysfDSDdWl7MbQ2VVzeXhC8wXBJ',NULL),(154,2,'Kế hoạch họp HĐKH',NULL,1,'https://drive.google.com/drive/folders/1eaC-kmfJ9-BHIB8t4E7uHCIDW84wNRx_',153),(155,2,'Biên bản họp HĐKH',NULL,1,'https://drive.google.com/drive/folders/1_VIp6euS0as9r58mt5sh5vDcRVvMSwG7',153),(156,2,'Hình ảnh họp HĐKH',NULL,1,'https://drive.google.com/drive/folders/18An0DDyjl84ywVk4os8qZ9jK-z7vlChS',153),(157,2,'Tập huấn, đào tạo nội bộ',NULL,1,'https://drive.google.com/drive/folders/1IpZyT-cp2hEck3KWaH_k7pR84D3YxFsH',NULL),(158,2,'Kế hoạch tập huấn',NULL,1,'https://drive.google.com/drive/folders/1tbmdAw-FSYkU8zImwOplTvxFU1JZ-07v',157),(159,2,'Nội dung tập huấn',NULL,1,'https://drive.google.com/drive/folders/1j2vHiGY-FyYWUG5K2k8Y2ByKza7ACZe0',157),(160,2,'Hình ảnh tập huấn',NULL,1,'https://drive.google.com/drive/folders/14iWU_-ZDdnod4jMy8pmkrstNHnkRiIPY',157),(161,2,'Báo cáo kết quả tập huấn',NULL,1,'https://drive.google.com/drive/folders/1SOtXVXtq7Tp6VRvnurWQqIbIbF9-9o_y',157),(162,2,'Rà soát, cập nhật CTĐT',NULL,1,'https://drive.google.com/drive/folders/1roZ_Q6I7TtqB9ZFo3VvaHD_uYTS_B8wk',NULL),(163,2,'Biên bản họp triển khai của Khoa/ Viện',NULL,1,'https://drive.google.com/drive/folders/1D0Q20LRpoGWUXFKtG5IvUNkW-y2WcJs0',162),(164,2,'Biên bản họp về rà soát, cập nhật về mục tiêu, chuẩn đầu ra',NULL,1,'https://drive.google.com/drive/folders/1EJXQTrCoWn_cXg7aof9_Bs19_NSQh8x8',162),(165,2,'Biên bản họp lấy ý kiến các BLQ về mục tiêu, chuẩn đầu ra',NULL,1,'https://drive.google.com/drive/folders/1jAMBdFSes5HZiFVC_6fZLrA20ZG2v_Hx',162),(166,2,'Biên bản họp thống nhất về mục tiêu, chuẩn đầu ra',NULL,1,'https://drive.google.com/drive/folders/15h-tWVDLnDPP8a7iQA44b9QphUHfpnKF',162),(167,2,'Biên bản họp về rà soát, cập nhật về chương trình dạy học (khung, kế hoạch đào tạo và hướng dẫn thực hiện, GV giảng dạy dự kiến, ma trận, sơ đồ hóa chương trình dạy học)',NULL,1,'https://drive.google.com/drive/folders/1mCz1DYMs7xzexVeKcjqIXVgWOD-uy2Zy',162),(168,2,'Biên bản họp lấy ý kiến các BLQ về chương trình dạy học',NULL,1,'https://drive.google.com/drive/folders/1B0mpwocbfjIjSH0fMcefpRcpfIMjD-G3',162),(169,2,'Biên bản họp thống nhất về chương trình dạy học',NULL,1,'https://drive.google.com/drive/folders/1NveLaTY6iKlQN8EiB4XAHSYPiFTjnb6a',162),(170,2,'Biên bản họp về lựa chọn và thống nhất giáo trình, tài liệu cập nhật',NULL,1,'https://drive.google.com/drive/folders/1vDZ1I40SrgNi5moNk2he34gVN02d4Gdu',162),(171,2,'Biên bản họp nghiệm thu đề cương chi tiết học phần',NULL,1,'https://drive.google.com/drive/folders/1gIsoFzZ2p9SafQuiaLIpbypVA_UZTsKs',162),(172,2,'Biên bản thống nhất về dự thảo bản mô tả chương trình đào tạo/ chương trình dạy học và phân công biên soạn và cập nhật đề cương chi tiết học phần',NULL,1,'https://drive.google.com/drive/folders/1cTYJPfpoe4aPq4Diwo6a1GcrmLnrDp49',162),(173,2,'Báo cáo rà soát, cập nhật chương trình đào tạo',NULL,1,'https://drive.google.com/drive/folders/1nMKU2xbc5lkcbpHH-uhKrFm7dYXD4rI8',162),(174,2,'Thẩm định CTĐT',NULL,1,'https://drive.google.com/drive/folders/101ycEwhNjwTRNjlFX074Odgd2IoD77XY',NULL),(175,2,'Quyết định thành lập Hội đồng thẩm định',NULL,1,'https://drive.google.com/drive/folders/1s-bg_97Swez8dIYxOHwSNU_GKSbRmwKZ',174),(176,2,'Biên bản thẩm định chương trình đào tạo của Hội đồng thẩm định (kèm các phiếu)',NULL,1,'https://drive.google.com/drive/folders/1b_V1WIMd2zVZ-0RTfRk_l81AX-ETwGb-',174),(177,2,'Quyết định thành lập Hội đồng khoa học Khoa',NULL,1,'https://drive.google.com/drive/folders/12X6xxtRWX8MV_9_j2oMnhwr-bTXQQOcf',174),(178,2,'Biên bản thẩm định chương trình đào tạo của HĐKH Khoa',NULL,1,'https://drive.google.com/drive/folders/1iLaceIATipT3y3Mnebybz8H6f4HPSGkb',174),(179,2,'Tuyển sinh',NULL,1,'https://drive.google.com/drive/folders/1BLEKq_XiLcjONuPGlnkNrZ8opo6YC2Uz',NULL),(180,2,'Cẩm nang tuyển sinh, poster, Brochure của ngành',NULL,1,'https://drive.google.com/drive/folders/1jdT3npvIOslqF_kQ2WPjRas9Ftw6VM2M',179),(181,2,'Kế hoạch tuyển sinh của Khoa',NULL,1,'https://drive.google.com/drive/folders/1q4c_AcEVUyhUoAwCJ_Q761R_OR5HvIvF',179),(182,2,'Hình ảnh hoạt động tư vấn tuyển sinh',NULL,1,'https://drive.google.com/drive/folders/12dbTItiiy4djS5D-43qR57ZkmrtTw7t4',179),(183,2,'Báo cáo kết quả tư vấn tuyển sinh',NULL,1,'https://drive.google.com/drive/folders/16PZEHA09fUk4mRFg6Pdrzq8pY9MFUg1j',179),(184,2,'Thư viện',NULL,1,'https://drive.google.com/drive/folders/1Mrih9cHyLg7Ds241zxq3qK6Tzvx5c3vm',NULL),(185,2,'Biên bản lựa chọn tài liệu giáo trình',NULL,1,'https://drive.google.com/drive/folders/1C5cjjANv-CYmTVSHBIwXD4tu3DYbxWaZ',184),(186,2,'Đề nghị bổ sung giáo trình hằng năm',NULL,1,'https://drive.google.com/drive/folders/1R7CV6S_LdjBKMa5ZHRYZBtIrcPTVQeWQ',184),(187,2,'Bảng thống kê danh sách tài liệu có tại thư viện',NULL,1,'https://drive.google.com/drive/folders/1DaI_ooFQ98WH49eqk36CQ9z_zXgLs6om',184),(188,2,'Giấy xác nhận tỷ lệ đáp ứng tài liệu',NULL,1,'https://drive.google.com/drive/folders/1vhgNwKDrgyt3lpmnEesU92flmMroCv72',184),(189,3,'Kế hoạch đào tạo từng học kỳ',NULL,1,'https://drive.google.com/drive/folders/18XwJB8N-o5TH4F0PGfowQPTq1O039sl6',NULL),(190,3,'Bảng theo dõi tiến độ giảng dạy từng học kỳ',NULL,1,'https://drive.google.com/drive/folders/1nwfDQOq4YCEToYEMJepnIfGY8NFHHmzk',NULL),(191,3,'Sổ đầu bài',NULL,1,'https://drive.google.com/drive/folders/1fO8GkfCDwGcoEh-A94-UY2--tOmSdOWJ',NULL),(192,3,'Khảo sát giảng dạy',NULL,1,'https://drive.google.com/drive/folders/1RsGJ9act3_Ht1f534Bm8bebsMk5m9R2G',NULL),(193,3,'Kế hoạch lấy ý kiến phản hồi của NH',NULL,1,'https://drive.google.com/drive/folders/1TbAos6lEDaSmkJVgIXaFBsDkZAFWce5m',192),(194,3,'Biểu mẫu lấy ý kiến hoặc đường link biểu mẫu',NULL,1,'https://drive.google.com/drive/folders/1T1W5sAft3Yz-KgDgK-r_7WeeDHTus7TH',192),(195,3,'Kết quả lấy ý kiến phản hồi',NULL,1,'https://drive.google.com/drive/folders/1ikIBImYhTbatjrp2L-7R3-PtSNGnJbSt',192),(196,3,'Sử dụng kết quả ý kiến phản hồi (gửi cho GV, họp chuyên môn)',NULL,1,'https://drive.google.com/drive/folders/1phQBdbp79VqoQ2h1-03ID1Zv20hPN6Ss',192),(197,3,'Giám sát công tác giảng dạy',NULL,1,'https://drive.google.com/drive/folders/1DN-BnSL8hW38flXuHn8f_jbyBfpr7Qdg',NULL),(198,3,'Các biên bản ghi nhận của Ban Thanh tra',NULL,1,'https://drive.google.com/drive/folders/12ljbz0W65UGjStXErxfXXEPhw9ywv3pW',197),(199,3,'Cảnh báo học vụ',NULL,1,'https://drive.google.com/drive/folders/13J7qc1jvMbHoA3lBJwH02pPdhDJB6Mfx',197),(200,3,'Công tác dự giờ',NULL,1,'https://drive.google.com/drive/folders/13AFnepHuP4WuQCasxiqLNyp215b66Ygl',NULL),(201,3,'Kế hoạch dự giờ theo từng học kỳ',NULL,1,'https://drive.google.com/drive/folders/1a3ENihaFmygoIg-I_JIFXGArocb1c8MR',200),(202,3,'Biên bản đánh giá giờ giảng (từng GV)',NULL,1,'https://drive.google.com/drive/folders/145Ro0ePqUWMyvnpR7GbJqnVPgF3mfnWE',200),(203,3,'Phiếu đánh giá giờ giảng (từng GV)',NULL,1,'https://drive.google.com/drive/folders/1qMdGJubQQgxIZ5CCJ2BZWket1Umka3ug',200),(204,3,'Hình ảnh đánh giá giảng viên tại các lớp học',NULL,1,'https://drive.google.com/drive/folders/1eof5tvCpGQMHN8IsehGYMB6ItH4KwmPn',200),(205,3,'Báo cáo công tác dự giờ học kỳ',NULL,1,'https://drive.google.com/drive/folders/159Ayr9mZZYz2VoSt_7AyHMJMXoY9O8k6',200),(206,3,'Hồ sơ môn học',NULL,1,'https://drive.google.com/drive/folders/1OMm1UYnSSECFnQn_YHXnKhBWB_-bHi7W',NULL),(207,3,'Giới thiệu môn học',NULL,1,'https://drive.google.com/drive/folders/1_p7-2M5BkttRNMSPi8sZ2zEQHJozyJ1-',206),(208,3,'Đề cương chi tiết',NULL,1,'https://drive.google.com/drive/folders/1j4LMiY6NLPlnZ0BtP2zu8MsrISrSDG0W',206),(209,3,'Hướng dẫn tự học',NULL,1,'https://drive.google.com/drive/folders/1McJRnYQzgDqlxSQBRMMqZYEYagiz7QvW',206),(210,3,'Báo cáo môn học',NULL,1,'https://drive.google.com/drive/folders/1Q3w4GLHp8XMi5Bfuv7oAnSUqR5JFJram',206),(211,3,'Hoạt động dạy và học',NULL,1,'https://drive.google.com/drive/folders/1pj29jOoEBaFhUnh19qoxz5wB5SYdYTwt',NULL),(212,3,'Minh chứng cho thấy có các hoạt động thể hiện việc học tập chủ động',NULL,1,'https://drive.google.com/drive/folders/1w4ruldYQK4qMDCawSWUopvl2TlZ6op0e',211),(213,3,'Minh chứng cho thấy có các hoạt động dạy và học thúc đẩy việc học tập, hình thành và phát triển phương pháp học tập và khả năng học tập suốt đời của NH',NULL,1,'https://drive.google.com/drive/folders/1QEJWYlVxMvVolaKAaVig5XGRq-KtQtkP',211),(214,3,'Báo cáo, biên bản cho thấy các BLQ đánh giá, góp ý về việc hoạt động dạy và học thúc đẩy việc học tập, hình thành và phát triển phương pháp học tập và khả năng học tập suốt đời của NH',NULL,1,'https://drive.google.com/drive/folders/1A-5YAQqFo_7wUcHGsofdaB8kqZMCszBz',211),(215,3,'Báo cáo cải tiến các hoạt động dạy và học nhằm giúp NH học tập chủ động và giúp NH hình thành và phát triển phương pháp học tập và khả năng học tập suốt đời',NULL,1,'https://drive.google.com/drive/folders/13EXUYZGqdUMYL5a6LuFnnTSU5enhr9Wt',211),(216,3,'Báo cáo thống kê về ý tưởng mới, sáng kiến, đổi mới sáng tạo và khởi nghiệp của NH',NULL,1,'https://drive.google.com/drive/folders/1dQo0ws2I8LNupiJyFzzn3k98mYQyyhvK',211),(217,3,'Báo cáo, biên bản cho thấy các BLQ đánh giá, góp ý về việc hoạt động dạy và học thúc đẩy NH đưa ra ý tưởng mới, sáng kiến, đổi mới sáng tạo và tinh thần khởi nghiệp',NULL,1,'https://drive.google.com/drive/folders/1s5ili1dIVqeqYJPRZpdwDqhSY_YxSr2j',211),(218,3,'Ngân hàng đề thi',NULL,1,'https://drive.google.com/drive/folders/1RjYWDWulzpJqTEYajT0B2wvtjLzxys8Y',NULL),(219,3,'Kế hoạch xây dựng ngân hàng đề thi',NULL,1,'https://drive.google.com/drive/folders/1nseQUMJamLlBgxkS4j-0Kue36LtonEvG',218),(220,3,'Biên bản thẩm định ngân hàng đề thi',NULL,1,'https://drive.google.com/drive/folders/1KbghAkWWt0oCsF9QGH7MTcndthVkgBnq',218),(221,3,'Ngân hàng đề thi các môn',NULL,1,'https://drive.google.com/drive/folders/1G2i9ZfkcVJ-zMBwSMyuD1ztLXb8pop0N',218),(222,3,'Báo cáo kết quả xây dựng ngân hàng đề thi',NULL,1,'https://drive.google.com/drive/folders/1bkScEpOrpqPwLbOi8jNWLMI5u_dVXzli',218),(223,3,'Phiếu đăng ký hình thức thi theo học kỳ',NULL,1,'https://drive.google.com/drive/folders/1H_IUDsSwmqVxrN3D67JguaJpaWE0CtAX',218),(224,3,'Kết quả học tập',NULL,1,'https://drive.google.com/drive/folders/1gG4CIz3F3wMxzTIgedd97NfwoxO1v038',NULL),(225,3,'Các thông báo (đăng ký môn học, học phí…)',NULL,1,'https://drive.google.com/drive/folders/1POdUJ1p5q8Jpaqc93nLoj01REDfP5p4q',224),(226,3,'Báo cáo kết quả đăng ký môn học (nghỉ học, bảo lưu…)',NULL,1,'https://drive.google.com/drive/folders/18B6-DC_qYB4zH1CJPF75z2Eq17EqG6aa',224),(227,3,'Kết quả học tập của SV',NULL,1,'https://drive.google.com/drive/folders/1Vb6CgXmZBV_3p5dSIcURgknxFQgvR7xq',224),(228,3,'Các đơn, đề nghị của của SV (miễn giảm học phí, phúc khảo, gia hạn, bảo lưu…)',NULL,1,'https://drive.google.com/drive/folders/1fb0fBK8FJ2Mdo45U2vOZZoWtvy7wRhy0',224),(229,3,'Đánh giá rèn luyện sinh viên',NULL,1,'https://drive.google.com/drive/folders/1diH9asJnX9g7UnzQiht5r9_stQzOGmiO',224),(230,3,'Lịch tiếp sinh viên',NULL,1,'https://drive.google.com/drive/folders/1T4e3wOirRJlIi09wmm6TCUQKBw3EVMuH',224),(231,3,'Cảnh báo học vụ',NULL,1,'https://drive.google.com/drive/folders/13J7qc1jvMbHoA3lBJwH02pPdhDJB6Mfx',224),(232,3,'Báo cáo công tác CVHT, GVCN',NULL,1,'https://drive.google.com/drive/folders/1qVYWFlNWIiTcP2OSdIkvz-jlo-bsRj0J',224),(233,3,'Hoạt động câu lạc bộ',NULL,1,'https://drive.google.com/drive/folders/1hYnbtZBwINUwllQEQhUACeixP3MxKrkP',NULL),(234,3,'Danh sách thành viên CLB',NULL,1,'https://drive.google.com/drive/folders/1ZaiqojXKyQ-Q3fFGqi9YjfmJ0NFYt_Di',233),(235,3,'Kế hoạch hoạt động CLB',NULL,1,'https://drive.google.com/drive/folders/1noQ_dnM2qLxlh_lQXJ2CjN92eceztZ8M',233),(236,3,'Các hoạt động của CLB, hình ảnh, video…',NULL,1,'https://drive.google.com/drive/folders/1hHmf9QCB01AK-vzxo8WSycWVvou5WRIk',233),(237,3,'Báo cáo tổng kết hoạt động CLB',NULL,1,'https://drive.google.com/drive/folders/1Bul72_TGlAU1vnqm1-aPYWtNNUHo0QXz',233),(238,3,'Hoạt động sinh viên',NULL,1,'https://drive.google.com/drive/folders/1wEGwpcQiH2mu46x8Htnfltyb4ULOZNBn',NULL),(239,3,'Kế hoạch hoạt động các chi đoàn',NULL,1,'https://drive.google.com/drive/folders/159MPSwlC5GkHpdf6zq-ZGFNlf5WhoKoy',238),(240,3,'Hình ảnh hoạt động các chi đoàn',NULL,1,'https://drive.google.com/drive/folders/1_T_OLtmJhfk9lHkpuJZdX5t8RHLcGChh',238),(241,3,'Báo cáo kết quả hoạt động của chi đoàn',NULL,1,'https://drive.google.com/drive/folders/1UnhMpN3RmCUj-rLq9fEIim3R1BTeNWxT',238),(242,3,'Khảo sát ý kiến các bên liên quan về các hoạt động (phiếu và báo cáo kết quả khảo sát)',NULL,1,'https://drive.google.com/drive/folders/1DlWATULRy6O_FdmoeRVEWHGa3H4XxaD4',238),(243,3,'Đối thoại sinh viên',NULL,1,'https://drive.google.com/drive/folders/1S0L-6RJ9v0L5WLY-R0DpZWoVsUDirPU6',NULL),(244,3,'Kế hoạch tổ chức đối thoại, gặp gỡ SV',NULL,1,'https://drive.google.com/drive/folders/1o3QgJMOvT4ApUzOUPwhSZiY-GSLwnDMj',243),(245,3,'Nội dung đối thoại, gặp gỡ SV',NULL,1,'https://drive.google.com/drive/folders/1hiyVqStagjHTSyV7tlhGaii93igc6BsW',243),(246,3,'Hình ảnh đối thoại, gặp gỡ SV',NULL,1,'https://drive.google.com/drive/folders/1PHia27PKb4Q0Bw5UHulzI6PFwCL9Mbw2',243),(247,3,'Báo cáo kết quả đối thoại, gặp gỡ SV',NULL,1,'https://drive.google.com/drive/folders/1PS0b_aELmrjDOs-bNKOmPh4ZQGqTdpjs',243),(248,4,'Họp chuyên môn',NULL,1,'https://drive.google.com/drive/folders/1jWmZyGeh0b0soMlYExLNr2v6K9YHLki6',NULL),(249,4,'Kế hoạch họp chuyên môn hằng tháng',NULL,1,'https://drive.google.com/drive/folders/1sQl4hyctO8JbIL745Ur__NGAdJaFMy89',248),(250,4,'Biên bản họp chuyên môn hằng tháng',NULL,1,'https://drive.google.com/drive/folders/18zcp9WpqRHf_L-LBZcvq1RzwB-aUIZLt',248),(251,4,'Hình ảnh họp chuyên môn hằng tháng (4 ảnh)',NULL,1,'https://drive.google.com/drive/folders/1Ggp_NTkb_aSe9YtNv7m3oEFmvQ0FfdCW',248),(252,4,'Báo cáo họp chuyên môn hằng tháng',NULL,1,'https://drive.google.com/drive/folders/14YmsmQHqrfcNrPKVis8euNs4zOW2_y7S',248),(253,4,'Họp lớp',NULL,1,'https://drive.google.com/drive/folders/12SUf46KqwPF1Frx1rCtE5O6VNJHRWD3m',NULL),(254,4,'Biên bản họp lớp',NULL,1,'https://drive.google.com/drive/folders/1TysblEd0SDCbzxhWBTV0jZ50j9p1cdtj',253),(255,4,'Biên bản tư vấn SV',NULL,1,'https://drive.google.com/drive/folders/1MA7rMuLDesjF3_QyO4m3WjJh8yUVIiyh',253),(256,4,'Biên bản họp chi đoàn',NULL,1,'https://drive.google.com/drive/folders/1x3lngx1Ch7WZ3qUwth9flU9LSAzisA87',NULL),(257,4,'Đánh giá KPI cá nhân',NULL,1,'https://drive.google.com/drive/folders/1Di0IcFmN_sDQdKHjUt65sCFeaSk0gxTc',NULL),(258,4,'Nhật ký công việc',NULL,1,'https://drive.google.com/drive/folders/1-ZDGNbz0dNwDsIyrGt-iSNSK5tMvC7oY',257),(259,4,'Kế hoạch công việc',NULL,1,'https://drive.google.com/drive/folders/1eQBoRZbSRzu_SCpwYr313LaopO8mxXXl',257),(260,4,'Đánh giá hiệu suất',NULL,1,'https://drive.google.com/drive/folders/17VuusjILGCTzNvDxz1qfWyrYIXTk04S4',257),(261,3,'Sổ đầu bài',NULL,1,'https://drive.google.com/drive/folders/1fO8GkfCDwGcoEh-A94-UY2--tOmSdOWJ',NULL),(1675,1,'Chương trình đào tạo',NULL,2,'https://drive.google.com/drive/folders/10A03qjFGu1xNmP4-vap-OI38R48B2xCB',NULL),(1676,1,'Nhân sự',NULL,2,'https://drive.google.com/drive/folders/1UBxQE14S0DX0eIvYY925w8RQ7bKNTQu6',NULL),(1677,1,'Cơ sở vật chất',NULL,2,'https://drive.google.com/drive/folders/1lH_OKcYtWJkDuvvqq8b2Nm84hxI1T2by',NULL),(1678,2,'Kế hoạch hoạt động hằng năm',NULL,2,'https://drive.google.com/drive/folders/1PvnhAYpvXbeXF-v3k4zRBfmE83wtZiY9',NULL),(1679,2,'Kế hoạch mục tiêu chất lượng hằng năm',NULL,2,'https://drive.google.com/drive/folders/1joVeHFlBhbCVtq2Z3Q_6FJOmIL9flkOV',NULL),(1680,2,'Báo cáo tổng kết hằng năm',NULL,2,'https://drive.google.com/drive/folders/1z_Bu-vKN8GO9hoir9euiznN0INLU9ylJ',NULL),(1681,2,'Kế hoạch cải tiến chất lượng hằng năm',NULL,2,'https://drive.google.com/drive/folders/17ILXTbZ_dfkIBNJO-C87ck1ilE5ot52u',NULL),(1682,2,'Báo cáo cải tiến chất lượng hằng năm',NULL,2,'https://drive.google.com/drive/folders/1CHtebOGZ34Iw49UPKUkwojLQ_s3DAvax',NULL),(1683,2,'Tổ chức các hội thảo khoa học, tọa đàm',NULL,2,'https://drive.google.com/drive/folders/1_E9L7vyQJfxBBsr5-jyj_Jqu7F3-t1LH',NULL),(1684,2,'Kế hoạch hội thảo, tọa đàm',NULL,2,'https://drive.google.com/drive/folders/1OAYE0Z_vlm24okKzTt1EvjAw1ECIcrxt',1683),(1685,2,'Hình ảnh hội thảo, tọa đàm',NULL,2,'https://drive.google.com/drive/folders/1P5kqsr3QScJynUD_TUw2yJ3_gHEAAUAp',1683),(1686,2,'Thư mời hội thảo, tọa đàm',NULL,2,'https://drive.google.com/drive/folders/1s88Z6J4CuYW1cwKVliamcGAqHtiMyM-F',1683),(1687,2,'Kỷ yếu, bài viết',NULL,2,'https://drive.google.com/drive/folders/1y31UfAExiUg4Ong83EFlSL9e60jXKuxq',1683),(1688,2,'Báo cáo tổng kết hội thảo, tọa đàm',NULL,2,'https://drive.google.com/drive/folders/13u8NVGHY1f9E6ClL0uNlDBHQrs_6yTM6',1683),(1689,2,'Tham dự hội thảo, tọa đàm',NULL,2,'https://drive.google.com/drive/folders/1jwSkmH-kRfRJqXtFQGq8uNH-KDAILFE7',NULL),(1690,2,'Thư mời tham dự',NULL,2,'https://drive.google.com/drive/folders/1387DsV_m19NPuNVrdnB5xhKkoLrLa8eS',1689),(1691,2,'Kỷ yếu hội thảo',NULL,2,'https://drive.google.com/drive/folders/17rGwerxrJMNQDtNwDmPAMhQuhAIfCkfQ',1689),(1692,2,'Hình ảnh hội thảo',NULL,2,'https://drive.google.com/drive/folders/1licPmlbiEcOvb2jUsAPavOBt1j7PeTCv',1689),(1693,2,'Họp hội đồng khoa học Khoa',NULL,2,'https://drive.google.com/drive/folders/13qZ63l1-wQ5orBtRVsBe1Zck1Cwmm3l9',NULL),(1694,2,'Kế hoạch họp HĐKH',NULL,2,'https://drive.google.com/drive/folders/1LHoEjSBuCf2QKM90Rn4SZ_IzlaFddrPD',1693),(1695,2,'Biên bản họp HĐKH',NULL,2,'https://drive.google.com/drive/folders/12shsIAro-p-hGMQCx7xvYQdV5g6v6Y2T',1693),(1696,2,'Hình ảnh họp HĐKH',NULL,2,'https://drive.google.com/drive/folders/1kRDF2kPSjD9NAtVzC0xYP53I1uMJVqnt',1693),(1697,2,'Tập huấn, đào tạo nội bộ',NULL,2,'https://drive.google.com/drive/folders/1cdoTX_mzjjACaPMSgjmn_9YCUmrE3ye-',NULL),(1698,2,'Kế hoạch tập huấn',NULL,2,'https://drive.google.com/drive/folders/1Zu4pIq_f9OOkmbMNhUECBXSDhV1guDGG',1697),(1699,2,'Nội dung tập huấn',NULL,2,'https://drive.google.com/drive/folders/1gCTOdujVexS8rgZEqZT67nsC50gVtgqK',1697),(1700,2,'Hình ảnh tập huấn',NULL,2,'https://drive.google.com/drive/folders/10FvaNCePOlIAzEOg7Nuk6ZlhJkxXMgsP',1697),(1701,2,'Báo cáo kết quả tập huấn',NULL,2,'https://drive.google.com/drive/folders/1SnUdXTCRRWZRqe5-XWw7lEBvb9exstJT',1697),(1702,2,'Rà soát, cập nhật CTĐT',NULL,2,'https://drive.google.com/drive/folders/1lxj_XQXvNvFrF8WdMznHbC9Qr9nYPuzR',NULL),(1703,2,'Biên bản họp triển khai của Khoa/ Viện',NULL,2,'https://drive.google.com/drive/folders/1_rWiIoH7OYCVTrFEhD22pEY1oZXL4f5q',1702),(1704,2,'Biên bản họp về rà soát, cập nhật về mục tiêu, chuẩn đầu ra',NULL,2,'https://drive.google.com/drive/folders/1_io3TLi822r2aZUBsYUKiuN9vq0K1iNv',1702),(1705,2,'Biên bản họp lấy ý kiến các BLQ về mục tiêu, chuẩn đầu ra',NULL,2,'https://drive.google.com/drive/folders/1dy1O1QyM3doSwFiUQ_gJd95ShWqTlVeZ',1702),(1706,2,'Biên bản họp thống nhất về mục tiêu, chuẩn đầu ra',NULL,2,'https://drive.google.com/drive/folders/1PYh5umHgzvTY0mgKmJSev6Gj8QJbuZ83',1702),(1707,2,'Biên bản họp về rà soát, cập nhật về chương trình dạy học (khung, kế hoạch đào tạo và hướng dẫn thực hiện, GV giảng dạy dự kiến, ma trận, sơ đồ hóa chương trình dạy học)',NULL,2,'https://drive.google.com/drive/folders/1G22j4c0YxZw-LSl6v0UMniqkJLVobRWc',1702),(1708,2,'Biên bản họp lấy ý kiến các BLQ về chương trình dạy học',NULL,2,'https://drive.google.com/drive/folders/15zNIsvgXzpdx0J0U77-hMpQsJLnUl7PD',1702),(1709,2,'Biên bản họp thống nhất về chương trình dạy học',NULL,2,'https://drive.google.com/drive/folders/1yVbj81EMPe-9gEhA607njb113Lb6JUFy',1702),(1710,2,'Biên bản họp về lựa chọn và thống nhất giáo trình, tài liệu cập nhật',NULL,2,'https://drive.google.com/drive/folders/1XQbvFp7oQihjaLfKY0smy__6HIZTiwve',1702),(1711,2,'Biên bản họp nghiệm thu đề cương chi tiết học phần',NULL,2,'https://drive.google.com/drive/folders/12N5cpm6oLtonGOUmnKrSG1djx6zibbEj',1702),(1712,2,'Biên bản thống nhất về dự thảo bản mô tả chương trình đào tạo/ chương trình dạy học và phân công biên soạn và cập nhật đề cương chi tiết học phần',NULL,2,'https://drive.google.com/drive/folders/1XhJNUWmWL9GAxxdyVXHR6arXnYbOZ5_g',1702),(1713,2,'Báo cáo rà soát, cập nhật chương trình đào tạo',NULL,2,'https://drive.google.com/drive/folders/1wmv0A_4x4Y86DlR8Tk_1hAJ7FPhxxgjI',1702),(1714,2,'Thẩm định CTĐT',NULL,2,'https://drive.google.com/drive/folders/1o3q1D1hra8XXTXfRTa68QTmRbBQl5w1-',NULL),(1715,2,'Quyết định thành lập Hội đồng thẩm định',NULL,2,'https://drive.google.com/drive/folders/15dx7tWPlhmZ2ibedKnrNg6wFMKEo_28f',1714),(1716,2,'Biên bản thẩm định chương trình đào tạo của Hội đồng thẩm định (kèm các phiếu)',NULL,2,'https://drive.google.com/drive/folders/1oMC4YLHIR7QFkG6MoJWMSWnDUtteET0C',1714),(1717,2,'Quyết định thành lập Hội đồng khoa học Khoa',NULL,2,'https://drive.google.com/drive/folders/1uHFdZTmk06c4I6WVglAXEEUYXYO3xDJB',1714),(1718,2,'Biên bản thẩm định chương trình đào tạo của HĐKH Khoa',NULL,2,'https://drive.google.com/drive/folders/1iMeOo3plcdT8Bzn9CCJn6sw3w8wAliU_',1714),(1719,2,'Tuyển sinh',NULL,2,'https://drive.google.com/drive/folders/1lXcfofZBLGQysiJXm0PB8OokFvyKwDSD',NULL),(1720,2,'Cẩm nang tuyển sinh, poster, Brochure của ngành',NULL,2,'https://drive.google.com/drive/folders/1nAKyTT0DyXWjaadXsNBBDHE7216TdlnM',1719),(1721,2,'Kế hoạch tuyển sinh của Khoa',NULL,2,'https://drive.google.com/drive/folders/1u5VS7BpqrFDGiOQpdKTcFO5Ww0sXwv8k',1719),(1722,2,'Hình ảnh hoạt động tư vấn tuyển sinh',NULL,2,'https://drive.google.com/drive/folders/1jwLfAgMZt4C8UKqoXwEIroxBued5RCha',1719),(1723,2,'Báo cáo kết quả tư vấn tuyển sinh',NULL,2,'https://drive.google.com/drive/folders/1l7odlOraBvccjU02MIh4u3S1X7cD7Oam',1719),(1724,2,'Thư viện',NULL,2,'https://drive.google.com/drive/folders/1waGkQrXol0SeXyyyFBWRIubmPxqhP9JA',NULL),(1725,2,'Biên bản lựa chọn tài liệu giáo trình',NULL,2,'https://drive.google.com/drive/folders/1dZbKTX2-NA1FH0cwk8i5HUhwnLGprqj1',1724),(1726,2,'Đề nghị bổ sung giáo trình hằng năm',NULL,2,'https://drive.google.com/drive/folders/1neFQoS8UNvA8X8cO1yWRO9VoZRbOYC7W',1724),(1727,2,'Bảng thống kê danh sách tài liệu có tại thư viện',NULL,2,'https://drive.google.com/drive/folders/1_Xd9Cbtef0p0OnCOhXUGNGjhwExkJWPo',1724),(1728,2,'Giấy xác nhận tỷ lệ đáp ứng tài liệu',NULL,2,'https://drive.google.com/drive/folders/1Wz1RZ0vGiKBj4OQp8-rZw3Em52J-6XR-',1724),(1729,3,'Kế hoạch đào tạo từng học kỳ',NULL,2,'https://drive.google.com/drive/folders/1BsEKlAqHD0qHs3SDW1nhfG26W7rx20Tf',NULL),(1730,3,'Bảng theo dõi tiến độ giảng dạy từng học kỳ',NULL,2,'https://drive.google.com/drive/folders/1qNL383bFwUdUEtB-7sTBYPLsnNWsRJTf',NULL),(1731,3,'Sổ đầu bài',NULL,2,'https://drive.google.com/drive/folders/1oi7rQdL51G1dwbcqDdwtk_5QJBxI2xxs',NULL),(1732,3,'Khảo sát giảng dạy',NULL,2,'https://drive.google.com/drive/folders/1NEYnE6aVK1nItT8pizkWRmd0WmlzBdY6',NULL),(1733,3,'Kế hoạch lấy ý kiến phản hồi của NH',NULL,2,'https://drive.google.com/drive/folders/1mG52WqSVXPrHrT9oQpPT01dmfVky-EvC',1732),(1734,3,'Biểu mẫu lấy ý kiến hoặc đường link biểu mẫu',NULL,2,'https://drive.google.com/drive/folders/1v_ChC1A0kvEsmhjkl11mL_kzWNH6AIaa',1732),(1735,3,'Kết quả lấy ý kiến phản hồi',NULL,2,'https://drive.google.com/drive/folders/1ffnYIy44LaNIv8zK_79nRgnok6SFscQT',1732),(1736,3,'Sử dụng kết quả ý kiến phản hồi (gửi cho GV, họp chuyên môn)',NULL,2,'https://drive.google.com/drive/folders/1vSybqXmdgHGwYy99AH7NV-BS4egv6zL2',1732),(1737,3,'Giám sát công tác giảng dạy',NULL,2,'https://drive.google.com/drive/folders/1SFxN_N90M0NXCdef9VbvJ2-WaNXPI_lu',NULL),(1738,3,'Các biên bản ghi nhận của Ban Thanh tra',NULL,2,'https://drive.google.com/drive/folders/1ZmYgFPxW3n_ScWeQGFwLyHXIATrI40yZ',1737),(1739,3,'Cảnh báo học vụ',NULL,2,'https://drive.google.com/drive/folders/1GClZ3WlhWOHdXWSUocsSvWBX8e69zkNm',1737),(1740,3,'Công tác dự giờ',NULL,2,'https://drive.google.com/drive/folders/1RhCM1-pofaWTzGZPycLKfhaeuNGDwF3m',NULL),(1741,3,'Kế hoạch dự giờ theo từng học kỳ',NULL,2,'https://drive.google.com/drive/folders/1txlYftzkZG2sN8-x6YciLGsvdWSFqrrf',1740),(1742,3,'Biên bản đánh giá giờ giảng (từng GV)',NULL,2,'https://drive.google.com/drive/folders/13ox9iS86T0yDdbxqG3t80eJSNcGukb78',1740),(1743,3,'Phiếu đánh giá giờ giảng (từng GV)',NULL,2,'https://drive.google.com/drive/folders/1ycVx2jNJA50AJLfj6UBCcBwdSzUIr32m',1740),(1744,3,'Hình ảnh đánh giá giảng viên tại các lớp học',NULL,2,'https://drive.google.com/drive/folders/1GmCwwA5LGuqDA2vvXioTMmOWoaxeKDZ5',1740),(1745,3,'Báo cáo công tác dự giờ học kỳ',NULL,2,'https://drive.google.com/drive/folders/1bi0X7zyrV3ZM7IDO5L5ET8Fx4dfaT-vb',1740),(1746,3,'Hồ sơ môn học',NULL,2,'https://drive.google.com/drive/folders/18a2ANAB8SWbTuPj5Wn1njj823Y2VOno_',NULL),(1747,3,'Giới thiệu môn học',NULL,2,'https://drive.google.com/drive/folders/1Q3ZU9d_z9rwbaPocv2CO3_sowf1fKxAI',1746),(1748,3,'Đề cương chi tiết',NULL,2,'https://drive.google.com/drive/folders/1p-EWZkgdXwt1b921DJkCymBsO3SCtDR6',1746),(1749,3,'Hướng dẫn tự học',NULL,2,'https://drive.google.com/drive/folders/1F4fZLgD2RatIwMsKzk-rIkMpCHyAwAH_',1746),(1750,3,'Báo cáo môn học',NULL,2,'https://drive.google.com/drive/folders/13iDvp1QxnBQ-SqTMIssxd5hkVHjQ2VG2',1746),(1751,3,'Hoạt động dạy và học',NULL,2,'https://drive.google.com/drive/folders/1mQRS1-FQiImigEkuPf5HeP__fIvr-er7',NULL),(1752,3,'Minh chứng cho thấy có các hoạt động thể hiện việc học tập chủ động',NULL,2,'https://drive.google.com/drive/folders/1p2YxD-qiVTlO18MCv2yGbQNuiymyBiOA',1751),(1753,3,'Minh chứng cho thấy có các hoạt động dạy và học thúc đẩy việc học tập, hình thành và phát triển phương pháp học tập và khả năng học tập suốt đời của NH',NULL,2,'https://drive.google.com/drive/folders/1Ir8WvFKC2SVkthRIbCoI8H1Ez3VmkQ6R',1751),(1754,3,'Báo cáo, biên bản cho thấy các BLQ đánh giá, góp ý về việc hoạt động dạy và học thúc đẩy việc học tập, hình thành và phát triển phương pháp học tập và khả năng học tập suốt đời của NH',NULL,2,'https://drive.google.com/drive/folders/1Hi8ZtSl0TNDmgKIoJ41FKmDvZD8YacVJ',1751),(1755,3,'Báo cáo cải tiến các hoạt động dạy và học nhằm giúp NH học tập chủ động và giúp NH hình thành và phát triển phương pháp học tập và khả năng học tập suốt đời',NULL,2,'https://drive.google.com/drive/folders/1usl0Iynst_kliOH1V2EBjJ6-ztFMdBPo',1751),(1756,3,'Báo cáo thống kê về ý tưởng mới, sáng kiến, đổi mới sáng tạo và khởi nghiệp của NH',NULL,2,'https://drive.google.com/drive/folders/1YknWbga-pM83oLppdORjFBrxJsinSn8p',1751),(1757,3,'Báo cáo, biên bản cho thấy các BLQ đánh giá, góp ý về việc hoạt động dạy và học thúc đẩy NH đưa ra ý tưởng mới, sáng kiến, đổi mới sáng tạo và tinh thần khởi nghiệp',NULL,2,'https://drive.google.com/drive/folders/1VB1Oiv9vDgYECt2o9UPc3joHj5xlaXIZ',1751),(1758,3,'Ngân hàng đề thi',NULL,2,'https://drive.google.com/drive/folders/16o7cmqm1o2U_Taoj8BkGJFDAE6zQJoGL',NULL),(1759,3,'Kế hoạch xây dựng ngân hàng đề thi',NULL,2,'https://drive.google.com/drive/folders/1pLGN0e4CYSID0XHUygUsNFC0GwBxMuhJ',1758),(1760,3,'Biên bản thẩm định ngân hàng đề thi',NULL,2,'https://drive.google.com/drive/folders/1SYHBxUD_ZGJNynH_BkzTU0Qw0gfbCFGr',1758),(1761,3,'Ngân hàng đề thi các môn',NULL,2,'https://drive.google.com/drive/folders/1W6OYLH4mYjOlrk_CTQaCNJNcSb05-xQx',1758),(1762,3,'Báo cáo kết quả xây dựng ngân hàng đề thi',NULL,2,'https://drive.google.com/drive/folders/1k-jQlJtTu-cXnVlDi3isrDFhLGR7PKOA',1758),(1763,3,'Phiếu đăng ký hình thức thi theo học kỳ',NULL,2,'https://drive.google.com/drive/folders/1oIR89KrnRDGWAcnw52k9lMVTEj2MEj9T',1758),(1764,3,'Kết quả học tập',NULL,2,'https://drive.google.com/drive/folders/15hxhQk52fRi5k7DHuqMJk8gLPZcfun1n',NULL),(1765,3,'Các thông báo (đăng ký môn học, học phí…)',NULL,2,'https://drive.google.com/drive/folders/1AICBTE1mMl2uTMMJ8VEF8zrBVNi8VgcQ',1764),(1766,3,'Báo cáo kết quả đăng ký môn học (nghỉ học, bảo lưu…)',NULL,2,'https://drive.google.com/drive/folders/1XtQuzn6pxGNsMILm24eZKWGbZTIIoKC_',1764),(1767,3,'Kết quả học tập của SV',NULL,2,'https://drive.google.com/drive/folders/1fe50VVqSLM6Dslsy8xgD-fwWu24UO-6g',1764),(1768,3,'Các đơn, đề nghị của của SV (miễn giảm học phí, phúc khảo, gia hạn, bảo lưu…)',NULL,2,'https://drive.google.com/drive/folders/1JNtFUTXmMkimx_sx2eJ7SA2twAy9P329',1764),(1769,3,'Đánh giá rèn luyện sinh viên',NULL,2,'https://drive.google.com/drive/folders/1DNH9BskB7cdNrbuL6GTTN0e9lskF9oZF',1764),(1770,3,'Lịch tiếp sinh viên',NULL,2,'https://drive.google.com/drive/folders/1uuASLPxcIbGdeGHMsnme6GjaUWIuIYKx',1764),(1771,3,'Cảnh báo học vụ',NULL,2,'https://drive.google.com/drive/folders/1GClZ3WlhWOHdXWSUocsSvWBX8e69zkNm',1764),(1772,3,'Báo cáo công tác CVHT, GVCN',NULL,2,'https://drive.google.com/drive/folders/1A05BqcAtAvou3URkWmY-JbHQK7kun9Qj',1764),(1773,3,'Hoạt động câu lạc bộ',NULL,2,'https://drive.google.com/drive/folders/1VNblC2p5DK6WEcxFb7QL-r-tC7cD2oH8',NULL),(1774,3,'Danh sách thành viên CLB',NULL,2,'https://drive.google.com/drive/folders/1SYPGS5fE0i_haEeQLLtVzbAlHFxsbOLB',1773),(1775,3,'Kế hoạch hoạt động CLB',NULL,2,'https://drive.google.com/drive/folders/1F4IaLg1mNzMaqd5GIZXQ08Vp7fC9Y4zv',1773),(1776,3,'Các hoạt động của CLB, hình ảnh, video…',NULL,2,'https://drive.google.com/drive/folders/1ocfJQGuu8wa0c9a6HsbfEBa_ByYGtXgK',1773),(1777,3,'Báo cáo tổng kết hoạt động CLB',NULL,2,'https://drive.google.com/drive/folders/1iSGFSSlIvss6GhDj4RgsN_Ht12dcjcNx',1773),(1778,3,'Hoạt động sinh viên',NULL,2,'https://drive.google.com/drive/folders/1PTQ4FzHkR81E5viH7K_E_2r2LMxiTjk5',NULL),(1779,3,'Kế hoạch hoạt động các chi đoàn',NULL,2,'https://drive.google.com/drive/folders/10vw3FkGHWeETjDGK4SY2IXLFO39eAuG6',1778),(1780,3,'Hình ảnh hoạt động các chi đoàn',NULL,2,'https://drive.google.com/drive/folders/1PPgKhd1-P46-WvSjvWk7pnsl4l8L2t97',1778),(1781,3,'Báo cáo kết quả hoạt động của chi đoàn',NULL,2,'https://drive.google.com/drive/folders/1H04gZTCdQnAHJXXglpnGliqBM90b1z7G',1778),(1782,3,'Khảo sát ý kiến các bên liên quan về các hoạt động (phiếu và báo cáo kết quả khảo sát)',NULL,2,'https://drive.google.com/drive/folders/1gfZEQi4baqDW88cWhxdu_WOKgtCGyriM',1778),(1783,3,'Đối thoại sinh viên',NULL,2,'https://drive.google.com/drive/folders/1s2BxY1VornBG0rPdBEY5r_NKvSSLr1E_',NULL),(1784,3,'Kế hoạch tổ chức đối thoại, gặp gỡ SV',NULL,2,'https://drive.google.com/drive/folders/1VDIkHiPxTI562n-1ELb3HiFibJypuFVt',1783),(1785,3,'Nội dung đối thoại, gặp gỡ SV',NULL,2,'https://drive.google.com/drive/folders/1DHeKKGshc-WDRLzzuMQUBvyFGALdhrHl',1783),(1786,3,'Hình ảnh đối thoại, gặp gỡ SV',NULL,2,'https://drive.google.com/drive/folders/18HEIXuihV7RpmiNe8ysdNYGlSkTOPsrh',1783),(1787,3,'Báo cáo kết quả đối thoại, gặp gỡ SV',NULL,2,'https://drive.google.com/drive/folders/1neulXrIURFOHe5eLb9jXjLCzHPANfWty',1783),(1788,4,'Họp chuyên môn',NULL,2,'https://drive.google.com/drive/folders/1yF9Wa_pwBNDLa01o8hm05qZ-lGODxjUU',NULL),(1789,4,'Kế hoạch họp chuyên môn hằng tháng',NULL,2,'https://drive.google.com/drive/folders/1ZjK_jQ6A4jrZ2ygHhZdnTAD3nbHIihC1',1788),(1790,4,'Biên bản họp chuyên môn hằng tháng',NULL,2,'https://drive.google.com/drive/folders/1qKfvr34KdBrlG1mYu8GQV-LV9AtH3AZs',1788),(1791,4,'Hình ảnh họp chuyên môn hằng tháng (4 ảnh)',NULL,2,'https://drive.google.com/drive/folders/1voSwPs93X5GpDSaEbngDDfxHQzHYbdbH',1788),(1792,4,'Báo cáo họp chuyên môn hằng tháng',NULL,2,'https://drive.google.com/drive/folders/1lR-UoEoA3LJpmOU0UEwsug5o6rgqYl2B',1788),(1793,4,'Họp lớp',NULL,2,'https://drive.google.com/drive/folders/14tRqHY3Sc2BDLWucV1zehsXbziAXTxYX',NULL),(1794,4,'Biên bản họp lớp',NULL,2,'https://drive.google.com/drive/folders/1ZVEB5KwK9kTIA2t96MP_hV95N6rY8Rw-',1793),(1795,4,'Biên bản tư vấn SV',NULL,2,'https://drive.google.com/drive/folders/1TQDSTuCPcoIHrcjQEB_usuMhzbmM3FIY',1793),(1796,4,'Biên bản họp chi đoàn',NULL,2,'https://drive.google.com/drive/folders/1o_0NvhR7i_lp3KiKavguxiQfrh2MtjKZ',NULL),(1797,4,'Đánh giá KPI cá nhân',NULL,2,'https://drive.google.com/drive/folders/12mILXmxHAeAQipEE8cgD6tkhwmgBNQuG',NULL),(1798,4,'Nhật ký công việc',NULL,2,'https://drive.google.com/drive/folders/1aNWz9N3nRcnGc28OnyxdAWrmBTPLhwfP',1797),(1799,4,'Kế hoạch công việc',NULL,2,'https://drive.google.com/drive/folders/1KpxekZcRWLqQ_2ulbtN0H4XAqEIntOKS',1797),(1800,4,'Đánh giá hiệu suất',NULL,2,'https://drive.google.com/drive/folders/1CmFNi_V_vXCUkU_YwJLR1KprfKgN-zlo',1797),(1801,3,'Sổ đầu bài',NULL,2,'https://drive.google.com/drive/folders/1oi7rQdL51G1dwbcqDdwtk_5QJBxI2xxs',NULL);
/*!40000 ALTER TABLE `dim_hoat_dong` ENABLE KEYS */;
UNLOCK TABLES;

--
-- Table structure for table `dim_nkhk`
--

DROP TABLE IF EXISTS `dim_nkhk`;
/*!40101 SET @saved_cs_client     = @@character_set_client */;
/*!50503 SET character_set_client = utf8mb4 */;
CREATE TABLE `dim_nkhk` (
  `id` int NOT NULL AUTO_INCREMENT,
  `ma_nkhk` int NOT NULL,
  `thang` int NOT NULL,
  `nien_khoa` varchar(20) NOT NULL,
  `hoc_ki` varchar(10) NOT NULL,
  PRIMARY KEY (`id`)
) ENGINE=InnoDB AUTO_INCREMENT=5 DEFAULT CHARSET=utf8mb4 COLLATE=utf8mb4_0900_ai_ci;
/*!40101 SET character_set_client = @saved_cs_client */;

--
-- Dumping data for table `dim_nkhk`
--

LOCK TABLES `dim_nkhk` WRITE;
/*!40000 ALTER TABLE `dim_nkhk` DISABLE KEYS */;
INSERT INTO `dim_nkhk` VALUES (1,24253,9,'2024-2025','3'),(2,24253,10,'2024-2025','3'),(3,24253,11,'2024-2025','3'),(4,24253,12,'2024-2025','3');
/*!40000 ALTER TABLE `dim_nkhk` ENABLE KEYS */;
UNLOCK TABLES;

--
-- Table structure for table `fact_hoat_dong`
--

DROP TABLE IF EXISTS `fact_hoat_dong`;
/*!40101 SET @saved_cs_client     = @@character_set_client */;
/*!50503 SET character_set_client = utf8mb4 */;
CREATE TABLE `fact_hoat_dong` (
  `ma_fact` int NOT NULL AUTO_INCREMENT,
  `ma_hd` int NOT NULL,
  `stt` int DEFAULT NULL,
  `so_van_ban` varchar(100) DEFAULT NULL,
  `trich_yeu` text,
  `noi_ban_hanh` varchar(255) DEFAULT NULL,
  `link` text,
  `ngay_ban_hanh` varchar(255) DEFAULT NULL,
  `tai_khoan` varchar(100) NOT NULL,
  PRIMARY KEY (`ma_fact`),
  KEY `ma_hd` (`ma_hd`),
  KEY `tai_khoan` (`tai_khoan`),
  CONSTRAINT `fact_hoat_dong_ibfk_3` FOREIGN KEY (`ma_hd`) REFERENCES `dim_hoat_dong` (`ma_hd`) ON DELETE CASCADE ON UPDATE CASCADE,
  CONSTRAINT `fact_hoat_dong_ibfk_4` FOREIGN KEY (`tai_khoan`) REFERENCES `nguoi_dung` (`tai_khoan`) ON DELETE CASCADE ON UPDATE CASCADE
) ENGINE=InnoDB AUTO_INCREMENT=9 DEFAULT CHARSET=utf8mb4 COLLATE=utf8mb4_0900_ai_ci;
/*!40101 SET character_set_client = @saved_cs_client */;

--
-- Dumping data for table `fact_hoat_dong`
--

LOCK TABLES `fact_hoat_dong` WRITE;
/*!40000 ALTER TABLE `fact_hoat_dong` DISABLE KEYS */;
/*!40000 ALTER TABLE `fact_hoat_dong` ENABLE KEYS */;
UNLOCK TABLES;

--
-- Table structure for table `nganh`
--

DROP TABLE IF EXISTS `nganh`;
/*!40101 SET @saved_cs_client     = @@character_set_client */;
/*!50503 SET character_set_client = utf8mb4 */;
CREATE TABLE `nganh` (
  `ma_nganh` int NOT NULL AUTO_INCREMENT,
  `ten_nganh` varchar(50) CHARACTER SET utf8mb3 COLLATE utf8mb3_general_ci NOT NULL,
  `available` enum('True','False') NOT NULL DEFAULT 'True',
  PRIMARY KEY (`ma_nganh`)
) ENGINE=InnoDB AUTO_INCREMENT=22 DEFAULT CHARSET=utf8mb4 COLLATE=utf8mb4_0900_ai_ci;
/*!40101 SET character_set_client = @saved_cs_client */;

--
-- Dumping data for table `nganh`
--

LOCK TABLES `nganh` WRITE;
/*!40000 ALTER TABLE `nganh` DISABLE KEYS */;
INSERT INTO `nganh` VALUES (0,'Admin','True'),(1,'Công nghệ thông tin','True'),(2,'Công nghệ kĩ thuật Điện - Điện tử','True');
/*!40000 ALTER TABLE `nganh` ENABLE KEYS */;
UNLOCK TABLES;

--
-- Table structure for table `nguoi_dung`
--

DROP TABLE IF EXISTS `nguoi_dung`;
/*!40101 SET @saved_cs_client     = @@character_set_client */;
/*!50503 SET character_set_client = utf8mb4 */;
CREATE TABLE `nguoi_dung` (
  `tai_khoan` varchar(100) NOT NULL,
  `mat_khau` varchar(100) NOT NULL,
  `vai_tro` enum('admin','manager') NOT NULL,
  `ma_nganh` int DEFAULT '0',
  `email` varchar(255) CHARACTER SET utf8mb4 COLLATE utf8mb4_0900_ai_ci NOT NULL,
  PRIMARY KEY (`tai_khoan`),
  KEY `ma_nganh` (`ma_nganh`),
  CONSTRAINT `nguoi_dung_ibfk_1` FOREIGN KEY (`ma_nganh`) REFERENCES `nganh` (`ma_nganh`) ON UPDATE CASCADE
) ENGINE=InnoDB DEFAULT CHARSET=utf8mb4 COLLATE=utf8mb4_0900_ai_ci;
/*!40101 SET character_set_client = @saved_cs_client */;

--
-- Dumping data for table `nguoi_dung`
--

LOCK TABLES `nguoi_dung` WRITE;
/*!40000 ALTER TABLE `nguoi_dung` DISABLE KEYS */;
INSERT INTO `nguoi_dung` VALUES ('22050101@student.bdu.edu.vn','$2b$12$KuBe4UO2na1CV68FV50rS.VMQ2kocdOvZC2BFwHli3TMn5kahWQd.','manager',1,'22050101@student.bdu.edu.vn'),('admin','$2b$12$cwez8RABVOClmTq1VJYj8OKUIbcjuJ.ZICKRsAQSYgIYjn05UhbUS','admin',1,'');
/*!40000 ALTER TABLE `nguoi_dung` ENABLE KEYS */;
UNLOCK TABLES;
/*!40103 SET TIME_ZONE=@OLD_TIME_ZONE */;

/*!40101 SET SQL_MODE=@OLD_SQL_MODE */;
/*!40014 SET FOREIGN_KEY_CHECKS=@OLD_FOREIGN_KEY_CHECKS */;
/*!40014 SET UNIQUE_CHECKS=@OLD_UNIQUE_CHECKS */;
/*!40101 SET CHARACTER_SET_CLIENT=@OLD_CHARACTER_SET_CLIENT */;
/*!40101 SET CHARACTER_SET_RESULTS=@OLD_CHARACTER_SET_RESULTS */;
/*!40101 SET COLLATION_CONNECTION=@OLD_COLLATION_CONNECTION */;
/*!40111 SET SQL_NOTES=@OLD_SQL_NOTES */;

-- Dump completed on 2025-10-15 16:34:52
